unidade;ano;mes;setor_centro_custo;internacoes
CHPB;2019;1;CAC - CENTRO DE ACOLHIMENTO DE CRISE;34
CHPB;2019;1;UIC - UNIDADE INTERCORRENCIAS CLINICAS;2
CHPB;2019;2;CAC - CENTRO DE ACOLHIMENTO DE CRISE;30
CHPB;2019;2;UIC - UNIDADE INTERCORRENCIAS CLINICAS;2
CHPB;2019;2;UNIDADE INTERNAÇÃO - PSIQUIATRIA MÓDULO RESIDENCIAL 2;3
CHPB;2019;2;UNIDADE INTERNAÇÃO - PSIQUIATRIA MÓDULO RESIDENCIAL 4;1
CHPB;2019;3;CAC - CENTRO DE ACOLHIMENTO DE CRISE;13
CHPB;2019;3;UIC - UNIDADE INTERCORRENCIAS CLINICAS;1
CHPB;2019;3;UNIDADE INTERNAÇÃO - PSIQUIATRIA CASA LAR 2;1
CHPB;2019;4;CAC - CENTRO DE ACOLHIMENTO DE CRISE;29
CHPB;2019;5;CAC - CENTRO DE ACOLHIMENTO DE CRISE;24
CHPB;2019;5;UIC - UNIDADE INTERCORRENCIAS CLINICAS;1
CHPB;2019;5;UNIDADE INTERNAÇÃO - PSIQUIATRIA MÓDULO RESIDENCIAL 3;1
CHPB;2019;5;UNIDADE INTERNAÇÃO - PSIQUIATRIA MÓDULO RESIDENCIAL 5;2
CHPB;2019;6;CAC - CENTRO DE ACOLHIMENTO DE CRISE;31
CHPB;2019;6;UIC - UNIDADE INTERCORRENCIAS CLINICAS;1
CHPB;2019;6;UNIDADE INTERNAÇÃO - PSIQUIATRIA MÓDULO RESIDENCIAL 5;1
CHPB;2019;7;CAC - CENTRO DE ACOLHIMENTO DE CRISE;26
CHPB;2019;7;UIC - UNIDADE INTERCORRENCIAS CLINICAS;1
CHPB;2019;7;UNIDADE INTERNAÇÃO - PSIQUIATRIA MÓDULO RESIDENCIAL 4;1
CHPB;2019;8;CAC - CENTRO DE ACOLHIMENTO DE CRISE;25
CHPB;2019;9;CAC - CENTRO DE ACOLHIMENTO DE CRISE;28
CHPB;2019;9;UIC - UNIDADE INTERCORRENCIAS CLINICAS;2
CHPB;2019;9;UNIDADE INTERNAÇÃO - PSIQUIATRIA CASA LAR 2;1
CHPB;2019;10;CAC - CENTRO DE ACOLHIMENTO DE CRISE;34
CHPB;2019;10;UIC - UNIDADE INTERCORRENCIAS CLINICAS;2
CHPB;2019;10;UNIDADE INTERNAÇÃO - PSIQUIATRIA;1
CHPB;2019;10;UNIDADE INTERNAÇÃO - PSIQUIATRIA MÓDULO RESIDENCIAL 2;2
CHPB;2019;10;UNIDADE INTERNAÇÃO - PSIQUIATRIA MÓDULO RESIDENCIAL 4;1
CHPB;2019;11;CAC - CENTRO DE ACOLHIMENTO DE CRISE;29
CHPB;2019;11;UIC - UNIDADE INTERCORRENCIAS CLINICAS;4
CHPB;2019;12;CAC - CENTRO DE ACOLHIMENTO DE CRISE;24
CHPB;2019;12;UIC - UNIDADE INTERCORRENCIAS CLINICAS;3
CHPB;2019;12;UNIDADE INTERNAÇÃO - PSIQUIATRIA MÓDULO RESIDENCIAL 2;2
CHPB;2020;1;CAC - CENTRO DE ACOLHIMENTO DE CRISE;42
CHPB;2020;1;UIC - UNIDADE INTERCORRENCIAS CLINICAS;5
CHPB;2020;1;UNIDADE INTERNAÇÃO - PSIQUIATRIA MÓDULO RESIDENCIAL 4;1
CHPB;2020;2;CAC - CENTRO DE ACOLHIMENTO DE CRISE;33
CHPB;2020;2;UIC - UNIDADE INTERCORRENCIAS CLINICAS;1
CHPB;2020;3;CAC - CENTRO DE ACOLHIMENTO DE CRISE;28
CHPB;2020;3;UIC - UNIDADE INTERCORRENCIAS CLINICAS;2
CHPB;2020;4;CAC - CENTRO DE ACOLHIMENTO DE CRISE;23
CHPB;2020;4;UNIDADE DE CUIDADOS CONTINUADOS INTEGRADOS;3
CHPB;2020;5;CAC - CENTRO DE ACOLHIMENTO DE CRISE;14
CHPB;2020;5;UIC - UNIDADE INTERCORRENCIAS CLINICAS;3
CHPB;2020;5;UNIDADE DE CUIDADOS CONTINUADOS INTEGRADOS;13
CHPB;2020;6;CAC - CENTRO DE ACOLHIMENTO DE CRISE;30
CHPB;2020;6;UIC - UNIDADE INTERCORRENCIAS CLINICAS;3
CHPB;2020;6;UNIDADE DE CUIDADOS CONTINUADOS INTEGRADOS;8
CHPB;2020;7;CAC - CENTRO DE ACOLHIMENTO DE CRISE;23
CHPB;2020;7;UIC - UNIDADE INTERCORRENCIAS CLINICAS;1
CHPB;2020;7;UNIDADE DE CUIDADOS CONTINUADOS INTEGRADOS;5
CHPB;2020;7;UNIDADE INTERNAÇÃO - PSIQUIATRIA CASA LAR 1;1
CHPB;2020;7;UNIDADE INTERNAÇÃO - PSIQUIATRIA MÓDULO RESIDENCIAL 2;1
CHPB;2020;8;CAC - CENTRO DE ACOLHIMENTO DE CRISE;22
CHPB;2020;8;UIC - UNIDADE INTERCORRENCIAS CLINICAS;1
CHPB;2020;8;UNIDADE DE CUIDADOS CONTINUADOS INTEGRADOS;13
CHPB;2020;9;CAC - CENTRO DE ACOLHIMENTO DE CRISE;27
CHPB;2020;9;UIC - UNIDADE INTERCORRENCIAS CLINICAS;1
CHPB;2020;9;UNIDADE DE CUIDADOS CONTINUADOS INTEGRADOS;5
CHPB;2020;9;UNIDADE INTERNAÇÃO - PSIQUIATRIA MÓDULO RESIDENCIAL 5;1
CHPB;2020;10;CAC - CENTRO DE ACOLHIMENTO DE CRISE;24
CHPB;2020;10;UNIDADE DE CUIDADOS CONTINUADOS INTEGRADOS;4
CHPB;2020;11;CAC - CENTRO DE ACOLHIMENTO DE CRISE;19
CHPB;2020;11;UIC - UNIDADE INTERCORRENCIAS CLINICAS;1
CHPB;2020;11;UNIDADE DE CUIDADOS CONTINUADOS INTEGRADOS;7
CHPB;2020;11;UNIDADE INTERNAÇÃO - PSIQUIATRIA MÓDULO RESIDENCIAL 5;1
CHPB;2020;12;CAC - CENTRO DE ACOLHIMENTO DE CRISE;26
CHPB;2020;12;UIC - UNIDADE INTERCORRENCIAS CLINICAS;1
CHPB;2020;12;UNIDADE DE CUIDADOS CONTINUADOS INTEGRADOS;2
CHPB;2021;1;CAC - CENTRO DE ACOLHIMENTO DE CRISE;30
CHPB;2021;1;UIC - UNIDADE INTERCORRENCIAS CLINICAS;3
CHPB;2021;1;UNIDADE DE CUIDADOS CONTINUADOS INTEGRADOS;3
CHPB;2021;2;CAC - CENTRO DE ACOLHIMENTO DE CRISE;25
CHPB;2021;2;UIC - UNIDADE INTERCORRENCIAS CLINICAS;5
CHPB;2021;3;CAC - CENTRO DE ACOLHIMENTO DE CRISE;14
CHPB;2021;3;UNIDADE DE CUIDADOS CONTINUADOS INTEGRADOS;2
CHPB;2021;3;UNIDADE INTERNAÇÃO - PSIQUIATRIA;13
CHPB;2021;4;UNIDADE DE CUIDADOS CONTINUADOS INTEGRADOS;5
CHPB;2021;4;UNIDADE DE TRATAMENTO CLINICO;1
CHPB;2021;4;UNIDADE INTERNAÇÃO - PSIQUIATRIA;29
CHPB;2021;5;UNIDADE DE CUIDADOS CONTINUADOS INTEGRADOS;2
CHPB;2021;5;UNIDADE DE TRATAMENTO CLINICO;1
CHPB;2021;5;UNIDADE INTERNAÇÃO - PSIQUIATRIA;23
CHPB;2021;6;UNIDADE DE CUIDADOS CONTINUADOS INTEGRADOS;6
CHPB;2021;6;UNIDADE DE TRATAMENTO CLINICO;1
CHPB;2021;6;UNIDADE INTERNAÇÃO - PSIQUIATRIA;30
CHPB;2021;7;UNIDADE DE CUIDADOS CONTINUADOS INTEGRADOS;3
CHPB;2021;7;UNIDADE DE TRATAMENTO CLINICO;1
CHPB;2021;7;UNIDADE INTERNAÇÃO - PSIQUIATRIA;27
CHPB;2021;8;UNIDADE DE CUIDADOS CONTINUADOS INTEGRADOS;4
CHPB;2021;8;UNIDADE DE TRATAMENTO CLINICO;2
CHPB;2021;8;UNIDADE INTERNAÇÃO - PSIQUIATRIA;17
CHPB;2021;9;UNIDADE DE CUIDADOS CONTINUADOS INTEGRADOS;7
CHPB;2021;9;UNIDADE DE TRATAMENTO CLINICO;2
CHPB;2021;9;UNIDADE INTERNAÇÃO - PSIQUIATRIA;40
CHPB;2021;10;UNIDADE DE CUIDADOS CONTINUADOS INTEGRADOS;9
CHPB;2021;10;UNIDADE INTERNAÇÃO - PSIQUIATRIA;34
CHPB;2021;11;LAR INCLUSIVO C;1
CHPB;2021;11;UNIDADE DE CUIDADOS CONTINUADOS INTEGRADOS;10
CHPB;2021;11;UNIDADE INTERNAÇÃO - PSIQUIATRIA;21
CHPB;2021;12;UNIDADE DE CUIDADOS CONTINUADOS INTEGRADOS;7
CHPB;2021;12;UNIDADE INTERNAÇÃO - PSIQUIATRIA;18
CHPB;2022;1;UNIDADE DE CUIDADOS CONTINUADOS INTEGRADOS;7
CHPB;2022;1;UNIDADE INTERNAÇÃO - PSIQUIATRIA;21
CHPB;2022;2;UNIDADE DE CUIDADOS CONTINUADOS INTEGRADOS;10
CHPB;2022;2;UNIDADE INTERNAÇÃO - PSIQUIATRIA;17
CHPB;2022;3;UNIDADE DE CUIDADOS CONTINUADOS INTEGRADOS;7
CHPB;2022;3;UNIDADE INTERNAÇÃO - PSIQUIATRIA;32
CHPB;2022;4;UNIDADE DE CUIDADOS CONTINUADOS INTEGRADOS;9
CHPB;2022;4;UNIDADE INTERNAÇÃO - PSIQUIATRIA;20
CHPB;2022;5;UNIDADE DE CUIDADOS CONTINUADOS INTEGRADOS;11
CHPB;2022;5;UNIDADE INTERNAÇÃO - PSIQUIATRIA;20
CHPB;2022;6;UNIDADE DE CUIDADOS CONTINUADOS INTEGRADOS;5
CHPB;2022;6;UNIDADE INTERNAÇÃO - PSIQUIATRIA;26
CHPB;2022;7;UNIDADE DE CUIDADOS CONTINUADOS INTEGRADOS;12
CHPB;2022;7;UNIDADE INTERNAÇÃO - PSIQUIATRIA;33
CHPB;2022;8;CAC - CENTRO DE ACOLHIMENTO DE CRISE;26
CHPB;2022;8;UNIDADE DE CUIDADOS CONTINUADOS INTEGRADOS;16
CHPB;2022;8;UNIDADE INTERNAÇÃO - PSIQUIATRIA;7
CHPB;2022;9;CAC - CENTRO DE ACOLHIMENTO DE CRISE;21
CHPB;2022;9;UNIDADE DE CUIDADOS CONTINUADOS INTEGRADOS;15
CHPB;2022;10;CAC - CENTRO DE ACOLHIMENTO DE CRISE;24
CHPB;2022;10;UNIDADE DE CUIDADOS CONTINUADOS INTEGRADOS;9
CHPB;2022;11;CAC - CENTRO DE ACOLHIMENTO DE CRISE;17
CHPB;2022;11;UNIDADE DE CUIDADOS CONTINUADOS INTEGRADOS;12
CHPB;2022;12;CAC - CENTRO DE ACOLHIMENTO DE CRISE;31
CHPB;2022;12;LAR INCLUSIVO D;1
CHPB;2022;12;UNIDADE DE CUIDADOS CONTINUADOS INTEGRADOS;11
CHPB;2023;1;CAC - CENTRO DE ACOLHIMENTO DE CRISE;34
CHPB;2023;1;UNIDADE DE CUIDADOS CONTINUADOS INTEGRADOS;21
CHPB;2023;2;CAC - CENTRO DE ACOLHIMENTO DE CRISE;20
CHPB;2023;2;LAR INCLUSIVO B;1
CHPB;2023;2;UNIDADE DE CUIDADOS CONTINUADOS INTEGRADOS;8
CHPB;2023;3;CAC - CENTRO DE ACOLHIMENTO DE CRISE;31
CHPB;2023;3;LAR INCLUSIVO B;1
CHPB;2023;3;UNIDADE DE CUIDADOS CONTINUADOS INTEGRADOS;18
CHPB;2023;4;CAC - CENTRO DE ACOLHIMENTO DE CRISE;27
CHPB;2023;4;UNIDADE DE CUIDADOS CONTINUADOS INTEGRADOS;17
CHPB;2023;5;CAC - CENTRO DE ACOLHIMENTO DE CRISE;35
CHPB;2023;5;LAR INCLUSIVO C;1
CHPB;2023;5;UNIDADE DE CUIDADOS CONTINUADOS INTEGRADOS;20
CHPB;2023;6;CAC - CENTRO DE ACOLHIMENTO DE CRISE;34
CHPB;2023;6;UNIDADE DE CUIDADOS CONTINUADOS INTEGRADOS;15
CHPB;2023;6;UNIDADE INTERNAÇÃO - PSIQUIATRIA;2
CHPB;2023;7;CAC - CENTRO DE ACOLHIMENTO DE CRISE;39
CHPB;2023;7;UNIDADE DE CUIDADOS CONTINUADOS INTEGRADOS;14
CHPB;2023;8;CAC - CENTRO DE ACOLHIMENTO DE CRISE;15
CHPB;2023;8;UNIDADE DE CUIDADOS CONTINUADOS INTEGRADOS;15
CHPB;2023;9;CAC - CENTRO DE ACOLHIMENTO DE CRISE;27
CHPB;2023;9;UNIDADE DE CUIDADOS CONTINUADOS INTEGRADOS;13
CHPB;2023;9;UNIDADE INTERNAÇÃO - PSIQUIATRIA;2
CHPB;2023;10;CAC - CENTRO DE ACOLHIMENTO DE CRISE;27
CHPB;2023;10;UNIDADE DE CUIDADOS CONTINUADOS INTEGRADOS;9
CHPB;2023;11;CAC - CENTRO DE ACOLHIMENTO DE CRISE;27
CHPB;2023;11;UNIDADE DE CUIDADOS CONTINUADOS INTEGRADOS;17
CHPB;2023;11;UNIDADE INTERNAÇÃO - PSIQUIATRIA;1
CHPB;2023;12;CAC - CENTRO DE ACOLHIMENTO DE CRISE;20
CHPB;2023;12;UNIDADE DE CUIDADOS CONTINUADOS INTEGRADOS;11
CHPB;2023;12;UNIDADE INTERNAÇÃO - PSIQUIATRIA;1
CHPB;2024;1;CAC - CENTRO DE ACOLHIMENTO DE CRISE;29
CHPB;2024;1;UNIDADE DE CUIDADOS CONTINUADOS INTEGRADOS;17
CHPB;2024;2;CAC - CENTRO DE ACOLHIMENTO DE CRISE;31
CHPB;2024;2;UNIDADE DE CUIDADOS CONTINUADOS INTEGRADOS;19
CHPB;2024;3;CAC - CENTRO DE ACOLHIMENTO DE CRISE;22
CHPB;2024;3;UNIDADE DE CUIDADOS CONTINUADOS INTEGRADOS;21
CHPB;2024;4;CAC - CENTRO DE ACOLHIMENTO DE CRISE;30
CHPB;2024;4;UNIDADE DE CUIDADOS CONTINUADOS INTEGRADOS;16
CHPB;2024;5;CAC - CENTRO DE ACOLHIMENTO DE CRISE;24
CHPB;2024;5;UNIDADE DE CUIDADOS CONTINUADOS INTEGRADOS;8
CHPB;2024;6;UIP-MASCULINA/CHPB/CHB;6
CHPB;2024;6;UNIDADE DE CUIDADOS CONTINUADOS INTEGRADOS;3
CHPB;2024;7;UIP-FEMININA/CHPB/CHB;5
CHPB;2024;7;UIP-MASCULINA/CHPB/CHB;20
CHPB;2024;7;UNIDADE DE CUIDADOS PROLONGADOS/CHPB/CHB;19
CHPB;2024;8;UIP-FEMININA/CHPB/CHB;13
CHPB;2024;8;UIP-MASCULINA/CHPB/CHB;15
CHPB;2024;8;UNIDADE DE CUIDADOS PROLONGADOS/CHPB/CHB;16
CHPB;2024;9;LAR INCLUSIVO B/CHPB/CHB;1
CHPB;2024;9;UIP-FEMININA/CHPB/CHB;3
CHPB;2024;9;UIP-MASCULINA/CHPB/CHB;21
CHPB;2024;9;UNIDADE DE CUIDADOS PROLONGADOS/CHPB/CHB;12
CHPB;2024;10;UIP-FEMININA/CHPB/CHB;14
CHPB;2024;10;UIP-MASCULINA/CHPB/CHB;17
CHPB;2024;10;UNIDADE DE CUIDADOS PROLONGADOS/CHPB/CHB;28
CHPB;2024;11;LAR INCLUSIVO A/CHPB/CHB;1
CHPB;2024;11;LAR INCLUSIVO B/CHPB/CHB;1
CHPB;2024;11;UIP-FEMININA/CHPB/CHB;12
CHPB;2024;11;UIP-MASCULINA/CHPB/CHB;22
CHPB;2024;11;UNIDADE DE CUIDADOS PROLONGADOS/CHPB/CHB;20
CHPB;2024;12;UIP-FEMININA/CHPB/CHB;7
CHPB;2024;12;UIP-MASCULINA/CHPB/CHB;18
CHPB;2024;12;UNIDADE DE CUIDADOS PROLONGADOS/CHPB/CHB;13
CHPB;2025;1;LAR INCLUSIVO B/CHPB/CHB;3
CHPB;2025;1;UIP-FEMININA/CHPB/CHB;9
CHPB;2025;1;UIP-MASCULINA/CHPB/CHB;26
CHPB;2025;1;UNIDADE DE CUIDADOS PROLONGADOS/CHPB/CHB;17
CHPB;2025;2;UIP-FEMININA/CHPB/CHB;14
CHPB;2025;2;UIP-MASCULINA/CHPB/CHB;19
CHPB;2025;2;UNIDADE DE CUIDADOS PROLONGADOS/CHPB/CHB;17
CHPB;2025;3;UIP-FEMININA/CHPB/CHB;11
CHPB;2025;3;UIP-MASCULINA/CHPB/CHB;11
CHPB;2025;3;UNIDADE DE CUIDADOS PROLONGADOS/CHPB/CHB;15
CHPB;2025;4;UIP-FEMININA/CHPB/CHB;8
CHPB;2025;4;UIP-MASCULINA/CHPB/CHB;16
CHPB;2025;4;UNIDADE DE CUIDADOS PROLONGADOS/CHPB/CHB;17
CHPB;2025;5;UIP-FEMININA/CHPB/CHB;12
CHPB;2025;5;UIP-MASCULINA/CHPB/CHB;16
CHPB;2025;5;UNIDADE DE CUIDADOS PROLONGADOS/CHPB/CHB;24
CHPB;2025;6;UIP-FEMININA/CHPB/CHB;8
CHPB;2025;6;UIP-MASCULINA/CHPB/CHB;18
CHPB;2025;6;UNIDADE DE CUIDADOS PROLONGADOS/CHPB/CHB;20
CHPB;2025;7;UIP-FEMININA/CHPB/CHB;12
CHPB;2025;7;UIP-MASCULINA/CHPB/CHB;18
CHPB;2025;7;UNIDADE DE CUIDADOS PROLONGADOS/CHPB/CHB;29
CHPB;2025;8;UIP-FEMININA/CHPB/CHB;8
CHPB;2025;8;UIP-MASCULINA/CHPB/CHB;13
CHPB;2025;8;UNIDADE DE CUIDADOS PROLONGADOS/CHPB/CHB;18
CHPB;2025;9;LAR INCLUSIVO A/CHPB/CHB;1
CHPB;2025;9;UIP-FEMININA/CHPB/CHB;4
CHPB;2025;9;UIP-MASCULINA/CHPB/CHB;15
CHPB;2025;9;UNIDADE DE CUIDADOS PROLONGADOS/CHPB/CHB;13
CHPB;2025;10;UIP-FEMININA/CHPB/CHB;6
CHPB;2025;10;UIP-MASCULINA/CHPB/CHB;14
CHPB;2025;10;UNIDADE DE CUIDADOS PROLONGADOS/CHPB/CHB;20
CHPB;2025;11;UIP-FEMININA/CHPB/CHB;5
CHPB;2025;11;UIP-MASCULINA/CHPB/CHB;11
CHPB;2025;11;UNIDADE DE CUIDADOS PROLONGADOS/CHPB/CHB;13
CHPB;2025;12;UIP-FEMININA/CHPB/CHB;9
CHPB;2025;12;UIP-MASCULINA/CHPB/CHB;11
CHPB;2025;12;UNIDADE DE CUIDADOS PROLONGADOS/CHPB/CHB;22
CHPB;2026;1;UIP-FEMININA/CHPB/CHB;8
CHPB;2026;1;UIP-MASCULINA/CHPB/CHB;15
CHPB;2026;1;UNIDADE DE CUIDADOS PROLONGADOS/CHPB/CHB;19
CHPB;2026;2;LAR INCLUSIVO A/CHPB/CHB;1
CHPB;2026;2;UIP-FEMININA/CHPB/CHB;9
CHPB;2026;2;UIP-MASCULINA/CHPB/CHB;14
CHPB;2026;2;UNIDADE DE CUIDADOS PROLONGADOS/CHPB/CHB;18
CHPB;2026;3;LAR INCLUSIVO B/CHPB/CHB;1
CHPB;2026;3;UIP-FEMININA/CHPB/CHB;9
CHPB;2026;3;UIP-MASCULINA/CHPB/CHB;13
CHPB;2026;3;UNIDADE DE CUIDADOS PROLONGADOS/CHPB/CHB;22
CHPB;2026;4;UIP-FEMININA/CHPB/CHB;3
CHPB;2026;4;UIP-MASCULINA/CHPB/CHB;11
CHPB;2026;4;UNIDADE DE CUIDADOS PROLONGADOS/CHPB/CHB;28
CHPB;2026;5;UIP-FEMININA/CHPB/CHB;10
CHPB;2026;5;UIP-MASCULINA/CHPB/CHB;7
CHPB;2026;5;UNIDADE DE CUIDADOS PROLONGADOS/CHPB/CHB;14
CHPB;2026;6;UIP-FEMININA/CHPB/CHB;9
CHPB;2026;6;UIP-MASCULINA/CHPB/CHB;10
CHPB;2026;6;UNIDADE DE CUIDADOS PROLONGADOS/CHPB/CHB;25
CHPB;2026;7;UIP-FEMININA/CHPB/CHB;7
CHPB;2026;7;UIP-MASCULINA/CHPB/CHB;14
CHPB;2026;7;UNIDADE DE CUIDADOS PROLONGADOS/CHPB/CHB;26
CSPD;2019;1;UNIDADE INTERNAÇÃO - CLINICA MÉDICA;34
CSPD;2019;2;UNIDADE INTERNAÇÃO - CLINICA MÉDICA;45
CSPD;2019;3;UNIDADE INTERNAÇÃO - CLINICA MÉDICA;33
CSPD;2019;4;UNIDADE INTERNAÇÃO - CLINICA MÉDICA;36
CSPD;2019;5;UNIDADE INTERNAÇÃO - CLINICA MÉDICA;35
CSPD;2019;6;UNIDADE INTERNAÇÃO - CLINICA MÉDICA;51
CSPD;2019;7;UNIDADE INTERNAÇÃO - CLINICA MÉDICA;31
CSPD;2019;8;UNIDADE INTERNAÇÃO - CLINICA MÉDICA;38
CSPD;2019;9;UNIDADE INTERNAÇÃO - CLINICA MÉDICA;44
CSPD;2019;10;UNIDADE INTERNAÇÃO - CLINICA MÉDICA;24
CSPD;2019;11;UNIDADE INTERNAÇÃO - CLINICA MÉDICA;32
CSPD;2019;12;UNIDADE INTERNAÇÃO - CLINICA MÉDICA;31
CSPD;2020;1;UNIDADE INTERNAÇÃO - CLINICA MÉDICA;49
CSPD;2020;2;UNIDADE INTERNAÇÃO - CLINICA MÉDICA;40
CSPD;2020;3;UNIDADE INTERNAÇÃO - CLINICA MÉDICA;34
CSPD;2020;4;UNIDADE INTERNAÇÃO - CLINICA MÉDICA;16
CSPD;2020;5;UNIDADE INTERNAÇÃO - CLINICA MÉDICA;23
CSPD;2020;6;UNIDADE INTERNAÇÃO - CLINICA MÉDICA;23
CSPD;2020;7;UNIDADE INTERNAÇÃO - CLINICA MÉDICA;14
CSPD;2020;8;UNIDADE INTERNAÇÃO - CLINICA MÉDICA;27
CSPD;2020;9;UNIDADE INTERNAÇÃO - CLINICA MÉDICA;31
CSPD;2020;10;UNIDADE INTERNAÇÃO - CLINICA MÉDICA;29
CSPD;2020;11;UNIDADE INTERNAÇÃO - CLINICA MÉDICA;22
CSPD;2020;12;UNIDADE INTERNAÇÃO - CLINICA MÉDICA;26
CSPD;2021;1;UNIDADE INTERNAÇÃO - CLINICA MÉDICA;29
CSPD;2021;2;UNIDADE INTERNAÇÃO - CLINICA MÉDICA;34
CSPD;2021;3;UNIDADE INTERNAÇÃO - CLINICA MÉDICA;24
CSPD;2021;4;UNIDADE INTERNAÇÃO - CLINICA MÉDICA;31
CSPD;2021;5;UNIDADE INTERNAÇÃO - CLINICA MÉDICA;27
CSPD;2021;6;UNIDADE INTERNAÇÃO - CLINICA MÉDICA;38
CSPD;2021;7;UNIDADE INTERNAÇÃO - CLINICA MÉDICA;32
CSPD;2021;8;UNIDADE INTERNAÇÃO - CLINICA MÉDICA;36
CSPD;2021;9;UNIDADE INTERNAÇÃO - CLINICA MÉDICA;25
CSPD;2021;10;UNIDADE INTERNAÇÃO - CLINICA MÉDICA;28
CSPD;2021;11;UNIDADE INTERNAÇÃO - CLINICA MÉDICA;43
CSPD;2021;12;UNIDADE INTERNAÇÃO - CLINICA MÉDICA;38
CSPD;2022;1;UNIDADE INTERNAÇÃO - CLINICA MÉDICA;32
CSPD;2022;2;UNIDADE INTERNAÇÃO - CLINICA MÉDICA;18
CSPD;2022;3;UNIDADE INTERNAÇÃO - CLINICA MÉDICA;42
CSPD;2022;4;UNIDADE INTERNAÇÃO - CLINICA MÉDICA;40
CSPD;2022;5;UNIDADE INTERNAÇÃO - CLINICA MÉDICA;56
CSPD;2022;6;UNIDADE INTERNAÇÃO - CLINICA MÉDICA;41
CSPD;2022;7;UNIDADE INTERNAÇÃO - CLINICA MÉDICA;38
CSPD;2022;8;UNIDADE INTERNAÇÃO - CLINICA MÉDICA;45
CSPD;2022;9;UNIDADE INTERNAÇÃO - CLINICA MÉDICA;35
CSPD;2022;10;UNIDADE DE CUIDADOS CONTINUADOS INTEGRADOS;3
CSPD;2022;10;UNIDADE INTERNAÇÃO - CLINICA MÉDICA;22
CSPD;2022;11;UNIDADE DE CUIDADOS CONTINUADOS INTEGRADOS;6
CSPD;2022;11;UNIDADE INTERNAÇÃO - CLINICA MÉDICA;27
CSPD;2022;12;UNIDADE DE CUIDADOS CONTINUADOS INTEGRADOS;6
CSPD;2022;12;UNIDADE INTERNAÇÃO - CLINICA MÉDICA;18
CSPD;2023;1;UNIDADE DE CUIDADOS CONTINUADOS INTEGRADOS;14
CSPD;2023;1;UNIDADE INTERNAÇÃO - CLINICA MÉDICA;31
CSPD;2023;2;UNIDADE DE CUIDADOS CONTINUADOS INTEGRADOS;2
CSPD;2023;2;UNIDADE INTERNAÇÃO - CLINICA MÉDICA;26
CSPD;2023;3;UNIDADE DE CUIDADOS CONTINUADOS INTEGRADOS;8
CSPD;2023;3;UNIDADE INTERNAÇÃO - CLINICA MÉDICA;28
CSPD;2023;4;UNIDADE DE CUIDADOS CONTINUADOS INTEGRADOS;4
CSPD;2023;4;UNIDADE INTERNAÇÃO - CLINICA MÉDICA;23
CSPD;2023;5;UNIDADE DE CUIDADOS CONTINUADOS INTEGRADOS;8
CSPD;2023;5;UNIDADE INTERNAÇÃO - CLINICA MÉDICA;37
CSPD;2023;6;UNIDADE DE CUIDADOS CONTINUADOS INTEGRADOS;6
CSPD;2023;6;UNIDADE INTERNAÇÃO - CLINICA MÉDICA;25
CSPD;2023;7;UNIDADE DE CUIDADOS CONTINUADOS INTEGRADOS;6
CSPD;2023;7;UNIDADE INTERNAÇÃO - CLINICA MÉDICA;27
CSPD;2023;8;UNIDADE DE CUIDADOS CONTINUADOS INTEGRADOS;8
CSPD;2023;8;UNIDADE INTERNAÇÃO - CLINICA MÉDICA;28
CSPD;2023;9;UNIDADE DE CUIDADOS CONTINUADOS INTEGRADOS;6
CSPD;2023;9;UNIDADE INTERNAÇÃO - CLINICA MÉDICA;26
CSPD;2023;10;UNIDADE DE CUIDADOS CONTINUADOS INTEGRADOS;18
CSPD;2023;10;UNIDADE INTERNAÇÃO - CLINICA MÉDICA;11
CSPD;2023;11;UNIDADE DE CUIDADOS CONTINUADOS INTEGRADOS;1
CSPD;2023;11;UNIDADE DE INTERNAÇÃO DE CUIDADOS PROLONGADOS;28
CSPD;2023;12;UNIDADE DE INTERNAÇÃO DE CUIDADOS PROLONGADOS;45
CSPD;2024;1;UNIDADE DE INTERNAÇÃO DE CUIDADOS PROLONGADOS;46
CSPD;2024;2;UNIDADE DE INTERNAÇÃO DE CUIDADOS PROLONGADOS;27
CSPD;2024;3;UNIDADE DE INTERNAÇÃO DE CUIDADOS PROLONGADOS;50
CSPD;2024;4;UNIDADE DE INTERNAÇÃO DE CUIDADOS PROLONGADOS;52
CSPD;2024;5;UNIDADE DE INTERNAÇÃO DE CUIDADOS PROLONGADOS;38
CSPD;2024;6;UNIDADE DE INTERNAÇÃO DE CUIDADOS PROLONGADOS;33
CSPD;2024;7;UNIDADE DE INTERNAÇÃO DE CUIDADOS PROLONGADOS;40
CSSFA;2019;1;UNIDADE DE INTERNACAO CCI Cuidados Continuados Integ;21
CSSFA;2019;2;UNIDADE DE INTERNACAO CCI Cuidados Continuados Integ;14
CSSFA;2019;3;UNIDADE DE INTERNACAO CCI Cuidados Continuados Integ;11
CSSFA;2019;4;UNIDADE DE INTERNACAO CCI Cuidados Continuados Integ;19
CSSFA;2019;5;UNIDADE DE INTERNACAO CCI Cuidados Continuados Integ;12
CSSFA;2019;5;UNIDADE INTERNAÇÃO - CLINICA MÉDICA;2
CSSFA;2019;6;UNIDADE DE INTERNACAO CCI Cuidados Continuados Integ;16
CSSFA;2019;7;UNIDADE DE INTERNACAO CCI Cuidados Continuados Integ;22
CSSFA;2019;7;UNIDADE INTERNAÇÃO - CLINICA MÉDICA;2
CSSFA;2019;8;UNIDADE DE INTERNACAO CCI Cuidados Continuados Integ;11
CSSFA;2019;8;UNIDADE INTERNAÇÃO - CLINICA MÉDICA;2
CSSFA;2019;9;UNIDADE DE INTERNACAO CCI Cuidados Continuados Integ;10
CSSFA;2019;10;UNIDADE DE INTERNACAO CCI Cuidados Continuados Integ;14
CSSFA;2019;10;UNIDADE INTERNAÇÃO - CLINICA CIRURGICA;3
CSSFA;2019;10;UNIDADE INTERNAÇÃO - CLINICA MÉDICA;3
CSSFA;2019;11;UNIDADE DE INTERNACAO CCI Cuidados Continuados Integ;10
CSSFA;2019;11;UNIDADE INTERNAÇÃO - CLINICA CIRURGICA;11
CSSFA;2019;11;UNIDADE INTERNAÇÃO - CLINICA MÉDICA;2
CSSFA;2019;12;UNIDADE DE INTERNACAO CCI Cuidados Continuados Integ;4
CSSFA;2019;12;UNIDADE INTERNAÇÃO - CLINICA CIRURGICA;12
CSSFA;2019;12;UNIDADE INTERNAÇÃO - CLINICA MÉDICA;5
CSSFA;2020;1;UNIDADE DE INTERNACAO CCI Cuidados Continuados Integ;24
CSSFA;2020;2;UNIDADE DE INTERNACAO CCI Cuidados Continuados Integ;15
CSSFA;2020;2;UNIDADE INTERNAÇÃO - CLINICA MÉDICA;1
CSSFA;2020;3;UNIDADE DE INTERNACAO CCI Cuidados Continuados Integ;13
CSSFA;2020;3;UNIDADE INTERNAÇÃO - CLINICA CIRURGICA;1
CSSFA;2020;3;UNIDADE INTERNAÇÃO - CLINICA MÉDICA;2
CSSFA;2020;4;UNIDADE DE INTERNACAO CCI Cuidados Continuados Integ;7
CSSFA;2020;4;UNIDADE INTERNAÇÃO - CLINICA MÉDICA;1
CSSFA;2020;5;UNIDADE DE INTERNACAO CCI Cuidados Continuados Integ;16
CSSFA;2020;6;UNIDADE DE INTERNACAO CCI Cuidados Continuados Integ;9
CSSFA;2020;7;UNIDADE DE INTERNACAO CCI Cuidados Continuados Integ;14
CSSFA;2020;8;UNIDADE DE INTERNACAO CCI Cuidados Continuados Integ;17
CSSFA;2020;8;UNIDADE INTERNAÇÃO - CLINICA MÉDICA;1
CSSFA;2020;9;UNIDADE DE INTERNACAO CCI Cuidados Continuados Integ;23
CSSFA;2020;10;UNIDADE DE INTERNACAO CCI Cuidados Continuados Integ;7
CSSFA;2020;11;UNIDADE DE INTERNACAO CCI Cuidados Continuados Integ;28
CSSFA;2020;11;UNIDADE INTERNAÇÃO - CLINICA MÉDICA;1
CSSFA;2020;12;UNIDADE DE INTERNACAO CCI Cuidados Continuados Integ;18
CSSFA;2020;12;UNIDADE INTERNAÇÃO - CLINICA MÉDICA;3
CSSFA;2021;1;UNIDADE DE INTERNACAO CCI Cuidados Continuados Integ;26
CSSFA;2021;1;UNIDADE INTERNAÇÃO - CLINICA MÉDICA;1
CSSFA;2021;2;UNIDADE DE INTERNACAO CCI Cuidados Continuados Integ;18
CSSFA;2021;2;UNIDADE INTERNAÇÃO - CLINICA MÉDICA;2
CSSFA;2021;3;UNIDADE DE INTERNACAO CCI Cuidados Continuados Integ;22
CSSFA;2021;4;UNIDADE DE INTERNACAO CCI Cuidados Continuados Integ;27
CSSFA;2021;4;UNIDADE INTERNAÇÃO - CLINICA MÉDICA;1
CSSFA;2021;5;UNIDADE DE INTERNACAO CCI Cuidados Continuados Integ;27
CSSFA;2021;5;UNIDADE INTERNAÇÃO - CLINICA MÉDICA;4
CSSFA;2021;6;UNIDADE DE INTERNACAO CCI Cuidados Continuados Integ;26
CSSFA;2021;6;UNIDADE INTERNAÇÃO - CLINICA MÉDICA;3
CSSFA;2021;7;UNIDADE DE INTERNACAO CCI Cuidados Continuados Integ;24
CSSFA;2021;7;UNIDADE INTERNAÇÃO - CLINICA MÉDICA;3
CSSFA;2021;8;UNIDADE DE INTERNACAO CCI Cuidados Continuados Integ;30
CSSFA;2021;8;UNIDADE INTERNAÇÃO - CLINICA MÉDICA;1
CSSFA;2021;9;UNIDADE DE INTERNACAO CCI Cuidados Continuados Integ;19
CSSFA;2021;9;UNIDADE INTERNAÇÃO - CLINICA MÉDICA;2
CSSFA;2021;10;UNIDADE DE INTERNACAO CCI Cuidados Continuados Integ;17
CSSFA;2021;10;UNIDADE INTERNAÇÃO - CLINICA MÉDICA;6
CSSFA;2021;11;UNIDADE DE INTERNACAO CCI Cuidados Continuados Integ;23
CSSFA;2021;12;UNIDADE DE INTERNACAO CCI Cuidados Continuados Integ;13
CSSFA;2022;1;UNIDADE DE INTERNACAO CCI Cuidados Continuados Integ;22
CSSFA;2022;2;UNIDADE DE INTERNACAO CCI Cuidados Continuados Integ;18
CSSFA;2022;2;UNIDADE INTERNAÇÃO - CLINICA MÉDICA;1
CSSFA;2022;3;UNIDADE DE INTERNACAO CCI Cuidados Continuados Integ;30
CSSFA;2022;4;UNIDADE DE INTERNACAO CCI Cuidados Continuados Integ;18
CSSFA;2022;5;UNIDADE DE INTERNACAO CCI Cuidados Continuados Integ;35
CSSFA;2022;6;UNIDADE DE INTERNACAO CCI Cuidados Continuados Integ;23
CSSFA;2022;6;UNIDADE INTERNAÇÃO - CLINICA MÉDICA;3
CSSFA;2022;7;UNIDADE DE INTERNACAO CCI Cuidados Continuados Integ;29
CSSFA;2022;7;UNIDADE INTERNAÇÃO - CLINICA MÉDICA;3
CSSFA;2022;8;UNIDADE DE INTERNACAO CCI Cuidados Continuados Integ;28
CSSFA;2022;9;UNIDADE DE INTERNACAO CCI Cuidados Continuados Integ;21
CSSFA;2022;10;UNIDADE DE INTERNACAO CCI Cuidados Continuados Integ;23
CSSFA;2022;11;UNIDADE DE INTERNACAO CCI Cuidados Continuados Integ;14
CSSFA;2022;12;UNIDADE DE INTERNACAO CCI Cuidados Continuados Integ;22
CSSFA;2023;1;UNIDADE DE INTERNACAO CCI Cuidados Continuados Integ;23
CSSFA;2023;2;UNIDADE DE INTERNACAO CCI Cuidados Continuados Integ;8
CSSFA;2023;3;UNIDADE DE INTERNACAO CCI Cuidados Continuados Integ;26
CSSFA;2023;4;UNIDADE DE INTERNACAO CCI Cuidados Continuados Integ;20
CSSFA;2023;5;UNIDADE DE INTERNACAO CCI Cuidados Continuados Integ;17
CSSFA;2023;5;UNIDADE INTERNAÇÃO - CLINICA MÉDICA;3
CSSFA;2023;6;UNIDADE DE INTERNACAO CCI Cuidados Continuados Integ;17
CSSFA;2023;6;UNIDADE INTERNAÇÃO - CLINICA MÉDICA;6
CSSFA;2023;7;UNIDADE DE INTERNACAO CCI Cuidados Continuados Integ;12
CSSFA;2023;7;UNIDADE INTERNAÇÃO - CLINICA MÉDICA;3
CSSFA;2023;8;UNIDADE DE INTERNACAO CCI Cuidados Continuados Integ;14
CSSFA;2023;8;UNIDADE INTERNAÇÃO - CLINICA MÉDICA;4
CSSFA;2023;9;UNIDADE DE INTERNACAO CCI Cuidados Continuados Integ;12
CSSFA;2023;9;UNIDADE INTERNAÇÃO - CLINICA MÉDICA;4
CSSFA;2023;10;UNIDADE DE INTERNACAO CCI Cuidados Continuados Integ;11
CSSFA;2023;10;UNIDADE INTERNAÇÃO - CLINICA MÉDICA;5
CSSFA;2023;11;UNIDADE DE INTERNACAO CCI Cuidados Continuados Integ;19
CSSFA;2023;11;UNIDADE INTERNAÇÃO - CLINICA MÉDICA;3
CSSFA;2023;12;UNIDADE DE INTERNACAO CCI Cuidados Continuados Integ;16
CSSFA;2024;1;UNIDADE DE INTERNACAO CCI Cuidados Continuados Integ;23
CSSFA;2024;2;UNIDADE DE INTERNACAO CCI Cuidados Continuados Integ;15
CSSFA;2024;3;UNIDADE DE INTERNACAO CCI Cuidados Continuados Integ;33
CSSFA;2024;4;UNIDADE DE INTERNACAO CCI Cuidados Continuados Integ;16
CSSFA;2024;5;UNIDADE DE INTERNACAO CCI Cuidados Continuados Integ;20
CSSFA;2024;6;UNIDADE DE INTERNACAO CCI Cuidados Continuados Integ;22
CSSFA;2024;7;UNIDADE DE INTERNACAO CCI Cuidados Continuados Integ;21
CSSFA;2024;8;UNIDADE DE INTERNACAO CCI Cuidados Continuados Integ;32
CSSFA;2024;9;UNIDADE DE INTERNACAO CCI Cuidados Continuados Integ;24
CSSFA;2024;10;UNIDADE DE INTERNACAO CCI Cuidados Continuados Integ;20
CSSFA;2024;11;UNIDADE DE INTERNACAO CCI Cuidados Continuados Integ;22
CSSFA;2024;12;UNIDADE DE INTERNACAO CCI Cuidados Continuados Integ;19
CSSFA;2025;1;UNIDADE DE INTERNACAO CCI Cuidados Continuados Integ;15
CSSFA;2025;2;UNIDADE DE INTERNACAO CCI Cuidados Continuados Integ;22
CSSFA;2025;3;UNIDADE DE INTERNACAO CCI Cuidados Continuados Integ;14
CSSFA;2025;4;UNIDADE DE INTERNACAO CCI Cuidados Continuados Integ;16
CSSFA;2025;5;UNIDADE DE INTERNACAO CCI Cuidados Continuados Integ;29
CSSFA;2025;6;UNIDADE DE INTERNACAO CCI Cuidados Continuados Integ;18
CSSFA;2025;7;UNIDADE DE INTERNACAO CCI Cuidados Continuados Integ;19
CSSFA;2025;8;UNIDADE DE INTERNACAO CCI Cuidados Continuados Integ;20
CSSFA;2025;9;UNIDADE DE INTERNACAO CCI Cuidados Continuados Integ;15
CSSFA;2025;10;UNIDADE DE INTERNACAO CCI Cuidados Continuados Integ;12
CSSFA;2025;11;UNIDADE DE INTERNACAO CCI Cuidados Continuados Integ;16
CSSFA;2025;12;UNIDADE DE INTERNACAO CCI Cuidados Continuados Integ;20
CSSFA;2026;1;UNIDADE DE INTERNACAO CCI Cuidados Continuados Integ;18
CSSFA;2026;2;UNIDADE DE INTERNACAO CCI Cuidados Continuados Integ;15
CSSFA;2026;3;UNIDADE DE INTERNACAO CCI Cuidados Continuados Integ;20
CSSFA;2026;4;UNIDADE DE INTERNACAO CCI Cuidados Continuados Integ;25
CSSFA;2026;5;UNIDADE DE INTERNACAO CCI Cuidados Continuados Integ;18
CSSFA;2026;6;UNIDADE DE INTERNACAO CCI Cuidados Continuados Integ;15
CSSFA;2026;7;UNIDADE DE INTERNACAO CCI Cuidados Continuados Integ;31
CSSFE;2019;1;UNIDADE INTERNAÇÃO - CLINICA MÉDICA;19
CSSFE;2019;2;UNIDADE INTERNAÇÃO - CLINICA MÉDICA;11
CSSFE;2019;3;UNIDADE INTERNAÇÃO - CLINICA MÉDICA;18
CSSFE;2019;4;UNIDADE INTERNAÇÃO - CLINICA MÉDICA;13
CSSFE;2019;5;UNIDADE INTERNAÇÃO - CLINICA MÉDICA;22
CSSFE;2019;6;UNIDADE INTERNAÇÃO - CLINICA MÉDICA;16
CSSFE;2019;7;UNIDADE INTERNAÇÃO - CLINICA MÉDICA;12
CSSFE;2019;8;UNIDADE INTERNAÇÃO - CLINICA MÉDICA;12
CSSFE;2019;9;UNIDADE INTERNAÇÃO - CLINICA MÉDICA;17
CSSFE;2019;10;UNIDADE INTERNAÇÃO - CLINICA MÉDICA;21
CSSFE;2019;11;UNIDADE INTERNAÇÃO - CLINICA MÉDICA;15
CSSFE;2019;12;UNIDADE INTERNAÇÃO - CLINICA MÉDICA;11
CSSFE;2020;1;UNIDADE INTERNAÇÃO - CLINICA MÉDICA;16
CSSFE;2020;2;UNIDADE INTERNAÇÃO - CLINICA MÉDICA;13
CSSFE;2020;3;UNIDADE INTERNAÇÃO - CLINICA MÉDICA;9
CSSFE;2020;4;UNIDADE INTERNAÇÃO - CLINICA MÉDICA;16
CSSFE;2020;5;UNIDADE INTERNAÇÃO - CLINICA MÉDICA;11
CSSFE;2020;6;UNIDADE INTERNAÇÃO - CLINICA MÉDICA;9
CSSFE;2020;7;UNIDADE INTERNAÇÃO - CLINICA MÉDICA;16
CSSFE;2020;8;UNIDADE INTERNAÇÃO - CLINICA MÉDICA;4
CSSFE;2020;9;UNIDADE INTERNAÇÃO - CLINICA MÉDICA;9
CSSFE;2020;10;UNIDADE INTERNAÇÃO - CLINICA MÉDICA;9
CSSFE;2020;11;UNIDADE INTERNAÇÃO - CLINICA MÉDICA;20
CSSFE;2020;12;UNIDADE INTERNAÇÃO - CLINICA MÉDICA;22
CSSFE;2021;1;UNIDADE INTERNAÇÃO - CLINICA MÉDICA;20
CSSFE;2021;2;UNIDADE INTERNAÇÃO - CLINICA MÉDICA;34
CSSFE;2021;3;UNIDADE INTERNAÇÃO - CLINICA MÉDICA;39
CSSFE;2021;4;UNIDADE INTERNAÇÃO - CLINICA MÉDICA;35
CSSFE;2021;5;UNIDADE INTERNAÇÃO - CLINICA MÉDICA;39
CSSFE;2021;6;UNIDADE INTERNAÇÃO - CLINICA MÉDICA;45
CSSFE;2021;7;UNIDADE INTERNAÇÃO - CLINICA MÉDICA;24
CSSFE;2021;8;UNIDADE INTERNAÇÃO - CLINICA MÉDICA;35
CSSFE;2021;9;UNIDADE INTERNAÇÃO - CLINICA MÉDICA;53
CSSFE;2021;10;UNIDADE INTERNAÇÃO - CLINICA MÉDICA;45
CSSFE;2021;11;UNIDADE INTERNAÇÃO - CLINICA MÉDICA;39
CSSFE;2021;12;UNIDADE INTERNAÇÃO - CLINICA MÉDICA;20
CSSFE;2022;1;UNIDADE INTERNAÇÃO - CLINICA MÉDICA;38
CSSFE;2022;2;UNIDADE INTERNAÇÃO - CLINICA MÉDICA;29
CSSFE;2022;3;UNIDADE INTERNAÇÃO - CLINICA MÉDICA;51
CSSFE;2022;4;UNIDADE INTERNAÇÃO - CLINICA MÉDICA;44
CSSFE;2022;5;UNIDADE INTERNAÇÃO - CLINICA MÉDICA;44
CSSFE;2022;6;UNIDADE INTERNAÇÃO - CLINICA MÉDICA;49
CSSFE;2022;7;UNIDADE INTERNAÇÃO - CLINICA MÉDICA;45
CSSFE;2022;8;UNIDADE INTERNAÇÃO - CLINICA MÉDICA;58
CSSFE;2022;9;UNIDADE INTERNAÇÃO - CLINICA MÉDICA;45
CSSFE;2022;10;UNIDADE INTERNAÇÃO - CLINICA MÉDICA;37
CSSFE;2022;11;UNIDADE INTERNAÇÃO - CLINICA MÉDICA;25
CSSFE;2022;12;UNIDADE INTERNAÇÃO - CLINICA MÉDICA;19
CSSFE;2023;1;UNIDADE INTERNAÇÃO - CLINICA MÉDICA;32
CSSFE;2023;2;UNIDADE INTERNAÇÃO - CLINICA MÉDICA;35
CSSFE;2023;3;UNIDADE INTERNAÇÃO - CLINICA MÉDICA;29
CSSFE;2023;4;UNIDADE INTERNAÇÃO - CLINICA MÉDICA;19
CSSFE;2023;5;UNIDADE DE CUIDADOS CONTINUADOS INTEGRADOS;4
CSSFE;2023;5;UNIDADE INTERNAÇÃO - CLINICA MÉDICA;22
CSSFE;2023;6;UNIDADE DE CUIDADOS CONTINUADOS INTEGRADOS;6
CSSFE;2023;6;UNIDADE INTERNAÇÃO - CLINICA MÉDICA;8
CSSFE;2023;7;UNIDADE DE CUIDADOS CONTINUADOS INTEGRADOS;5
CSSFE;2023;7;UNIDADE INTERNAÇÃO - CLINICA MÉDICA;9
CSSFE;2023;8;UNIDADE DE CUIDADOS CONTINUADOS INTEGRADOS;3
CSSFE;2023;8;UNIDADE INTERNAÇÃO - CLINICA MÉDICA;10
CSSFE;2023;9;UNIDADE DE CUIDADOS CONTINUADOS INTEGRADOS;9
CSSFE;2023;9;UNIDADE INTERNAÇÃO - CLINICA MÉDICA;9
CSSFE;2023;10;UNIDADE DE CUIDADOS CONTINUADOS INTEGRADOS;3
CSSFE;2023;10;UNIDADE INTERNAÇÃO - CLINICA MÉDICA;7
CSSFE;2023;11;UNIDADE DE CUIDADOS CONTINUADOS INTEGRADOS;1
CSSFE;2023;12;UNIDADE DE CUIDADOS PROLONGADOS;4
CSSFE;2023;12;UNIDADE DE INTERNAÇÃO - CLÍNICA MÉDICA;3
CSSFE;2024;1;UNIDADE DE CUIDADOS PROLONGADOS;9
CSSFE;2024;1;UNIDADE DE INTERNAÇÃO - CLÍNICA MÉDICA;6
CSSFE;2024;2;UNIDADE DE CUIDADOS PROLONGADOS;5
CSSFE;2024;2;UNIDADE DE INTERNAÇÃO - CLÍNICA MÉDICA;9
CSSFE;2024;3;UNIDADE DE CUIDADOS PROLONGADOS;8
CSSFE;2024;3;UNIDADE DE INTERNAÇÃO - CLÍNICA MÉDICA;9
CSSFE;2024;4;UNIDADE DE CUIDADOS PROLONGADOS;22
CSSFE;2024;4;UNIDADE DE INTERNAÇÃO - CLÍNICA MÉDICA;15
CSSFE;2024;5;UNIDADE DE CUIDADOS PROLONGADOS;4
CSSFE;2024;5;UNIDADE DE INTERNAÇÃO - CLÍNICA MÉDICA;8
CSSFE;2024;6;UNIDADE DE CUIDADOS PROLONGADOS;4
CSSFE;2024;6;UNIDADE DE INTERNAÇÃO - CLÍNICA MÉDICA;15
CSSFE;2024;7;UNIDADE DE CUIDADOS PROLONGADOS;4
CSSFE;2024;7;UNIDADE DE INTERNAÇÃO - CLÍNICA MÉDICA;12
CSSFE;2024;8;UNIDADE DE CUIDADOS PROLONGADOS;3
CSSFE;2024;8;UNIDADE DE INTERNAÇÃO - CLÍNICA MÉDICA;9
CSSFE;2024;9;UNIDADE DE CUIDADOS PROLONGADOS;4
CSSFE;2024;9;UNIDADE DE INTERNAÇÃO - CLÍNICA MÉDICA;8
CSSFE;2024;10;UNIDADE DE CUIDADOS PROLONGADOS;5
CSSFE;2024;10;UNIDADE DE INTERNAÇÃO - CLÍNICA MÉDICA;10
CSSFE;2024;11;UNIDADE DE CUIDADOS PROLONGADOS;4
CSSFE;2024;11;UNIDADE DE INTERNAÇÃO - CLÍNICA MÉDICA;11
CSSFE;2024;12;UNIDADE DE CUIDADOS PROLONGADOS;1
CSSFE;2024;12;UNIDADE DE INTERNAÇÃO - CLÍNICA MÉDICA;5
CSSFE;2025;1;UNIDADE DE CUIDADOS PROLONGADOS;7
CSSFE;2025;1;UNIDADE DE INTERNAÇÃO - CLÍNICA MÉDICA;5
CSSFE;2025;2;UNIDADE DE INTERNAÇÃO - CLÍNICA MÉDICA;1
CSSI;2019;1;UNIDADE INTERNAÇÃO - CLÍNICA MÉDICA FEMININA;24
CSSI;2019;1;UNIDADE INTERNAÇÃO - CLINICA MÉDICA MASCULINA;13
CSSI;2019;1;UNIDADE URGENCIA/EMERGENCIA;71
CSSI;2019;2;UNIDADE INTERNAÇÃO - CLÍNICA MÉDICA FEMININA;4
CSSI;2019;2;UNIDADE INTERNAÇÃO - CLINICA MÉDICA MASCULINA;7
CSSI;2019;2;UNIDADE URGENCIA/EMERGENCIA;73
CSSI;2019;3;UNIDADE INTERNAÇÃO - CLÍNICA MÉDICA FEMININA;7
CSSI;2019;3;UNIDADE INTERNAÇÃO - CLINICA MÉDICA MASCULINA;7
CSSI;2019;3;UNIDADE URGENCIA/EMERGENCIA;80
CSSI;2019;4;UNIDADE INTERNAÇÃO - CLÍNICA MÉDICA FEMININA;8
CSSI;2019;4;UNIDADE INTERNAÇÃO - CLINICA MÉDICA MASCULINA;13
CSSI;2019;4;UNIDADE URGENCIA/EMERGENCIA;72
CSSI;2019;5;UNIDADE INTERNAÇÃO - CLÍNICA MÉDICA FEMININA;8
CSSI;2019;5;UNIDADE INTERNAÇÃO - CLINICA MÉDICA MASCULINA;15
CSSI;2019;5;UNIDADE URGENCIA/EMERGENCIA;91
CSSI;2019;6;UNIDADE INTERNAÇÃO - CLÍNICA MÉDICA FEMININA;8
CSSI;2019;6;UNIDADE INTERNAÇÃO - CLINICA MÉDICA MASCULINA;13
CSSI;2019;6;UNIDADE URGENCIA/EMERGENCIA;69
CSSI;2019;7;UNIDADE INTERNAÇÃO - CLÍNICA MÉDICA FEMININA;6
CSSI;2019;7;UNIDADE INTERNAÇÃO - CLINICA MÉDICA MASCULINA;6
CSSI;2019;7;UNIDADE URGENCIA/EMERGENCIA;66
CSSI;2019;8;UNIDADE INTERNAÇÃO - CLÍNICA MÉDICA FEMININA;7
CSSI;2019;8;UNIDADE INTERNAÇÃO - CLINICA MÉDICA MASCULINA;12
CSSI;2019;8;UNIDADE URGENCIA/EMERGENCIA;59
CSSI;2019;9;UNIDADE INTERNAÇÃO - CLÍNICA MÉDICA FEMININA;2
CSSI;2019;9;UNIDADE INTERNAÇÃO - CLINICA MÉDICA MASCULINA;6
CSSI;2019;9;UNIDADE URGENCIA/EMERGENCIA;66
CSSI;2019;10;UNIDADE INTERNAÇÃO - CLÍNICA MÉDICA FEMININA;8
CSSI;2019;10;UNIDADE INTERNAÇÃO - CLINICA MÉDICA MASCULINA;10
CSSI;2019;10;UNIDADE URGENCIA/EMERGENCIA;57
CSSI;2019;11;UNIDADE INTERNAÇÃO - CLÍNICA MÉDICA FEMININA;8
CSSI;2019;11;UNIDADE INTERNAÇÃO - CLINICA MÉDICA MASCULINA;7
CSSI;2019;11;UNIDADE URGENCIA/EMERGENCIA;49
CSSI;2019;12;UNIDADE INTERNAÇÃO - CLÍNICA MÉDICA FEMININA;7
CSSI;2019;12;UNIDADE INTERNAÇÃO - CLINICA MÉDICA MASCULINA;8
CSSI;2019;12;UNIDADE URGENCIA/EMERGENCIA;55
CSSI;2020;1;UNIDADE INTERNAÇÃO - CLÍNICA MÉDICA FEMININA;14
CSSI;2020;1;UNIDADE INTERNAÇÃO - CLINICA MÉDICA MASCULINA;3
CSSI;2020;1;UNIDADE URGENCIA/EMERGENCIA;65
CSSI;2020;2;UNIDADE INTERNAÇÃO - CLÍNICA MÉDICA FEMININA;8
CSSI;2020;2;UNIDADE INTERNAÇÃO - CLINICA MÉDICA MASCULINA;8
CSSI;2020;2;UNIDADE URGENCIA/EMERGENCIA;62
CSSI;2020;3;UNIDADE INTERNAÇÃO - CLÍNICA MÉDICA FEMININA;7
CSSI;2020;3;UNIDADE INTERNAÇÃO - CLINICA MÉDICA MASCULINA;12
CSSI;2020;3;UNIDADE URGENCIA/EMERGENCIA;49
CSSI;2020;4;UNIDADE INTERNAÇÃO - CLÍNICA MÉDICA FEMININA;12
CSSI;2020;4;UNIDADE INTERNAÇÃO - CLINICA MÉDICA MASCULINA;5
CSSI;2020;4;UNIDADE URGENCIA/EMERGENCIA;46
CSSI;2020;5;UNIDADE INTERNAÇÃO - CLÍNICA MÉDICA FEMININA;5
CSSI;2020;5;UNIDADE INTERNAÇÃO - CLINICA MÉDICA MASCULINA;5
CSSI;2020;5;UNIDADE URGENCIA/EMERGENCIA;37
CSSI;2020;6;UNIDADE INTERNAÇÃO - CLÍNICA MÉDICA FEMININA;14
CSSI;2020;6;UNIDADE INTERNAÇÃO - CLINICA MÉDICA MASCULINA;16
CSSI;2020;6;UNIDADE URGENCIA/EMERGENCIA;38
CSSI;2020;7;UNIDADE INTERNAÇÃO - CLÍNICA MÉDICA FEMININA;7
CSSI;2020;7;UNIDADE INTERNAÇÃO - CLINICA MÉDICA MASCULINA;13
CSSI;2020;7;UNIDADE URGENCIA/EMERGENCIA;34
CSSI;2020;8;UNIDADE INTERNAÇÃO - CLÍNICA MÉDICA FEMININA;13
CSSI;2020;8;UNIDADE INTERNAÇÃO - CLINICA MÉDICA MASCULINA;14
CSSI;2020;8;UNIDADE URGENCIA/EMERGENCIA;40
CSSI;2020;9;UNIDADE INTERNAÇÃO - CLÍNICA MÉDICA FEMININA;3
CSSI;2020;9;UNIDADE INTERNAÇÃO - CLINICA MÉDICA MASCULINA;8
CSSI;2020;9;UNIDADE URGENCIA/EMERGENCIA;60
CSSI;2020;10;UNIDADE INTERNAÇÃO - CLÍNICA MÉDICA FEMININA;25
CSSI;2020;10;UNIDADE INTERNAÇÃO - CLINICA MÉDICA MASCULINA;6
CSSI;2020;10;UNIDADE URGENCIA/EMERGENCIA;48
CSSI;2020;11;PRONTO ATENDIMENTO;4
CSSI;2020;11;UNIDADE INTERNAÇÃO - CLINICA MÉDICA ALA A;12
CSSI;2020;11;UNIDADE INTERNAÇÃO - CLINICA MÉDICA ALA B;4
CSSI;2020;11;UNIDADE INTERNAÇÃO - CLÍNICA MÉDICA FEMININA;17
CSSI;2020;11;UNIDADE INTERNAÇÃO - CLINICA MÉDICA MASCULINA;7
CSSI;2020;11;UNIDADE URGENCIA/EMERGENCIA;34
CSSI;2020;12;PRONTO ATENDIMENTO;34
CSSI;2020;12;UNIDADE INTERNAÇÃO - CLINICA MÉDICA ALA A;36
CSSI;2020;12;UNIDADE INTERNAÇÃO - CLINICA MÉDICA ALA B;14
CSSI;2021;1;PRONTO ATENDIMENTO;33
CSSI;2021;1;UNIDADE INTERNAÇÃO - CLINICA MÉDICA ALA A;28
CSSI;2021;1;UNIDADE INTERNAÇÃO - CLINICA MÉDICA ALA B;14
CSSI;2021;2;PRONTO ATENDIMENTO;48
CSSI;2021;2;UNIDADE INTERNAÇÃO - CLINICA MÉDICA ALA A;5
CSSI;2021;2;UNIDADE INTERNAÇÃO - CLINICA MÉDICA ALA B;23
CSSI;2021;3;PRONTO ATENDIMENTO;25
CSSI;2021;3;UNIDADE INTERNAÇÃO - CLINICA MÉDICA ALA A;19
CSSI;2021;3;UNIDADE INTERNAÇÃO - CLINICA MÉDICA ALA B;27
CSSI;2021;3;UNIDADE URGENCIA/EMERGENCIA;53
CSSI;2021;4;UNIDADE INTERNAÇÃO - CLINICA MÉDICA ALA A;18
CSSI;2021;4;UNIDADE INTERNAÇÃO - CLINICA MÉDICA ALA B;16
CSSI;2021;4;UNIDADE URGENCIA/EMERGENCIA;39
CSSI;2021;5;UNIDADE INTERNAÇÃO - CLINICA MÉDICA ALA A;7
CSSI;2021;5;UNIDADE INTERNAÇÃO - CLINICA MÉDICA ALA B;22
CSSI;2021;5;UNIDADE URGENCIA/EMERGENCIA;46
CSSI;2021;6;UNIDADE DE CUIDADOS CONTINUADOS INTEGRADOS;1
CSSI;2021;6;UNIDADE INTERNAÇÃO - CLINICA MÉDICA ALA A;4
CSSI;2021;6;UNIDADE INTERNAÇÃO - CLINICA MÉDICA ALA B;20
CSSI;2021;6;UNIDADE URGENCIA/EMERGENCIA;52
CSSI;2021;7;UNIDADE DE CUIDADOS CONTINUADOS INTEGRADOS;3
CSSI;2021;7;UNIDADE INTERNAÇÃO - CLINICA MÉDICA ALA A;5
CSSI;2021;7;UNIDADE INTERNAÇÃO - CLINICA MÉDICA ALA B;22
CSSI;2021;7;UNIDADE URGENCIA/EMERGENCIA;58
CSSI;2021;8;UNIDADE DE CUIDADOS CONTINUADOS INTEGRADOS;3
CSSI;2021;8;UNIDADE INTERNAÇÃO - CLINICA MÉDICA ALA A;1
CSSI;2021;8;UNIDADE INTERNAÇÃO - CLINICA MÉDICA ALA B;18
CSSI;2021;8;UNIDADE URGENCIA/EMERGENCIA;49
CSSI;2021;9;UNIDADE DE CUIDADOS CONTINUADOS INTEGRADOS;3
CSSI;2021;9;UNIDADE INTERNAÇÃO - CLINICA MÉDICA ALA A;2
CSSI;2021;9;UNIDADE INTERNAÇÃO - CLINICA MÉDICA ALA B;2
CSSI;2021;9;UNIDADE URGENCIA/EMERGENCIA;67
CSSI;2021;10;UNIDADE DE CUIDADOS CONTINUADOS INTEGRADOS;3
CSSI;2021;10;UNIDADE INTERNAÇÃO - CLINICA MÉDICA ALA A;2
CSSI;2021;10;UNIDADE INTERNAÇÃO - CLINICA MÉDICA ALA B;5
CSSI;2021;10;UNIDADE URGENCIA/EMERGENCIA;64
CSSI;2021;11;UNIDADE DE CUIDADOS CONTINUADOS INTEGRADOS;3
CSSI;2021;11;UNIDADE INTERNAÇÃO - CLINICA MÉDICA ALA A;8
CSSI;2021;11;UNIDADE INTERNAÇÃO - CLINICA MÉDICA ALA B;6
CSSI;2021;11;UNIDADE URGENCIA/EMERGENCIA;60
CSSI;2021;12;UNIDADE DE CUIDADOS CONTINUADOS INTEGRADOS;2
CSSI;2021;12;UNIDADE INTERNAÇÃO - CLINICA MÉDICA ALA A;9
CSSI;2021;12;UNIDADE INTERNAÇÃO - CLINICA MÉDICA ALA B;9
CSSI;2021;12;UNIDADE URGENCIA/EMERGENCIA;69
CSSI;2022;1;UNIDADE DE CUIDADOS CONTINUADOS INTEGRADOS;5
CSSI;2022;1;UNIDADE INTERNAÇÃO - CLINICA MÉDICA ALA A;4
CSSI;2022;1;UNIDADE INTERNAÇÃO - CLINICA MÉDICA ALA B;22
CSSI;2022;1;UNIDADE URGENCIA/EMERGENCIA;44
CSSI;2022;2;UNIDADE DE CUIDADOS CONTINUADOS INTEGRADOS;6
CSSI;2022;2;UNIDADE INTERNAÇÃO - CLINICA MÉDICA ALA A;9
CSSI;2022;2;UNIDADE INTERNAÇÃO - CLINICA MÉDICA ALA B;12
CSSI;2022;2;UNIDADE URGENCIA/EMERGENCIA;58
CSSI;2022;3;UNIDADE DE CUIDADOS CONTINUADOS INTEGRADOS;13
CSSI;2022;3;UNIDADE INTERNAÇÃO - CLINICA MÉDICA ALA A;5
CSSI;2022;3;UNIDADE INTERNAÇÃO - CLINICA MÉDICA ALA B;10
CSSI;2022;3;UNIDADE URGENCIA/EMERGENCIA;50
CSSI;2022;4;UNIDADE DE CUIDADOS CONTINUADOS INTEGRADOS;11
CSSI;2022;4;UNIDADE INTERNAÇÃO - CLINICA MÉDICA ALA A;11
CSSI;2022;4;UNIDADE INTERNAÇÃO - CLINICA MÉDICA ALA B;9
CSSI;2022;4;UNIDADE URGENCIA/EMERGENCIA;60
CSSI;2022;5;UNIDADE DE CUIDADOS CONTINUADOS INTEGRADOS;11
CSSI;2022;5;UNIDADE INTERNAÇÃO - CLINICA MÉDICA ALA A;4
CSSI;2022;5;UNIDADE INTERNAÇÃO - CLINICA MÉDICA ALA B;3
CSSI;2022;5;UNIDADE URGENCIA/EMERGENCIA;55
CSSI;2022;6;UNIDADE DE CUIDADOS CONTINUADOS INTEGRADOS;9
CSSI;2022;6;UNIDADE INTERNAÇÃO - CLINICA MÉDICA ALA A;10
CSSI;2022;6;UNIDADE INTERNAÇÃO - CLINICA MÉDICA ALA B;5
CSSI;2022;6;UNIDADE URGENCIA/EMERGENCIA;53
CSSI;2022;7;UNIDADE DE CUIDADOS CONTINUADOS INTEGRADOS;6
CSSI;2022;7;UNIDADE INTERNAÇÃO - CLINICA MÉDICA ALA A;4
CSSI;2022;7;UNIDADE INTERNAÇÃO - CLINICA MÉDICA ALA B;5
CSSI;2022;7;UNIDADE URGENCIA/EMERGENCIA;47
CSSI;2022;8;UNIDADE DE CUIDADOS CONTINUADOS INTEGRADOS;9
CSSI;2022;8;UNIDADE INTERNAÇÃO - CLINICA MÉDICA ALA A;7
CSSI;2022;8;UNIDADE INTERNAÇÃO - CLINICA MÉDICA ALA B;4
CSSI;2022;8;UNIDADE URGENCIA/EMERGENCIA;56
CSSI;2022;9;UNIDADE DE CUIDADOS CONTINUADOS INTEGRADOS;7
CSSI;2022;9;UNIDADE INTERNAÇÃO - CLINICA MÉDICA ALA A;9
CSSI;2022;9;UNIDADE INTERNAÇÃO - CLINICA MÉDICA ALA B;4
CSSI;2022;9;UNIDADE URGENCIA/EMERGENCIA;67
CSSI;2022;10;UNIDADE DE CUIDADOS CONTINUADOS INTEGRADOS;8
CSSI;2022;10;UNIDADE INTERNAÇÃO - CLINICA MÉDICA ALA A;5
CSSI;2022;10;UNIDADE INTERNAÇÃO - CLINICA MÉDICA ALA B;3
CSSI;2022;10;UNIDADE URGENCIA/EMERGENCIA;61
CSSI;2022;11;UNIDADE DE CUIDADOS CONTINUADOS INTEGRADOS;6
CSSI;2022;11;UNIDADE INTERNAÇÃO - CLINICA MÉDICA ALA A;2
CSSI;2022;11;UNIDADE INTERNAÇÃO - CLINICA MÉDICA ALA B;8
CSSI;2022;11;UNIDADE URGENCIA/EMERGENCIA;53
CSSI;2022;12;UNIDADE DE CUIDADOS CONTINUADOS INTEGRADOS;3
CSSI;2022;12;UNIDADE INTERNAÇÃO - CLINICA MÉDICA ALA A;3
CSSI;2022;12;UNIDADE INTERNAÇÃO - CLINICA MÉDICA ALA B;3
CSSI;2022;12;UNIDADE URGENCIA/EMERGENCIA;51
CSSI;2023;1;UNIDADE DE CUIDADOS CONTINUADOS INTEGRADOS;3
CSSI;2023;1;UNIDADE INTERNAÇÃO - CLINICA MÉDICA ALA A;7
CSSI;2023;1;UNIDADE INTERNAÇÃO - CLINICA MÉDICA ALA B;2
CSSI;2023;1;UNIDADE URGENCIA/EMERGENCIA;56
CSSI;2023;2;UNIDADE DE CUIDADOS CONTINUADOS INTEGRADOS;6
CSSI;2023;2;UNIDADE INTERNAÇÃO - CLINICA MÉDICA ALA A;4
CSSI;2023;2;UNIDADE INTERNAÇÃO - CLINICA MÉDICA ALA B;2
CSSI;2023;2;UNIDADE URGENCIA/EMERGENCIA;49
CSSI;2023;3;UNIDADE DE CUIDADOS CONTINUADOS INTEGRADOS;10
CSSI;2023;3;UNIDADE INTERNAÇÃO - CLINICA MÉDICA ALA A;2
CSSI;2023;3;UNIDADE INTERNAÇÃO - CLINICA MÉDICA ALA B;5
CSSI;2023;3;UNIDADE URGENCIA/EMERGENCIA;58
CSSI;2023;4;UNIDADE DE CUIDADOS CONTINUADOS INTEGRADOS;6
CSSI;2023;4;UNIDADE INTERNAÇÃO - CLINICA MÉDICA ALA A;13
CSSI;2023;4;UNIDADE INTERNAÇÃO - CLINICA MÉDICA ALA B;10
CSSI;2023;4;UNIDADE URGENCIA/EMERGENCIA;50
CSSI;2023;5;UNIDADE DE CUIDADOS CONTINUADOS INTEGRADOS;3
CSSI;2023;5;UNIDADE INTERNAÇÃO - CLINICA MÉDICA ALA A;6
CSSI;2023;5;UNIDADE INTERNAÇÃO - CLINICA MÉDICA ALA B;6
CSSI;2023;5;UNIDADE URGENCIA/EMERGENCIA;50
CSSI;2023;6;UNIDADE DE CUIDADOS CONTINUADOS INTEGRADOS;5
CSSI;2023;6;UNIDADE INTERNAÇÃO - CLINICA MÉDICA ALA A;9
CSSI;2023;6;UNIDADE INTERNAÇÃO - CLINICA MÉDICA ALA B;5
CSSI;2023;6;UNIDADE URGENCIA/EMERGENCIA;62
CSSI;2023;7;UNIDADE DE CUIDADOS CONTINUADOS INTEGRADOS;9
CSSI;2023;7;UNIDADE INTERNAÇÃO - CLINICA MÉDICA ALA A;8
CSSI;2023;7;UNIDADE INTERNAÇÃO - CLINICA MÉDICA ALA B;12
CSSI;2023;7;UNIDADE URGENCIA/EMERGENCIA;46
CSSI;2023;8;UNIDADE DE CUIDADOS CONTINUADOS INTEGRADOS;8
CSSI;2023;8;UNIDADE INTERNAÇÃO - CLINICA MÉDICA ALA A;8
CSSI;2023;8;UNIDADE INTERNAÇÃO - CLINICA MÉDICA ALA B;4
CSSI;2023;8;UNIDADE URGENCIA/EMERGENCIA;60
CSSI;2023;9;CLINICA MEDICA ALA A;1
CSSI;2023;9;CLÍNICA MÉDICA ALA C;8
CSSI;2023;9;UNIDADE DE CUIDADOS CONTINUADOS INTEGRADOS;2
CSSI;2023;9;UNIDADE DE CUIDADOS PROLONGADOS - ALA B;1
CSSI;2023;9;UNIDADE INTERNAÇÃO - CLINICA MÉDICA ALA A;7
CSSI;2023;9;UNIDADE INTERNAÇÃO - CLINICA MÉDICA ALA B;1
CSSI;2023;9;UNIDADE URGENCIA/EMERGENCIA;22
CSSI;2023;9;UNIDADES DE CUIDADOS PROLONGADOS - UCP;2
CSSI;2023;10;CLINICA MEDICA ALA A;4
CSSI;2023;10;CLÍNICA MÉDICA ALA C;44
CSSI;2023;10;UNIDADE DE CUIDADOS PROLONGADOS - ALA B;5
CSSI;2023;10;UNIDADE URGÊNCIA/EMERGÊNCIA - OBSERVAÇÃO;4
CSSI;2023;10;UNIDADES DE CUIDADOS PROLONGADOS - UCP;7
CSSI;2023;11;CLINICA MEDICA ALA A;3
CSSI;2023;11;CLÍNICA MÉDICA ALA C;52
CSSI;2023;11;UNIDADE DE CUIDADOS PROLONGADOS - ALA B;3
CSSI;2023;11;UNIDADE URGÊNCIA/EMERGÊNCIA - OBSERVAÇÃO;5
CSSI;2023;11;UNIDADES DE CUIDADOS PROLONGADOS - UCP;9
CSSI;2023;12;CLINICA MEDICA ALA A;5
CSSI;2023;12;CLÍNICA MÉDICA ALA C;58
CSSI;2023;12;UNIDADE DE CUIDADOS PROLONGADOS - ALA B;4
CSSI;2023;12;UNIDADE URGÊNCIA/EMERGÊNCIA - OBSERVAÇÃO;1
CSSI;2023;12;UNIDADES DE CUIDADOS PROLONGADOS - UCP;11
CSSI;2024;1;CLINICA MEDICA ALA A;9
CSSI;2024;1;CLÍNICA MÉDICA ALA C;52
CSSI;2024;1;UNIDADE DE CUIDADOS PROLONGADOS - ALA B;4
CSSI;2024;1;UNIDADE URGÊNCIA/EMERGÊNCIA - OBSERVAÇÃO;16
CSSI;2024;1;UNIDADES DE CUIDADOS PROLONGADOS - UCP;3
CSSI;2024;2;CLINICA MEDICA ALA A;5
CSSI;2024;2;CLÍNICA MÉDICA ALA C;68
CSSI;2024;2;UNIDADE DE CUIDADOS PROLONGADOS - ALA B;2
CSSI;2024;2;UNIDADE URGÊNCIA/EMERGÊNCIA - OBSERVAÇÃO;11
CSSI;2024;2;UNIDADES DE CUIDADOS PROLONGADOS - UCP;12
CSSI;2024;3;CLINICA MEDICA ALA A;18
CSSI;2024;3;CLÍNICA MÉDICA ALA C;51
CSSI;2024;3;UNIDADE DE CUIDADOS PROLONGADOS - ALA B;2
CSSI;2024;3;UNIDADE URGÊNCIA/EMERGÊNCIA - OBSERVAÇÃO;24
CSSI;2024;3;UNIDADES DE CUIDADOS PROLONGADOS - UCP;13
CSSI;2024;4;CLINICA MEDICA ALA A;3
CSSI;2024;4;CLÍNICA MÉDICA ALA C;64
CSSI;2024;4;UNIDADE URGÊNCIA/EMERGÊNCIA - OBSERVAÇÃO;11
CSSI;2024;4;UNIDADES DE CUIDADOS PROLONGADOS - UCP;9
CSSI;2024;5;CLINICA MEDICA ALA A;3
CSSI;2024;5;CLÍNICA MÉDICA ALA C;78
CSSI;2024;5;UNIDADE DE CUIDADOS PROLONGADOS - ALA A;1
CSSI;2024;5;UNIDADE DE CUIDADOS PROLONGADOS - ALA B;3
CSSI;2024;5;UNIDADE URGÊNCIA/EMERGÊNCIA - OBSERVAÇÃO;9
CSSI;2024;5;UNIDADES DE CUIDADOS PROLONGADOS - UCP;15
CSSI;2024;6;CLINICA MEDICA ALA A;3
CSSI;2024;6;CLÍNICA MÉDICA ALA C;54
CSSI;2024;6;UNIDADE DE CUIDADOS PROLONGADOS - ALA B;3
CSSI;2024;6;UNIDADE URGÊNCIA/EMERGÊNCIA - OBSERVAÇÃO;18
CSSI;2024;6;UNIDADES DE CUIDADOS PROLONGADOS - UCP;7
CSSI;2024;7;CLÍNICA MÉDICA ALA C;59
CSSI;2024;7;UNIDADE DE CUIDADOS PROLONGADOS - ALA B;1
CSSI;2024;7;UNIDADE URGÊNCIA/EMERGÊNCIA - OBSERVAÇÃO;8
CSSI;2024;7;UNIDADES DE CUIDADOS PROLONGADOS - UCP;11
CSSI;2024;8;CLÍNICA MÉDICA ALA B;1
CSSI;2024;8;CLÍNICA MÉDICA ALA C;72
CSSI;2024;8;UNIDADE DE CUIDADOS PROLONGADOS - ALA B;2
CSSI;2024;8;UNIDADE URGÊNCIA/EMERGÊNCIA - OBSERVAÇÃO;7
CSSI;2024;8;UNIDADES DE CUIDADOS PROLONGADOS - UCP;11
CSSI;2024;9;CLÍNICA MÉDICA ALA C;50
CSSI;2024;9;UNIDADE DE CUIDADOS PROLONGADOS - ALA B;7
CSSI;2024;9;UNIDADE URGÊNCIA/EMERGÊNCIA - OBSERVAÇÃO;4
CSSI;2024;9;UNIDADES DE CUIDADOS PROLONGADOS - UCP;7
CSSI;2024;10;CLÍNICA MÉDICA ALA C;57
CSSI;2024;10;UNIDADE DE CUIDADOS PROLONGADOS - ALA A;1
CSSI;2024;10;UNIDADE DE CUIDADOS PROLONGADOS - ALA B;3
CSSI;2024;10;UNIDADE URGÊNCIA/EMERGÊNCIA - OBSERVAÇÃO;11
CSSI;2024;10;UNIDADES DE CUIDADOS PROLONGADOS - UCP;4
CSSI;2024;11;CLÍNICA MÉDICA ALA C;63
CSSI;2024;11;UNIDADE DE CUIDADOS PROLONGADOS - ALA B;2
CSSI;2024;11;UNIDADE URGÊNCIA/EMERGÊNCIA - OBSERVAÇÃO;10
CSSI;2024;11;UNIDADES DE CUIDADOS PROLONGADOS - UCP;6
CSSI;2024;12;CLÍNICA MÉDICA ALA C;67
CSSI;2024;12;UNIDADE DE CUIDADOS PROLONGADOS - ALA B;3
CSSI;2024;12;UNIDADE URGÊNCIA/EMERGÊNCIA - OBSERVAÇÃO;7
CSSI;2024;12;UNIDADES DE CUIDADOS PROLONGADOS - UCP;9
CSSI;2025;1;CLÍNICA MÉDICA ALA C;48
CSSI;2025;1;UNIDADE DE CUIDADOS PROLONGADOS - ALA B;1
CSSI;2025;1;UNIDADE URGÊNCIA/EMERGÊNCIA - OBSERVAÇÃO;12
CSSI;2025;1;UNIDADES DE CUIDADOS PROLONGADOS - UCP;9
CSSI;2025;2;CLÍNICA MÉDICA ALA C;41
CSSI;2025;2;UNIDADE URGÊNCIA/EMERGÊNCIA - OBSERVAÇÃO;24
CSSI;2025;2;UNIDADES DE CUIDADOS PROLONGADOS - UCP;3
CSSI;2025;3;CLÍNICA MÉDICA ALA C;50
CSSI;2025;3;UNIDADE URGÊNCIA/EMERGÊNCIA - OBSERVAÇÃO;21
CSSI;2025;3;UNIDADES DE CUIDADOS PROLONGADOS - UCP;7
CSSI;2025;4;CLÍNICA MÉDICA ALA C;53
CSSI;2025;4;UNIDADE DE CUIDADOS PROLONGADOS - ALA A;1
CSSI;2025;4;UNIDADE DE CUIDADOS PROLONGADOS - ALA B;3
CSSI;2025;4;UNIDADE URGÊNCIA/EMERGÊNCIA - OBSERVAÇÃO;7
CSSI;2025;4;UNIDADES DE CUIDADOS PROLONGADOS - UCP;6
CSSI;2025;5;CLÍNICA MÉDICA ALA C;50
CSSI;2025;5;UNIDADE DE CUIDADOS PROLONGADOS - ALA B;3
CSSI;2025;5;UNIDADE URGÊNCIA/EMERGÊNCIA - OBSERVAÇÃO;2
CSSI;2025;5;UNIDADES DE CUIDADOS PROLONGADOS - UCP;13
CSSI;2025;6;CLÍNICA MÉDICA ALA C;51
CSSI;2025;6;UNIDADE DE CUIDADOS PROLONGADOS - ALA B;2
CSSI;2025;6;UNIDADE URGÊNCIA/EMERGÊNCIA - OBSERVAÇÃO;6
CSSI;2025;6;UNIDADES DE CUIDADOS PROLONGADOS - UCP;7
CSSI;2025;7;CLINICA MEDICA ALA A;5
CSSI;2025;7;CLÍNICA MÉDICA ALA C;47
CSSI;2025;7;UNIDADE DE CUIDADOS PROLONGADOS - ALA B;1
CSSI;2025;7;UNIDADE URGÊNCIA/EMERGÊNCIA - OBSERVAÇÃO;9
CSSI;2025;7;UNIDADES DE CUIDADOS PROLONGADOS - UCP;3
CSSI;2025;8;CLINICA MEDICA ALA A;19
CSSI;2025;8;CLÍNICA MÉDICA ALA C;13
CSSI;2025;8;UNIDADE DE CUIDADOS PROLONGADOS - ALA B;1
CSSI;2025;8;UNIDADE URGÊNCIA/EMERGÊNCIA - OBSERVAÇÃO;29
CSSI;2025;8;UNIDADES DE CUIDADOS PROLONGADOS - UCP;5
CSSI;2025;9;CLINICA MEDICA ALA A;11
CSSI;2025;9;CLÍNICA MÉDICA ALA C;22
CSSI;2025;9;UNIDADE URGÊNCIA/EMERGÊNCIA - OBSERVAÇÃO;33
CSSI;2025;9;UNIDADES DE CUIDADOS PROLONGADOS - UCP;8
CSSI;2025;10;CLINICA MEDICA ALA A;6
CSSI;2025;10;CLÍNICA MÉDICA ALA C;47
CSSI;2025;10;UNIDADE URGÊNCIA/EMERGÊNCIA - OBSERVAÇÃO;9
CSSI;2025;10;UNIDADES DE CUIDADOS PROLONGADOS - UCP;5
CSSI;2025;11;CLINICA MEDICA ALA A;3
CSSI;2025;11;CLÍNICA MÉDICA ALA C;34
CSSI;2025;11;UNIDADE DE CUIDADOS PROLONGADOS - ALA B;2
CSSI;2025;11;UNIDADE URGÊNCIA/EMERGÊNCIA - OBSERVAÇÃO;14
CSSI;2025;11;UNIDADES DE CUIDADOS PROLONGADOS - UCP;10
CSSI;2025;12;CLINICA MEDICA ALA A;2
CSSI;2025;12;CLÍNICA MÉDICA ALA C;40
CSSI;2025;12;UNIDADE DE CUIDADOS PROLONGADOS - ALA B;4
CSSI;2025;12;UNIDADE URGÊNCIA/EMERGÊNCIA - OBSERVAÇÃO;12
CSSI;2025;12;UNIDADES DE CUIDADOS PROLONGADOS - UCP;4
CSSI;2026;1;CLINICA MEDICA ALA A;1
CSSI;2026;1;CLÍNICA MÉDICA ALA C;25
CSSI;2026;1;UNIDADE DE CUIDADOS PROLONGADOS - ALA B;1
CSSI;2026;1;UNIDADE URGÊNCIA/EMERGÊNCIA - OBSERVAÇÃO;33
CSSI;2026;1;UNIDADES DE CUIDADOS PROLONGADOS - UCP;3
CSSI;2026;2;CLINICA MEDICA ALA A;5
CSSI;2026;2;CLÍNICA MÉDICA ALA C;40
CSSI;2026;2;UNIDADE URGÊNCIA/EMERGÊNCIA - OBSERVAÇÃO;24
CSSI;2026;2;UNIDADES DE CUIDADOS PROLONGADOS - UCP;7
CSSI;2026;3;CLÍNICA MÉDICA ALA C;39
CSSI;2026;3;UNIDADE DE CUIDADOS PROLONGADOS - ALA A;1
CSSI;2026;3;UNIDADE DE CUIDADOS PROLONGADOS - ALA B;2
CSSI;2026;3;UNIDADE URGÊNCIA/EMERGÊNCIA - OBSERVAÇÃO;29
CSSI;2026;3;UNIDADES DE CUIDADOS PROLONGADOS - UCP;4
CSSI;2026;4;CLINICA MEDICA ALA A;4
CSSI;2026;4;CLÍNICA MÉDICA ALA C;34
CSSI;2026;4;UNIDADE DE CUIDADOS PROLONGADOS - ALA B;2
CSSI;2026;4;UNIDADE URGÊNCIA/EMERGÊNCIA - OBSERVAÇÃO;22
CSSI;2026;4;UNIDADES DE CUIDADOS PROLONGADOS - UCP;12
CSSI;2026;5;CLINICA MEDICA ALA A;3
CSSI;2026;5;CLÍNICA MÉDICA ALA B;1
CSSI;2026;5;CLÍNICA MÉDICA ALA C;37
CSSI;2026;5;UNIDADE DE CUIDADOS PROLONGADOS - ALA A;1
CSSI;2026;5;UNIDADE DE CUIDADOS PROLONGADOS - ALA B;5
CSSI;2026;5;UNIDADE URGÊNCIA/EMERGÊNCIA - OBSERVAÇÃO;12
CSSI;2026;5;UNIDADES DE CUIDADOS PROLONGADOS - UCP;5
CSSI;2026;6;CLINICA MEDICA ALA A;2
CSSI;2026;6;CLÍNICA MÉDICA ALA C;40
CSSI;2026;6;UNIDADE DE CUIDADOS PROLONGADOS - ALA B;1
CSSI;2026;6;UNIDADE URGÊNCIA/EMERGÊNCIA - OBSERVAÇÃO;17
CSSI;2026;6;UNIDADES DE CUIDADOS PROLONGADOS - UCP;8
CSSI;2026;7;CLINICA MEDICA ALA A;3
CSSI;2026;7;CLÍNICA MÉDICA ALA C;21
CSSI;2026;7;UNIDADE DE CUIDADOS PROLONGADOS - ALA A;1
CSSI;2026;7;UNIDADE DE CUIDADOS PROLONGADOS - ALA B;1
CSSI;2026;7;UNIDADE URGÊNCIA/EMERGÊNCIA - OBSERVAÇÃO;37
CSSI;2026;7;UNIDADES DE CUIDADOS PROLONGADOS - UCP;3
HAC;2019;1;UNIDADE INTERNAÇÃO - CIRURGIA GERAL;190
HAC;2019;1;UNIDADE INTERNAÇÃO - CLINICA MÉDICA;49
HAC;2019;1;UNIDADE URGENCIA/EMERGENCIA;97
HAC;2019;1;UTI;7
HAC;2019;2;UNIDADE INTERNAÇÃO - CIRURGIA GERAL;178
HAC;2019;2;UNIDADE INTERNAÇÃO - CLINICA MÉDICA;57
HAC;2019;2;UNIDADE URGENCIA/EMERGENCIA;97
HAC;2019;2;UTI;3
HAC;2019;3;UNIDADE INTERNAÇÃO - CIRURGIA GERAL;163
HAC;2019;3;UNIDADE INTERNAÇÃO - CLINICA MÉDICA;54
HAC;2019;3;UNIDADE URGENCIA/EMERGENCIA;121
HAC;2019;3;UTI;4
HAC;2019;4;UNIDADE INTERNAÇÃO - CIRURGIA GERAL;204
HAC;2019;4;UNIDADE INTERNAÇÃO - CLINICA MÉDICA;50
HAC;2019;4;UNIDADE URGENCIA/EMERGENCIA;118
HAC;2019;4;UTI;1
HAC;2019;5;UNIDADE INTERNAÇÃO - CIRURGIA GERAL;185
HAC;2019;5;UNIDADE INTERNAÇÃO - CLINICA MÉDICA;52
HAC;2019;5;UNIDADE URGENCIA/EMERGENCIA;117
HAC;2019;5;UTI;6
HAC;2019;6;UNIDADE INTERNAÇÃO - CIRURGIA GERAL;196
HAC;2019;6;UNIDADE INTERNAÇÃO - CLINICA MÉDICA;48
HAC;2019;6;UNIDADE URGENCIA/EMERGENCIA;102
HAC;2019;6;UTI;2
HAC;2019;7;UNIDADE INTERNAÇÃO - CIRURGIA GERAL;167
HAC;2019;7;UNIDADE INTERNAÇÃO - CLINICA MÉDICA;46
HAC;2019;7;UNIDADE URGENCIA/EMERGENCIA;102
HAC;2019;7;UTI;11
HAC;2019;8;UNIDADE INTERNAÇÃO - CIRURGIA GERAL;177
HAC;2019;8;UNIDADE INTERNAÇÃO - CLINICA MÉDICA;46
HAC;2019;8;UNIDADE URGENCIA/EMERGENCIA;88
HAC;2019;9;UNIDADE INTERNAÇÃO - CIRURGIA GERAL;161
HAC;2019;9;UNIDADE INTERNAÇÃO - CLINICA MÉDICA;58
HAC;2019;9;UNIDADE URGENCIA/EMERGENCIA;80
HAC;2019;9;UTI;2
HAC;2019;10;UNIDADE INTERNAÇÃO - CIRURGIA GERAL;159
HAC;2019;10;UNIDADE INTERNAÇÃO - CLINICA MÉDICA;38
HAC;2019;10;UNIDADE URGENCIA/EMERGENCIA;112
HAC;2019;10;UTI;5
HAC;2019;11;UNIDADE INTERNAÇÃO - CIRURGIA GERAL;152
HAC;2019;11;UNIDADE INTERNAÇÃO - CLINICA MÉDICA;27
HAC;2019;11;UNIDADE URGENCIA/EMERGENCIA;111
HAC;2019;11;UTI;7
HAC;2019;12;UNIDADE INTERNAÇÃO - CIRURGIA GERAL;137
HAC;2019;12;UNIDADE INTERNAÇÃO - CLINICA MÉDICA;49
HAC;2019;12;UNIDADE URGENCIA/EMERGENCIA;120
HAC;2019;12;UTI;3
HAC;2020;1;UNIDADE INTERNAÇÃO - CIRURGIA GERAL;116
HAC;2020;1;UNIDADE INTERNAÇÃO - CLINICA MÉDICA;29
HAC;2020;1;UNIDADE URGENCIA/EMERGENCIA;138
HAC;2020;1;UTI;8
HAC;2020;2;UNIDADE INTERNAÇÃO - CIRURGIA GERAL;125
HAC;2020;2;UNIDADE INTERNAÇÃO - CLINICA MÉDICA;39
HAC;2020;2;UNIDADE URGENCIA/EMERGENCIA;100
HAC;2020;2;UTI;3
HAC;2020;3;UNIDADE INTERNAÇÃO - CIRURGIA GERAL;148
HAC;2020;3;UNIDADE INTERNAÇÃO - CLINICA MÉDICA;65
HAC;2020;3;UNIDADE URGENCIA/EMERGENCIA;68
HAC;2020;3;UTI;10
HAC;2020;4;UNIDADE INTERNAÇÃO - CIRURGIA GERAL;119
HAC;2020;4;UNIDADE INTERNAÇÃO - CLINICA MÉDICA;107
HAC;2020;4;UNIDADE URGENCIA/EMERGENCIA;17
HAC;2020;4;UTI;1
HAC;2020;5;UNIDADE INTERNAÇÃO - CIRURGIA GERAL;121
HAC;2020;5;UNIDADE INTERNAÇÃO - CLINICA MÉDICA;92
HAC;2020;5;UNIDADE URGENCIA/EMERGENCIA;36
HAC;2020;5;UTI;6
HAC;2020;6;UNIDADE INTERNAÇÃO - CIRURGIA GERAL;122
HAC;2020;6;UNIDADE INTERNAÇÃO - CLINICA MÉDICA;86
HAC;2020;6;UNIDADE URGENCIA/EMERGENCIA;48
HAC;2020;6;UTI;1
HAC;2020;7;UNIDADE INTERNAÇÃO - CIRURGIA GERAL;112
HAC;2020;7;UNIDADE INTERNAÇÃO - CLINICA MÉDICA;99
HAC;2020;7;UNIDADE URGENCIA/EMERGENCIA;30
HAC;2020;7;UTI;4
HAC;2020;8;UNIDADE INTERNAÇÃO - CIRURGIA GERAL;132
HAC;2020;8;UNIDADE INTERNAÇÃO - CLINICA MÉDICA;97
HAC;2020;8;UNIDADE URGENCIA/EMERGENCIA;70
HAC;2020;8;UTI;2
HAC;2020;9;UNIDADE INTERNAÇÃO - CIRURGIA GERAL;116
HAC;2020;9;UNIDADE INTERNAÇÃO - CLINICA MÉDICA;69
HAC;2020;9;UNIDADE URGENCIA/EMERGENCIA;71
HAC;2020;9;UTI;4
HAC;2020;10;UNIDADE INTERNAÇÃO - CIRURGIA GERAL;116
HAC;2020;10;UNIDADE INTERNAÇÃO - CLINICA MÉDICA;87
HAC;2020;10;UNIDADE URGENCIA/EMERGENCIA;54
HAC;2020;10;UTI;6
HAC;2020;11;UNIDADE INTERNAÇÃO - CIRURGIA GERAL;124
HAC;2020;11;UNIDADE INTERNAÇÃO - CLINICA MÉDICA;85
HAC;2020;11;UNIDADE URGENCIA/EMERGENCIA;53
HAC;2020;11;UTI;2
HAC;2020;12;UNIDADE INTERNAÇÃO - CIRURGIA GERAL;117
HAC;2020;12;UNIDADE INTERNAÇÃO - CLINICA MÉDICA;83
HAC;2020;12;UNIDADE URGENCIA/EMERGENCIA;61
HAC;2020;12;UTI;6
HAC;2021;1;UNIDADE INTERNAÇÃO - CIRURGIA GERAL;110
HAC;2021;1;UNIDADE INTERNAÇÃO - CLINICA MÉDICA;82
HAC;2021;1;UNIDADE URGENCIA/EMERGENCIA;53
HAC;2021;1;UTI;3
HAC;2021;2;UNIDADE INTERNAÇÃO - CIRURGIA GERAL;108
HAC;2021;2;UNIDADE INTERNAÇÃO - CLINICA MÉDICA;61
HAC;2021;2;UNIDADE URGENCIA/EMERGENCIA;58
HAC;2021;2;UTI;4
HAC;2021;3;UNIDADE INTERNAÇÃO - CIRURGIA GERAL;154
HAC;2021;3;UNIDADE INTERNAÇÃO - CLINICA MÉDICA;95
HAC;2021;3;UNIDADE URGENCIA/EMERGENCIA;37
HAC;2021;3;UTI;12
HAC;2021;4;UNIDADE INTERNAÇÃO - CIRURGIA GERAL;124
HAC;2021;4;UNIDADE INTERNAÇÃO - CLINICA MÉDICA;79
HAC;2021;4;UNIDADE URGENCIA/EMERGENCIA;29
HAC;2021;4;UTI;2
HAC;2021;5;UNIDADE DE DECISAO CLINICA;22
HAC;2021;5;UNIDADE INTERNAÇÃO - CIRURGIA GERAL;140
HAC;2021;5;UNIDADE INTERNAÇÃO - CLINICA MÉDICA;53
HAC;2021;5;UNIDADE URGENCIA/EMERGENCIA;47
HAC;2021;5;UTI;3
HAC;2021;5;UTI - ADULTO;6
HAC;2021;6;UNIDADE DE DECISAO CLINICA;51
HAC;2021;6;UNIDADE INTERNAÇÃO - CIRURGIA GERAL;139
HAC;2021;6;UNIDADE INTERNAÇÃO - CLINICA MÉDICA;63
HAC;2021;6;UTI - ADULTO;11
HAC;2021;7;UNIDADE DE DECISAO CLINICA;56
HAC;2021;7;UNIDADE INTERNAÇÃO - CIRURGIA GERAL;132
HAC;2021;7;UNIDADE INTERNAÇÃO - CLINICA MÉDICA;58
HAC;2021;7;UTI - ADULTO;3
HAC;2021;8;UNIDADE DE DECISAO CLINICA;50
HAC;2021;8;UNIDADE INTERNAÇÃO - CIRURGIA GERAL;135
HAC;2021;8;UNIDADE INTERNAÇÃO - CLINICA MÉDICA;68
HAC;2021;8;UTI - ADULTO;11
HAC;2021;9;UNIDADE DE DECISAO CLINICA;64
HAC;2021;9;UNIDADE INTERNAÇÃO - CIRURGIA GERAL;118
HAC;2021;9;UNIDADE INTERNAÇÃO - CLINICA MÉDICA;69
HAC;2021;9;UTI - ADULTO;7
HAC;2021;10;UNIDADE INTERNAÇÃO - CIRURGIA GERAL;115
HAC;2021;10;UNIDADE INTERNAÇÃO - CLINICA MÉDICA;137
HAC;2021;10;UTI - ADULTO;19
HAC;2021;11;UNIDADE INTERNAÇÃO - CIRURGIA GERAL;113
HAC;2021;11;UNIDADE INTERNAÇÃO - CLINICA MÉDICA;102
HAC;2021;11;UTI - ADULTO;16
HAC;2021;12;UNIDADE INTERNAÇÃO - CIRURGIA GERAL;106
HAC;2021;12;UNIDADE INTERNAÇÃO - CLINICA MÉDICA;117
HAC;2021;12;UTI - ADULTO;8
HAC;2022;1;UNIDADE INTERNAÇÃO - CIRURGIA GERAL;70
HAC;2022;1;UNIDADE INTERNAÇÃO - CLINICA MÉDICA;115
HAC;2022;1;UTI - ADULTO;11
HAC;2022;2;UNIDADE INTERNAÇÃO - CIRURGIA GERAL;79
HAC;2022;2;UNIDADE INTERNAÇÃO - CLINICA MÉDICA;102
HAC;2022;2;UTI - ADULTO;11
HAC;2022;3;UNIDADE INTERNAÇÃO - CIRURGIA GERAL;98
HAC;2022;3;UNIDADE INTERNAÇÃO - CLINICA MÉDICA;100
HAC;2022;3;UTI - ADULTO;10
HAC;2022;4;UNIDADE INTERNAÇÃO - CIRURGIA GERAL;87
HAC;2022;4;UNIDADE INTERNAÇÃO - CLINICA MÉDICA;108
HAC;2022;4;UTI - ADULTO;3
HAC;2022;5;UNIDADE INTERNAÇÃO - CIRURGIA GERAL;125
HAC;2022;5;UNIDADE INTERNAÇÃO - CLINICA MÉDICA;127
HAC;2022;5;UTI - ADULTO;8
HAC;2022;6;UNIDADE INTERNAÇÃO - CIRURGIA GERAL;115
HAC;2022;6;UNIDADE INTERNAÇÃO - CLINICA MÉDICA;130
HAC;2022;6;UTI - ADULTO;4
HAC;2022;7;UNIDADE INTERNAÇÃO - CIRURGIA GERAL;108
HAC;2022;7;UNIDADE INTERNAÇÃO - CLINICA MÉDICA;140
HAC;2022;7;UTI - ADULTO;6
HAC;2022;8;UNIDADE INTERNAÇÃO - CIRURGIA GERAL;125
HAC;2022;8;UNIDADE INTERNAÇÃO - CLINICA MÉDICA;109
HAC;2022;8;UTI - ADULTO;18
HAC;2022;9;UNIDADE INTERNAÇÃO - CIRURGIA GERAL;48
HAC;2022;9;UNIDADE INTERNAÇÃO - CLINICA CIRURGICA;56
HAC;2022;9;UNIDADE INTERNAÇÃO - CLINICA MÉDICA;83
HAC;2022;9;UTI - ADULTO;11
HAC;2022;10;UNIDADE INTERNAÇÃO - CLINICA CIRURGICA;124
HAC;2022;10;UNIDADE INTERNAÇÃO - CLINICA MÉDICA;118
HAC;2022;10;UTI - ADULTO;6
HAC;2022;11;UNIDADE INTERNAÇÃO - CLINICA CIRURGICA;96
HAC;2022;11;UNIDADE INTERNAÇÃO - CLINICA MÉDICA;97
HAC;2022;11;UTI - ADULTO;8
HAC;2022;12;UNIDADE INTERNAÇÃO - CLINICA CIRURGICA;99
HAC;2022;12;UNIDADE INTERNAÇÃO - CLINICA MÉDICA;124
HAC;2022;12;UTI - ADULTO;9
HAC;2023;1;UNIDADE INTERNAÇÃO - CLINICA CIRURGICA;97
HAC;2023;1;UNIDADE INTERNAÇÃO - CLINICA MÉDICA;112
HAC;2023;1;UTI - ADULTO;4
HAC;2023;2;UNIDADE INTERNAÇÃO - CLINICA CIRURGICA;116
HAC;2023;2;UNIDADE INTERNAÇÃO - CLINICA MÉDICA;106
HAC;2023;2;UTI - ADULTO;9
HAC;2023;3;UNIDADE INTERNAÇÃO - CLINICA CIRURGICA;166
HAC;2023;3;UNIDADE INTERNAÇÃO - CLINICA MÉDICA;104
HAC;2023;3;UTI - ADULTO;19
HAC;2023;4;UNIDADE INTERNAÇÃO - CLINICA CIRURGICA;132
HAC;2023;4;UNIDADE INTERNAÇÃO - CLINICA MÉDICA;114
HAC;2023;4;UTI - ADULTO;8
HAC;2023;5;UNIDADE INTERNAÇÃO - CLINICA CIRURGICA;159
HAC;2023;5;UNIDADE INTERNAÇÃO - CLINICA MÉDICA;107
HAC;2023;5;UTI - ADULTO;13
HAC;2023;6;UNIDADE INTERNAÇÃO - CLINICA CIRURGICA;148
HAC;2023;6;UNIDADE INTERNAÇÃO - CLINICA MÉDICA;115
HAC;2023;6;UTI - ADULTO;5
HAC;2023;7;UNIDADE INTERNAÇÃO - CLINICA CIRURGICA;172
HAC;2023;7;UNIDADE INTERNAÇÃO - CLINICA MÉDICA;99
HAC;2023;7;UTI - ADULTO;10
HAC;2023;8;UNIDADE INTERNAÇÃO - CLINICA CIRURGICA;169
HAC;2023;8;UNIDADE INTERNAÇÃO - CLINICA MÉDICA;97
HAC;2023;8;UTI - ADULTO;9
HAC;2023;9;UNIDADE INTERNAÇÃO - CLINICA CIRURGICA;141
HAC;2023;9;UNIDADE INTERNAÇÃO - CLINICA MÉDICA;125
HAC;2023;9;UTI - ADULTO;8
HAC;2023;10;UNIDADE INTERNAÇÃO - CLINICA CIRURGICA;158
HAC;2023;10;UNIDADE INTERNAÇÃO - CLINICA MÉDICA;120
HAC;2023;10;UTI - ADULTO;6
HAC;2023;11;UNIDADE INTERNAÇÃO - CLINICA CIRURGICA;128
HAC;2023;11;UNIDADE INTERNAÇÃO - CLINICA MÉDICA;101
HAC;2023;11;UTI - ADULTO;6
HAC;2023;12;UNIDADE INTERNAÇÃO - CLINICA CIRURGICA;135
HAC;2023;12;UNIDADE INTERNAÇÃO - CLINICA MÉDICA;109
HAC;2023;12;UTI - ADULTO;6
HAC;2024;1;UNIDADE INTERNAÇÃO - CLINICA CIRURGICA;145
HAC;2024;1;UNIDADE INTERNAÇÃO - CLINICA MÉDICA;133
HAC;2024;1;UTI - ADULTO;4
HAC;2024;2;UNIDADE INTERNAÇÃO - CLINICA CIRURGICA;143
HAC;2024;2;UNIDADE INTERNAÇÃO - CLINICA MÉDICA;146
HAC;2024;2;UTI - ADULTO;3
HAC;2024;3;UNIDADE INTERNAÇÃO - CLINICA CIRURGICA;144
HAC;2024;3;UNIDADE INTERNAÇÃO - CLINICA MÉDICA;143
HAC;2024;3;UTI - ADULTO;6
HAC;2024;4;UNIDADE INTERNAÇÃO - CLINICA CIRURGICA;143
HAC;2024;4;UNIDADE INTERNAÇÃO - CLINICA MÉDICA;181
HAC;2024;4;UTI - ADULTO;11
HAC;2024;5;UNIDADE INTERNAÇÃO - CLINICA CIRURGICA;146
HAC;2024;5;UNIDADE INTERNAÇÃO - CLINICA MÉDICA;155
HAC;2024;5;UTI - ADULTO;11
HAC;2024;6;UNIDADE INTERNAÇÃO - CLINICA CIRURGICA;135
HAC;2024;6;UNIDADE INTERNAÇÃO - CLINICA MÉDICA;127
HAC;2024;6;UTI - ADULTO;16
HAC;2024;7;UNIDADE INTERNAÇÃO - CLINICA CIRURGICA;147
HAC;2024;7;UNIDADE INTERNAÇÃO - CLINICA MÉDICA;135
HAC;2024;7;UTI - ADULTO;8
HAC;2024;8;UNIDADE INTERNAÇÃO - CLINICA CIRURGICA;152
HAC;2024;8;UNIDADE INTERNAÇÃO - CLINICA MÉDICA;164
HAC;2024;8;UTI - ADULTO;5
HAC;2024;9;UNIDADE INTERNAÇÃO - CLINICA CIRURGICA;161
HAC;2024;9;UNIDADE INTERNAÇÃO - CLINICA MÉDICA;133
HAC;2024;9;UTI - ADULTO;18
HAC;2024;10;UNIDADE INTERNAÇÃO - CLINICA CIRURGICA;171
HAC;2024;10;UNIDADE INTERNAÇÃO - CLINICA MÉDICA;151
HAC;2024;10;UTI - ADULTO;5
HAC;2024;11;UNIDADE INTERNAÇÃO - CLINICA CIRURGICA;139
HAC;2024;11;UNIDADE INTERNAÇÃO - CLINICA MÉDICA;170
HAC;2024;11;UTI - ADULTO;7
HAC;2024;12;UNIDADE INTERNAÇÃO - CLINICA CIRURGICA;144
HAC;2024;12;UNIDADE INTERNAÇÃO - CLINICA MÉDICA;140
HAC;2024;12;UTI - ADULTO;9
HAC;2025;1;UNIDADE INTERNAÇÃO - CLINICA CIRURGICA;137
HAC;2025;1;UNIDADE INTERNAÇÃO - CLINICA MÉDICA;177
HAC;2025;1;UTI - ADULTO;10
HAC;2025;2;UNIDADE INTERNAÇÃO - CLINICA CIRURGICA;112
HAC;2025;2;UNIDADE INTERNAÇÃO - CLINICA MÉDICA;149
HAC;2025;2;UTI - ADULTO;11
HAC;2025;3;UNIDADE INTERNAÇÃO - CLINICA CIRURGICA;118
HAC;2025;3;UNIDADE INTERNAÇÃO - CLINICA MÉDICA;207
HAC;2025;3;UTI - ADULTO;9
HAC;2025;4;UNIDADE INTERNAÇÃO - CLINICA CIRURGICA;146
HAC;2025;4;UNIDADE INTERNAÇÃO - CLINICA MÉDICA;183
HAC;2025;4;UTI - ADULTO;2
HAC;2025;5;UNIDADE INTERNAÇÃO - CLINICA CIRURGICA;123
HAC;2025;5;UNIDADE INTERNAÇÃO - CLINICA MÉDICA;188
HAC;2025;5;UTI - ADULTO;7
HAC;2025;6;UNIDADE INTERNAÇÃO - CLINICA CIRURGICA;123
HAC;2025;6;UNIDADE INTERNAÇÃO - CLINICA MÉDICA;177
HAC;2025;6;UTI - ADULTO;7
HAC;2025;7;UNIDADE INTERNAÇÃO - CLINICA CIRURGICA;109
HAC;2025;7;UNIDADE INTERNAÇÃO - CLINICA MÉDICA;212
HAC;2025;7;UTI - ADULTO;4
HAC;2025;8;UNIDADE INTERNAÇÃO - CLINICA CIRURGICA;119
HAC;2025;8;UNIDADE INTERNAÇÃO - CLINICA MÉDICA;185
HAC;2025;8;UTI - ADULTO;5
HAC;2025;9;UNIDADE INTERNAÇÃO - CLINICA CIRURGICA;93
HAC;2025;9;UNIDADE INTERNAÇÃO - CLINICA MÉDICA;203
HAC;2025;9;UTI - ADULTO;11
HAC;2025;10;CTI ADULTO;11
HAC;2025;10;UDC - OBSERVAÇÃO;34
HAC;2025;10;UNIDADE DE INTERNAÇÃO - CLÍNICA CIRÚRGICA;40
HAC;2025;10;UNIDADE DE INTERNAÇÃO - CLÍNICA MÉDICA;92
HAC;2025;10;UNIDADE INTERNAÇÃO - CLINICA CIRURGICA;32
HAC;2025;10;UNIDADE INTERNAÇÃO - CLINICA MÉDICA;36
HAC;2025;10;UTI - ADULTO;4
HAC;2025;11;CTI ADULTO;4
HAC;2025;11;UDC - OBSERVAÇÃO;66
HAC;2025;11;UNIDADE DE INTERNAÇÃO - CLÍNICA CIRÚRGICA;85
HAC;2025;11;UNIDADE DE INTERNAÇÃO - CLÍNICA MÉDICA;161
HAC;2025;12;CTI ADULTO;6
HAC;2025;12;UDC - OBSERVAÇÃO;27
HAC;2025;12;UNIDADE DE INTERNAÇÃO - CLÍNICA CIRÚRGICA;101
HAC;2025;12;UNIDADE DE INTERNAÇÃO - CLÍNICA MÉDICA;153
HAC;2026;1;CTI ADULTO;21
HAC;2026;1;UDC - OBSERVAÇÃO;31
HAC;2026;1;UNIDADE DE INTERNAÇÃO - CLÍNICA CIRÚRGICA;90
HAC;2026;1;UNIDADE DE INTERNAÇÃO - CLÍNICA MÉDICA;144
HAC;2026;2;CTI ADULTO;9
HAC;2026;2;UDC - OBSERVAÇÃO;64
HAC;2026;2;UNIDADE DE INTERNAÇÃO - CLÍNICA CIRÚRGICA;74
HAC;2026;2;UNIDADE DE INTERNAÇÃO - CLÍNICA MÉDICA;117
HAC;2026;3;CTI ADULTO;11
HAC;2026;3;UDC - OBSERVAÇÃO;92
HAC;2026;3;UNIDADE DE INTERNAÇÃO - CLÍNICA CIRÚRGICA;111
HAC;2026;3;UNIDADE DE INTERNAÇÃO - CLÍNICA MÉDICA;122
HAC;2026;4;CTI ADULTO;13
HAC;2026;4;UDC - OBSERVAÇÃO;71
HAC;2026;4;UNIDADE DE INTERNAÇÃO - CLÍNICA CIRÚRGICA;80
HAC;2026;4;UNIDADE DE INTERNAÇÃO - CLÍNICA MÉDICA;149
HAC;2026;5;CTI ADULTO;10
HAC;2026;5;UDC - OBSERVAÇÃO;114
HAC;2026;5;UNIDADE DE INTERNAÇÃO - CLÍNICA CIRÚRGICA;55
HAC;2026;5;UNIDADE DE INTERNAÇÃO - CLÍNICA MÉDICA;139
HAC;2026;6;CTI ADULTO;10
HAC;2026;6;UDC - OBSERVAÇÃO;126
HAC;2026;6;UNIDADE DE INTERNAÇÃO - CLÍNICA CIRÚRGICA;79
HAC;2026;6;UNIDADE DE INTERNAÇÃO - CLÍNICA MÉDICA;124
HAC;2026;7;CTI ADULTO;12
HAC;2026;7;UDC - OBSERVAÇÃO;133
HAC;2026;7;UNIDADE DE INTERNAÇÃO - CLÍNICA CIRÚRGICA;99
HAC;2026;7;UNIDADE DE INTERNAÇÃO - CLÍNICA MÉDICA;128
HCM;2019;1;UNIDADE INTERNAÇÃO - CLINICA CIRURGICA;26
HCM;2019;1;UNIDADE INTERNAÇÃO - CUIDADOS PROLONGADOS;6
HCM;2019;2;UNIDADE INTERNAÇÃO - CLINICA CIRURGICA;39
HCM;2019;2;UNIDADE INTERNAÇÃO - CUIDADOS PROLONGADOS;3
HCM;2019;3;UNIDADE INTERNAÇÃO - CLINICA CIRURGICA;25
HCM;2019;3;UNIDADE INTERNAÇÃO - CUIDADOS PROLONGADOS;3
HCM;2019;4;UNIDADE INTERNAÇÃO - CLINICA CIRURGICA;25
HCM;2019;4;UNIDADE INTERNAÇÃO - CUIDADOS PROLONGADOS;4
HCM;2019;5;UNIDADE INTERNAÇÃO - CLINICA CIRURGICA;23
HCM;2019;5;UNIDADE INTERNAÇÃO - CUIDADOS PROLONGADOS;2
HCM;2019;6;UNIDADE INTERNAÇÃO - CLINICA CIRURGICA;45
HCM;2019;6;UNIDADE INTERNAÇÃO - CUIDADOS PROLONGADOS;4
HCM;2019;7;UNIDADE INTERNAÇÃO - CLINICA CIRURGICA;46
HCM;2019;7;UNIDADE INTERNAÇÃO - CUIDADOS PROLONGADOS;8
HCM;2019;8;UNIDADE INTERNAÇÃO - CLINICA CIRURGICA;45
HCM;2019;8;UNIDADE INTERNAÇÃO - CUIDADOS PROLONGADOS;5
HCM;2019;9;UNIDADE INTERNAÇÃO - CLINICA CIRURGICA;51
HCM;2019;9;UNIDADE INTERNAÇÃO - CUIDADOS PROLONGADOS;1
HCM;2019;10;UNIDADE INTERNAÇÃO - CLINICA CIRURGICA;66
HCM;2019;11;UNIDADE INTERNAÇÃO - CLINICA CIRURGICA;64
HCM;2019;11;UNIDADE INTERNAÇÃO - CUIDADOS PROLONGADOS;5
HCM;2019;12;UNIDADE INTERNAÇÃO - CLINICA CIRURGICA;56
HCM;2019;12;UNIDADE INTERNAÇÃO - CUIDADOS PROLONGADOS;3
HCM;2020;1;BLOCO CIRURGICO;2
HCM;2020;1;UNIDADE INTERNAÇÃO - CLINICA CIRURGICA;54
HCM;2020;1;UNIDADE INTERNAÇÃO - CUIDADOS PROLONGADOS;2
HCM;2020;2;UNIDADE INTERNAÇÃO - CLINICA CIRURGICA;16
HCM;2020;2;UNIDADE INTERNAÇÃO - CUIDADOS PROLONGADOS;3
HCM;2020;3;UNIDADE INTERNAÇÃO - CLINICA CIRURGICA;1
HCM;2020;3;UNIDADE INTERNAÇÃO - CUIDADOS PROLONGADOS;6
HCM;2020;4;UNIDADE INTERNAÇÃO - CLINICA CIRURGICA;4
HCM;2020;4;UNIDADE INTERNAÇÃO - CUIDADOS PROLONGADOS;6
HCM;2020;5;UNIDADE INTERNAÇÃO - CUIDADOS PROLONGADOS;5
HCM;2020;6;UNIDADE INTERNAÇÃO - CUIDADOS PROLONGADOS;4
HCM;2020;7;UNIDADE INTERNAÇÃO - CUIDADOS PROLONGADOS;3
HCM;2020;8;UNIDADE INTERNAÇÃO - CUIDADOS PROLONGADOS;10
HCM;2020;9;UNIDADE INTERNAÇÃO - CUIDADOS PROLONGADOS;7
HCM;2020;10;UNIDADE INTERNAÇÃO - CUIDADOS PROLONGADOS;2
HCM;2020;11;UNIDADE INTERNAÇÃO - CUIDADOS PROLONGADOS;12
HCM;2020;12;UNIDADE INTERNAÇÃO - CUIDADOS PROLONGADOS;4
HCM;2021;1;UNIDADE INTERNAÇÃO - CUIDADOS PROLONGADOS;2
HCM;2021;2;UNIDADE INTERNAÇÃO - CUIDADOS PROLONGADOS;5
HCM;2021;3;UNIDADE INTERNAÇÃO - CUIDADOS PROLONGADOS;9
HCM;2021;4;UNIDADE INTERNAÇÃO - CUIDADOS PROLONGADOS;1
HCM;2021;5;UNIDADE INTERNAÇÃO - CUIDADOS PROLONGADOS;11
HCM;2021;6;UNIDADE DE CUIDADOS CONTINUADOS INTEGRADOS;7
HCM;2021;6;UNIDADE INTERNAÇÃO - CUIDADOS PROLONGADOS;2
HCM;2021;7;UNIDADE DE CUIDADOS CONTINUADOS INTEGRADOS;8
HCM;2021;8;UNIDADE DE CUIDADOS CONTINUADOS INTEGRADOS;8
HCM;2021;9;UNIDADE DE CUIDADOS CONTINUADOS INTEGRADOS;3
HCM;2021;11;UNIDADE DE CUIDADOS CONTINUADOS INTEGRADOS;4
HCM;2021;12;UNIDADE DE CUIDADOS CONTINUADOS INTEGRADOS;6
HCM;2022;1;UNIDADE DE CUIDADOS CONTINUADOS INTEGRADOS;3
HCM;2022;2;UNIDADE DE CUIDADOS CONTINUADOS INTEGRADOS;3
HCM;2022;3;UNIDADE DE CUIDADOS CONTINUADOS INTEGRADOS;6
HCM;2022;4;UNIDADE DE CUIDADOS CONTINUADOS INTEGRADOS;6
HCM;2022;5;UNIDADE DE CUIDADOS CONTINUADOS INTEGRADOS;5
HCM;2022;7;UNIDADE DE CUIDADOS CONTINUADOS INTEGRADOS;8
HCM;2022;8;UNIDADE DE CUIDADOS CONTINUADOS INTEGRADOS;3
HCM;2022;9;UNIDADE DE CUIDADOS CONTINUADOS INTEGRADOS;6
HCM;2022;10;UNIDADE DE CUIDADOS CONTINUADOS INTEGRADOS;7
HCM;2022;12;UNIDADE DE CUIDADOS CONTINUADOS INTEGRADOS;4
HCM;2023;1;UNIDADE DE CUIDADOS CONTINUADOS INTEGRADOS;3
HCM;2023;3;UNIDADE DE CUIDADOS CONTINUADOS INTEGRADOS;3
HCM;2023;4;UNIDADE DE CUIDADOS CONTINUADOS INTEGRADOS;2
HCM;2023;5;UNIDADE DE CUIDADOS CONTINUADOS INTEGRADOS;6
HCM;2023;6;UNIDADE DE CUIDADOS CONTINUADOS INTEGRADOS;3
HCM;2023;7;UNIDADE DE CUIDADOS CONTINUADOS INTEGRADOS;4
HCM;2023;8;UNIDADE DE CUIDADOS CONTINUADOS INTEGRADOS;1
HCM;2023;9;UNIDADE DE CUIDADOS CONTINUADOS INTEGRADOS;4
HCM;2023;10;UNIDADE DE CUIDADOS CONTINUADOS INTEGRADOS;6
HCM;2023;11;UNIDADE DE CUIDADOS CONTINUADOS INTEGRADOS;6
HCM;2023;12;UNIDADE DE CUIDADOS CONTINUADOS INTEGRADOS;1
HCM;2024;1;UNIDADE DE CUIDADOS CONTINUADOS INTEGRADOS;3
HCM;2024;2;UNIDADE DE CUIDADOS CONTINUADOS INTEGRADOS;9
HCM;2024;3;UNIDADE DE CUIDADOS CONTINUADOS INTEGRADOS;25
HCM;2024;4;UNIDADE DE CUIDADOS CONTINUADOS INTEGRADOS;57
HCM;2024;5;UNIDADE DE CUIDADOS CONTINUADOS INTEGRADOS;31
HCM;2024;6;UNIDADE DE CUIDADOS CONTINUADOS INTEGRADOS;16
HCM;2024;7;BLOCO CIRURGICO;1
HCM;2024;7;UNIDADE DE CUIDADOS CONTINUADOS INTEGRADOS;7
HCM;2024;8;UNIDADE DE CUIDADOS CONTINUADOS INTEGRADOS;2
HCM;2024;9;UNIDADE DE CUIDADOS CONTINUADOS INTEGRADOS;2
HCM;2024;10;UNIDADE DE CUIDADOS CONTINUADOS INTEGRADOS;5
HCM;2024;11;UNIDADE DE CUIDADOS CONTINUADOS INTEGRADOS;2
HCM;2024;12;UNIDADE DE CUIDADOS CONTINUADOS INTEGRADOS;9
HCM;2025;1;UNIDADE DE CUIDADOS CONTINUADOS INTEGRADOS;4
HCM;2025;2;UNIDADE DE CUIDADOS CONTINUADOS INTEGRADOS;11
HCM;2025;3;UNIDADE DE CUIDADOS CONTINUADOS INTEGRADOS;8
HCM;2025;4;UNIDADE DE CUIDADOS CONTINUADOS INTEGRADOS;7
HCM;2025;5;UNIDADE DE CUIDADOS CONTINUADOS INTEGRADOS;5
HCM;2025;6;UNIDADE DE CUIDADOS CONTINUADOS INTEGRADOS;7
HCM;2025;7;UNIDADE DE CUIDADOS CONTINUADOS INTEGRADOS;8
HCM;2025;8;UNIDADE DE CUIDADOS CONTINUADOS INTEGRADOS;11
HCM;2025;9;UNIDADE DE CUIDADOS CONTINUADOS INTEGRADOS;5
HCM;2025;9;UNIDADE INTERNAÇÃO - CLINICA CIRURGICA;8
HCM;2025;10;UNIDADE DE CUIDADOS CONTINUADOS INTEGRADOS;1
HCM;2025;10;UNIDADE INTERNAÇÃO - CLINICA CIRURGICA;9
HCM;2025;11;UCC - ALA C;5
HCM;2025;11;UICP - ALA A;1
HCM;2025;11;UICP - ALA B;1
HCM;2025;11;UNIDADE INTERNAÇÃO - CLINICA CIRURGICA;7
HCM;2025;12;UCC - ALA C;9
HCM;2025;12;UICP - ALA A;6
HCM;2025;12;UICP - ALA B;1
HCM;2026;1;UCC - ALA C;12
HCM;2026;1;UICP - ALA A;2
HCM;2026;1;UICP - ALA B;5
HCM;2026;2;UCC - ALA C;27
HCM;2026;2;UICP - ALA A;4
HCM;2026;2;UICP - ALA B;3
HCM;2026;3;UCC - ALA C;40
HCM;2026;3;UICP - ALA A;2
HCM;2026;3;UICP - ALA B;1
HCM;2026;4;UCC - ALA C;50
HCM;2026;4;UICP - ALA A;3
HCM;2026;4;UICP - ALA B;5
HCM;2026;5;UCC - ALA C;45
HCM;2026;5;UICP - ALA A;5
HCM;2026;5;UICP - ALA B;1
HCM;2026;6;UCC - ALA C;56
HCM;2026;6;UICP - ALA A;6
HCM;2026;6;UICP - ALA B;3
HCM;2026;7;UCC - ALA C;75
HCM;2026;7;UICP - ALA A;6
HCM;2026;7;UICP - ALA B;2
HEM;2019;1;UNIDADE INTERNAÇÃO - DOENÇAS INFECTO-CONTAGIOSAS E PARASITÁRIAS DOENÇAS INFECTO CONTAGIOSAS;97
HEM;2019;1;UTI;17
HEM;2019;2;UNIDADE INTERNAÇÃO - DOENÇAS INFECTO-CONTAGIOSAS E PARASITÁRIAS DOENÇAS INFECTO CONTAGIOSAS;97
HEM;2019;2;UTI;11
HEM;2019;3;HOSPITAL DIA;1
HEM;2019;3;UNIDADE INTERNAÇÃO - DOENÇAS INFECTO-CONTAGIOSAS E PARASITÁRIAS DOENÇAS INFECTO CONTAGIOSAS;120
HEM;2019;3;UTI;27
HEM;2019;4;UNIDADE INTERNAÇÃO - DOENÇAS INFECTO-CONTAGIOSAS E PARASITÁRIAS DOENÇAS INFECTO CONTAGIOSAS;158
HEM;2019;4;UTI;28
HEM;2019;5;UNIDADE INTERNAÇÃO - DOENÇAS INFECTO-CONTAGIOSAS E PARASITÁRIAS DOENÇAS INFECTO CONTAGIOSAS;176
HEM;2019;5;UTI;31
HEM;2019;6;UNIDADE INTERNAÇÃO - DOENÇAS INFECTO-CONTAGIOSAS E PARASITÁRIAS DOENÇAS INFECTO CONTAGIOSAS;146
HEM;2019;6;UTI;27
HEM;2019;7;UNIDADE INTERNAÇÃO - DOENÇAS INFECTO-CONTAGIOSAS E PARASITÁRIAS DOENÇAS INFECTO CONTAGIOSAS;113
HEM;2019;7;UTI;14
HEM;2019;8;UNIDADE INTERNAÇÃO - DOENÇAS INFECTO-CONTAGIOSAS E PARASITÁRIAS DOENÇAS INFECTO CONTAGIOSAS;102
HEM;2019;8;UTI;14
HEM;2019;9;UNIDADE INTERNAÇÃO - DOENÇAS INFECTO-CONTAGIOSAS E PARASITÁRIAS DOENÇAS INFECTO CONTAGIOSAS;97
HEM;2019;9;UTI;22
HEM;2019;10;UNIDADE INTERNAÇÃO - DOENÇAS INFECTO-CONTAGIOSAS E PARASITÁRIAS DOENÇAS INFECTO CONTAGIOSAS;84
HEM;2019;10;UTI;19
HEM;2019;11;UNIDADE INTERNAÇÃO - DOENÇAS INFECTO-CONTAGIOSAS E PARASITÁRIAS DOENÇAS INFECTO CONTAGIOSAS;103
HEM;2019;11;UTI;17
HEM;2019;12;UNIDADE INTERNAÇÃO - DOENÇAS INFECTO-CONTAGIOSAS E PARASITÁRIAS DOENÇAS INFECTO CONTAGIOSAS;99
HEM;2019;12;UTI;25
HEM;2020;1;UNIDADE INTERNAÇÃO - DOENÇAS INFECTO-CONTAGIOSAS E PARASITÁRIAS DOENÇAS INFECTO CONTAGIOSAS;88
HEM;2020;1;UTI;26
HEM;2020;2;UNIDADE INTERNAÇÃO - DOENÇAS INFECTO-CONTAGIOSAS E PARASITÁRIAS DOENÇAS INFECTO CONTAGIOSAS;71
HEM;2020;2;UTI;21
HEM;2020;3;UNIDADE INTERNAÇÃO - DOENÇAS INFECTO-CONTAGIOSAS E PARASITÁRIAS DOENÇAS INFECTO CONTAGIOSAS;95
HEM;2020;3;UTI;39
HEM;2020;4;UNIDADE INTERNAÇÃO - DOENÇAS INFECTO-CONTAGIOSAS E PARASITÁRIAS DOENÇAS INFECTO CONTAGIOSAS;128
HEM;2020;4;UTI;49
HEM;2020;5;UNIDADE INTERNAÇÃO - DOENÇAS INFECTO-CONTAGIOSAS E PARASITÁRIAS DOENÇAS INFECTO CONTAGIOSAS;155
HEM;2020;5;UTI;56
HEM;2020;6;UNIDADE INTERNAÇÃO - DOENÇAS INFECTO-CONTAGIOSAS E PARASITÁRIAS DOENÇAS INFECTO CONTAGIOSAS;148
HEM;2020;6;UTI;54
HEM;2020;7;UNIDADE INTERNAÇÃO - DOENÇAS INFECTO-CONTAGIOSAS E PARASITÁRIAS DOENÇAS INFECTO CONTAGIOSAS;186
HEM;2020;7;UTI;69
HEM;2020;8;UNIDADE INTERNAÇÃO - DOENÇAS INFECTO-CONTAGIOSAS E PARASITÁRIAS DOENÇAS INFECTO CONTAGIOSAS;115
HEM;2020;8;UTI;51
HEM;2020;9;UNIDADE INTERNAÇÃO - DOENÇAS INFECTO-CONTAGIOSAS E PARASITÁRIAS DOENÇAS INFECTO CONTAGIOSAS;82
HEM;2020;9;UTI;52
HEM;2020;10;UNIDADE INTERNAÇÃO - DOENÇAS INFECTO-CONTAGIOSAS E PARASITÁRIAS DOENÇAS INFECTO CONTAGIOSAS;115
HEM;2020;10;UTI;45
HEM;2020;11;UNIDADE INTERNAÇÃO - DOENÇAS INFECTO-CONTAGIOSAS E PARASITÁRIAS DOENÇAS INFECTO CONTAGIOSAS;106
HEM;2020;11;UTI;57
HEM;2020;12;UNIDADE INTERNAÇÃO - DOENÇAS INFECTO-CONTAGIOSAS E PARASITÁRIAS DOENÇAS INFECTO CONTAGIOSAS;127
HEM;2020;12;UTI;88
HEM;2021;1;UNIDADE INTERNAÇÃO - DOENÇAS INFECTO-CONTAGIOSAS E PARASITÁRIAS DOENÇAS INFECTO CONTAGIOSAS;151
HEM;2021;1;UTI;64
HEM;2021;2;UNIDADE INTERNAÇÃO - DOENÇAS INFECTO-CONTAGIOSAS E PARASITÁRIAS DOENÇAS INFECTO CONTAGIOSAS;137
HEM;2021;2;UTI;34
HEM;2021;3;UNIDADE INTERNAÇÃO - DOENÇAS INFECTO-CONTAGIOSAS E PARASITÁRIAS DOENÇAS INFECTO CONTAGIOSAS;272
HEM;2021;3;UTI;41
HEM;2021;4;UNIDADE INTERNAÇÃO - DOENÇAS INFECTO-CONTAGIOSAS E PARASITÁRIAS DOENÇAS INFECTO CONTAGIOSAS;207
HEM;2021;4;UTI;49
HEM;2021;5;UNIDADE INTERNAÇÃO - DOENÇAS INFECTO-CONTAGIOSAS E PARASITÁRIAS DOENÇAS INFECTO CONTAGIOSAS;213
HEM;2021;5;UTI;21
HEM;2021;6;UNIDADE INTERNAÇÃO - DOENÇAS INFECTO-CONTAGIOSAS E PARASITÁRIAS DOENÇAS INFECTO CONTAGIOSAS;154
HEM;2021;6;UTI;31
HEM;2021;7;UNIDADE INTERNAÇÃO - DOENÇAS INFECTO-CONTAGIOSAS E PARASITÁRIAS DOENÇAS INFECTO CONTAGIOSAS;158
HEM;2021;7;UTI;45
HEM;2021;8;UNIDADE INTERNAÇÃO - DOENÇAS INFECTO-CONTAGIOSAS E PARASITÁRIAS DOENÇAS INFECTO CONTAGIOSAS;117
HEM;2021;8;UTI;9
HEM;2021;8;UTI - ADULTO;33
HEM;2021;9;UNIDADE INTERNAÇÃO - DOENÇAS INFECTO-CONTAGIOSAS E PARASITÁRIAS DOENÇAS INFECTO CONTAGIOSAS;104
HEM;2021;9;UTI - ADULTO;24
HEM;2021;10;UNIDADE INTERNAÇÃO - DOENÇAS INFECTO-CONTAGIOSAS E PARASITÁRIAS DOENÇAS INFECTO CONTAGIOSAS;128
HEM;2021;10;UTI - ADULTO;37
HEM;2021;11;UNIDADE INTERNAÇÃO - DOENÇAS INFECTO-CONTAGIOSAS E PARASITÁRIAS DOENÇAS INFECTO CONTAGIOSAS;126
HEM;2021;11;UTI - ADULTO;31
HEM;2021;12;UNIDADE INTERNAÇÃO - DOENÇAS INFECTO-CONTAGIOSAS E PARASITÁRIAS DOENÇAS INFECTO CONTAGIOSAS;149
HEM;2021;12;UTI - ADULTO;25
HEM;2022;1;UNIDADE INTERNAÇÃO - DOENÇAS INFECTO-CONTAGIOSAS E PARASITÁRIAS DOENÇAS INFECTO CONTAGIOSAS;176
HEM;2022;1;UTI - ADULTO;38
HEM;2022;2;UNIDADE INTERNAÇÃO - DOENÇAS INFECTO-CONTAGIOSAS E PARASITÁRIAS DOENÇAS INFECTO CONTAGIOSAS;98
HEM;2022;2;UTI - ADULTO;21
HEM;2022;3;UNIDADE INTERNAÇÃO - DOENÇAS INFECTO-CONTAGIOSAS E PARASITÁRIAS DOENÇAS INFECTO CONTAGIOSAS;94
HEM;2022;3;UTI - ADULTO;23
HEM;2022;4;UNIDADE INTERNAÇÃO - DOENÇAS INFECTO-CONTAGIOSAS E PARASITÁRIAS DOENÇAS INFECTO CONTAGIOSAS;84
HEM;2022;4;UTI - ADULTO;24
HEM;2022;5;UNIDADE INTERNAÇÃO - DOENÇAS INFECTO-CONTAGIOSAS E PARASITÁRIAS DOENÇAS INFECTO CONTAGIOSAS;137
HEM;2022;5;UTI - ADULTO;34
HEM;2022;6;UNIDADE INTERNAÇÃO - DOENÇAS INFECTO-CONTAGIOSAS E PARASITÁRIAS DOENÇAS INFECTO CONTAGIOSAS;141
HEM;2022;6;UTI - ADULTO;17
HEM;2022;7;UNIDADE INTERNAÇÃO - DOENÇAS INFECTO-CONTAGIOSAS E PARASITÁRIAS DOENÇAS INFECTO CONTAGIOSAS;148
HEM;2022;7;UTI - ADULTO;19
HEM;2022;8;UNIDADE INTERNAÇÃO - DOENÇAS INFECTO-CONTAGIOSAS E PARASITÁRIAS DOENÇAS INFECTO CONTAGIOSAS;140
HEM;2022;8;UTI - ADULTO;29
HEM;2022;9;UNIDADE INTERNAÇÃO - DOENÇAS INFECTO-CONTAGIOSAS E PARASITÁRIAS DOENÇAS INFECTO CONTAGIOSAS;160
HEM;2022;9;UTI - ADULTO;24
HEM;2022;10;UNIDADE INTERNAÇÃO - DOENÇAS INFECTO-CONTAGIOSAS E PARASITÁRIAS DOENÇAS INFECTO CONTAGIOSAS;150
HEM;2022;10;UTI - ADULTO;14
HEM;2022;11;UNIDADE INTERNAÇÃO - DOENÇAS INFECTO-CONTAGIOSAS E PARASITÁRIAS DOENÇAS INFECTO CONTAGIOSAS;167
HEM;2022;11;UTI - ADULTO;15
HEM;2022;12;UNIDADE INTERNAÇÃO - DOENÇAS INFECTO-CONTAGIOSAS E PARASITÁRIAS DOENÇAS INFECTO CONTAGIOSAS;172
HEM;2022;12;UTI - ADULTO;10
HEM;2023;1;UNIDADE INTERNAÇÃO - DOENÇAS INFECTO-CONTAGIOSAS E PARASITÁRIAS DOENÇAS INFECTO CONTAGIOSAS;152
HEM;2023;1;UTI - ADULTO;14
HEM;2023;2;UNIDADE INTERNAÇÃO - DOENÇAS INFECTO-CONTAGIOSAS E PARASITÁRIAS DOENÇAS INFECTO CONTAGIOSAS;146
HEM;2023;2;UTI - ADULTO;9
HEM;2023;3;UNIDADE INTERNAÇÃO - DOENÇAS INFECTO-CONTAGIOSAS E PARASITÁRIAS DOENÇAS INFECTO CONTAGIOSAS;137
HEM;2023;3;UTI - ADULTO;30
HEM;2023;4;UNIDADE INTERNAÇÃO - DOENÇAS INFECTO-CONTAGIOSAS E PARASITÁRIAS DOENÇAS INFECTO CONTAGIOSAS;131
HEM;2023;4;UTI - ADULTO;22
HEM;2023;5;UNIDADE INTERNAÇÃO - DOENÇAS INFECTO-CONTAGIOSAS E PARASITÁRIAS DOENÇAS INFECTO CONTAGIOSAS;118
HEM;2023;5;UTI - ADULTO;25
HEM;2023;6;UNIDADE INTERNAÇÃO - DOENÇAS INFECTO-CONTAGIOSAS E PARASITÁRIAS DOENÇAS INFECTO CONTAGIOSAS;128
HEM;2023;6;UTI - ADULTO;23
HEM;2023;7;UNIDADE INTERNAÇÃO - DOENÇAS INFECTO-CONTAGIOSAS E PARASITÁRIAS DOENÇAS INFECTO CONTAGIOSAS;121
HEM;2023;7;UTI - ADULTO;16
HEM;2023;8;UNIDADE INTERNAÇÃO - DOENÇAS INFECTO-CONTAGIOSAS E PARASITÁRIAS DOENÇAS INFECTO CONTAGIOSAS;152
HEM;2023;8;UTI - ADULTO;25
HEM;2023;9;UNIDADE INTERNAÇÃO - DOENÇAS INFECTO-CONTAGIOSAS E PARASITÁRIAS DOENÇAS INFECTO CONTAGIOSAS;112
HEM;2023;9;UTI - ADULTO;14
HEM;2023;10;UNIDADE INTERNAÇÃO - DOENÇAS INFECTO-CONTAGIOSAS E PARASITÁRIAS DOENÇAS INFECTO CONTAGIOSAS;93
HEM;2023;10;UTI - ADULTO;29
HEM;2023;11;UNIDADE INTERNAÇÃO - DOENÇAS INFECTO-CONTAGIOSAS E PARASITÁRIAS DOENÇAS INFECTO CONTAGIOSAS;123
HEM;2023;11;UTI - ADULTO;6
HEM;2023;12;UNIDADE INTERNAÇÃO - DOENÇAS INFECTO-CONTAGIOSAS E PARASITÁRIAS DOENÇAS INFECTO CONTAGIOSAS;143
HEM;2023;12;UTI - ADULTO;13
HEM;2024;1;UNIDADE INTERNAÇÃO - DOENÇAS INFECTO-CONTAGIOSAS E PARASITÁRIAS DOENÇAS INFECTO CONTAGIOSAS;234
HEM;2024;1;UTI - ADULTO;27
HEM;2024;2;UNIDADE INTERNAÇÃO - DOENÇAS INFECTO-CONTAGIOSAS E PARASITÁRIAS DOENÇAS INFECTO CONTAGIOSAS;354
HEM;2024;2;UTI - ADULTO;30
HEM;2024;3;HOSPITAL DIA;1
HEM;2024;3;UNIDADE INTERNAÇÃO - DOENÇAS INFECTO-CONTAGIOSAS E PARASITÁRIAS DOENÇAS INFECTO CONTAGIOSAS;403
HEM;2024;3;UTI - ADULTO;23
HEM;2024;4;UNIDADE INTERNAÇÃO - DOENÇAS INFECTO-CONTAGIOSAS E PARASITÁRIAS DOENÇAS INFECTO CONTAGIOSAS;337
HEM;2024;4;UTI - ADULTO;23
HEM;2024;5;UNIDADE INTERNAÇÃO - DOENÇAS INFECTO-CONTAGIOSAS E PARASITÁRIAS DOENÇAS INFECTO CONTAGIOSAS;226
HEM;2024;5;UTI - ADULTO;19
HEM;2024;6;UNIDADE INTERNAÇÃO - DOENÇAS INFECTO-CONTAGIOSAS E PARASITÁRIAS DOENÇAS INFECTO CONTAGIOSAS;148
HEM;2024;6;UTI - ADULTO;18
HEM;2024;7;UNIDADE INTERNAÇÃO - DOENÇAS INFECTO-CONTAGIOSAS E PARASITÁRIAS DOENÇAS INFECTO CONTAGIOSAS;141
HEM;2024;7;UTI - ADULTO;15
HEM;2024;8;UNIDADE INTERNAÇÃO - DOENÇAS INFECTO-CONTAGIOSAS E PARASITÁRIAS DOENÇAS INFECTO CONTAGIOSAS;125
HEM;2024;8;UTI - ADULTO;15
HEM;2024;9;UNIDADE INTERNAÇÃO - DOENÇAS INFECTO-CONTAGIOSAS E PARASITÁRIAS DOENÇAS INFECTO CONTAGIOSAS;132
HEM;2024;9;UTI - ADULTO;19
HEM;2024;10;UNIDADE INTERNAÇÃO - DOENÇAS INFECTO-CONTAGIOSAS E PARASITÁRIAS DOENÇAS INFECTO CONTAGIOSAS;132
HEM;2024;10;UTI - ADULTO;12
HEM;2024;11;UNIDADE INTERNAÇÃO - DOENÇAS INFECTO-CONTAGIOSAS E PARASITÁRIAS DOENÇAS INFECTO CONTAGIOSAS;136
HEM;2024;11;UTI - ADULTO;13
HEM;2024;12;UNIDADE INTERNAÇÃO - DOENÇAS INFECTO-CONTAGIOSAS E PARASITÁRIAS DOENÇAS INFECTO CONTAGIOSAS;110
HEM;2024;12;UTI - ADULTO;24
HEM;2025;1;UNIDADE INTERNAÇÃO - DOENÇAS INFECTO-CONTAGIOSAS E PARASITÁRIAS DOENÇAS INFECTO CONTAGIOSAS;120
HEM;2025;1;UTI - ADULTO;28
HEM;2025;2;UNIDADE INTERNAÇÃO - DOENÇAS INFECTO-CONTAGIOSAS E PARASITÁRIAS DOENÇAS INFECTO CONTAGIOSAS;123
HEM;2025;2;UTI - ADULTO;22
HEM;2025;3;UNIDADE INTERNAÇÃO - DOENÇAS INFECTO-CONTAGIOSAS E PARASITÁRIAS DOENÇAS INFECTO CONTAGIOSAS;133
HEM;2025;3;UTI - ADULTO;20
HEM;2025;4;UNIDADE INTERNAÇÃO - DOENÇAS INFECTO-CONTAGIOSAS E PARASITÁRIAS DOENÇAS INFECTO CONTAGIOSAS;150
HEM;2025;4;UTI - ADULTO;17
HEM;2025;5;AMBULATORIO DE INFECTOLOGIA;1
HEM;2025;5;UNIDADE INTERNAÇÃO - DOENÇAS INFECTO-CONTAGIOSAS E PARASITÁRIAS DOENÇAS INFECTO CONTAGIOSAS;135
HEM;2025;5;UTI - ADULTO;17
HEM;2025;6;ALA A;25
HEM;2025;6;ALA C;29
HEM;2025;6;ALA D;27
HEM;2025;6;CTI - ADULTO;23
HEM;2025;6;UNIDADE INTERNAÇÃO - DOENÇAS INFECTO-CONTAGIOSAS E PARASITÁRIAS DOENÇAS INFECTO CONTAGIOSAS;12
HEM;2025;6;UTI - ADULTO;2
HEM;2025;7;ALA A;51
HEM;2025;7;ALA C;60
HEM;2025;7;ALA D;34
HEM;2025;7;CTI - ADULTO;37
HEM;2025;8;ALA A;44
HEM;2025;8;ALA C;51
HEM;2025;8;ALA D;38
HEM;2025;8;CTI - ADULTO;37
HEM;2025;9;ALA A;53
HEM;2025;9;ALA C;50
HEM;2025;9;ALA D;39
HEM;2025;9;CTI - ADULTO;28
HEM;2025;10;ALA A;65
HEM;2025;10;ALA C;60
HEM;2025;10;ALA D;47
HEM;2025;10;CTI - ADULTO;21
HEM;2025;11;ALA A;48
HEM;2025;11;ALA C;49
HEM;2025;11;ALA D;49
HEM;2025;11;CTI - ADULTO;15
HEM;2025;12;ALA A;53
HEM;2025;12;ALA C;48
HEM;2025;12;ALA D;36
HEM;2025;12;CTI - ADULTO;19
HEM;2026;1;ALA A;42
HEM;2026;1;ALA C;55
HEM;2026;1;ALA D;37
HEM;2026;1;CTI - ADULTO;22
HEM;2026;2;ALA A;53
HEM;2026;2;ALA C;50
HEM;2026;2;ALA D;35
HEM;2026;2;CTI - ADULTO;14
HEM;2026;3;ALA A;61
HEM;2026;3;ALA C;54
HEM;2026;3;ALA D;39
HEM;2026;3;CTI - ADULTO;24
HEM;2026;4;ALA A;60
HEM;2026;4;ALA C;56
HEM;2026;4;ALA D;31
HEM;2026;4;CTI - ADULTO;17
HEM;2026;5;ALA A;57
HEM;2026;5;ALA C;72
HEM;2026;5;ALA D;44
HEM;2026;5;CTI - ADULTO;16
HEM;2026;6;ALA A;62
HEM;2026;6;ALA C;44
HEM;2026;6;ALA D;41
HEM;2026;6;CTI - ADULTO;25
HEM;2026;7;ALA A;60
HEM;2026;7;ALA C;53
HEM;2026;7;ALA D;49
HEM;2026;7;CTI - ADULTO;20
HIJPII;2019;1;UNIDADE INTERNAÇÃO - CLINICA PEDIÁTRICA;178
HIJPII;2019;1;UNIDADE INTERNAÇÃO - CURTO PRAZO;95
HIJPII;2019;1;UNIDADE INTERNAÇÃO - DOENÇAS INFECTO-CONTAGIOSAS E PARASITÁRIAS;101
HIJPII;2019;1;UTI;30
HIJPII;2019;2;UNIDADE INTERNAÇÃO - CLINICA PEDIÁTRICA;158
HIJPII;2019;2;UNIDADE INTERNAÇÃO - CURTO PRAZO;97
HIJPII;2019;2;UNIDADE INTERNAÇÃO - DOENÇAS INFECTO-CONTAGIOSAS E PARASITÁRIAS;94
HIJPII;2019;2;UTI;33
HIJPII;2019;3;UNIDADE INTERNAÇÃO - CLINICA PEDIÁTRICA;180
HIJPII;2019;3;UNIDADE INTERNAÇÃO - CURTO PRAZO;205
HIJPII;2019;3;UNIDADE INTERNAÇÃO - DOENÇAS INFECTO-CONTAGIOSAS E PARASITÁRIAS;113
HIJPII;2019;3;UTI;39
HIJPII;2019;4;UNIDADE INTERNAÇÃO - CLINICA PEDIÁTRICA;166
HIJPII;2019;4;UNIDADE INTERNAÇÃO - CURTO PRAZO;320
HIJPII;2019;4;UNIDADE INTERNAÇÃO - DOENÇAS INFECTO-CONTAGIOSAS E PARASITÁRIAS;117
HIJPII;2019;4;UTI;19
HIJPII;2019;5;UNIDADE INTERNAÇÃO - CLINICA PEDIÁTRICA;224
HIJPII;2019;5;UNIDADE INTERNAÇÃO - CURTO PRAZO;244
HIJPII;2019;5;UNIDADE INTERNAÇÃO - DOENÇAS INFECTO-CONTAGIOSAS E PARASITÁRIAS;135
HIJPII;2019;5;UTI;21
HIJPII;2019;6;UNIDADE INTERNAÇÃO - CLINICA PEDIÁTRICA;182
HIJPII;2019;6;UNIDADE INTERNAÇÃO - CURTO PRAZO;203
HIJPII;2019;6;UNIDADE INTERNAÇÃO - DOENÇAS INFECTO-CONTAGIOSAS E PARASITÁRIAS;133
HIJPII;2019;6;UTI;39
HIJPII;2019;7;UNIDADE INTERNAÇÃO - CLINICA PEDIÁTRICA;167
HIJPII;2019;7;UNIDADE INTERNAÇÃO - CURTO PRAZO;142
HIJPII;2019;7;UNIDADE INTERNAÇÃO - DOENÇAS INFECTO-CONTAGIOSAS E PARASITÁRIAS;107
HIJPII;2019;7;UTI;41
HIJPII;2019;8;UNIDADE INTERNAÇÃO - CLINICA PEDIÁTRICA;185
HIJPII;2019;8;UNIDADE INTERNAÇÃO - CURTO PRAZO;84
HIJPII;2019;8;UNIDADE INTERNAÇÃO - DOENÇAS INFECTO-CONTAGIOSAS E PARASITÁRIAS;121
HIJPII;2019;8;UTI;39
HIJPII;2019;9;UNIDADE INTERNAÇÃO - CLINICA PEDIÁTRICA;170
HIJPII;2019;9;UNIDADE INTERNAÇÃO - CURTO PRAZO;78
HIJPII;2019;9;UNIDADE INTERNAÇÃO - DOENÇAS INFECTO-CONTAGIOSAS E PARASITÁRIAS;128
HIJPII;2019;9;UTI;43
HIJPII;2019;10;UNIDADE INTERNAÇÃO - CLINICA PEDIÁTRICA;211
HIJPII;2019;10;UNIDADE INTERNAÇÃO - CURTO PRAZO;39
HIJPII;2019;10;UNIDADE INTERNAÇÃO - DOENÇAS INFECTO-CONTAGIOSAS E PARASITÁRIAS;101
HIJPII;2019;10;UTI;40
HIJPII;2019;11;UNIDADE INTERNAÇÃO - CLINICA PEDIÁTRICA;213
HIJPII;2019;11;UNIDADE INTERNAÇÃO - CURTO PRAZO;37
HIJPII;2019;11;UNIDADE INTERNAÇÃO - DOENÇAS INFECTO-CONTAGIOSAS E PARASITÁRIAS;93
HIJPII;2019;11;UTI;29
HIJPII;2019;12;UNIDADE INTERNAÇÃO - CLINICA PEDIÁTRICA;228
HIJPII;2019;12;UNIDADE INTERNAÇÃO - CURTO PRAZO;61
HIJPII;2019;12;UNIDADE INTERNAÇÃO - DOENÇAS INFECTO-CONTAGIOSAS E PARASITÁRIAS;124
HIJPII;2019;12;UTI;45
HIJPII;2020;1;UNIDADE INTERNAÇÃO - CLINICA PEDIÁTRICA;207
HIJPII;2020;1;UNIDADE INTERNAÇÃO - CURTO PRAZO;19
HIJPII;2020;1;UNIDADE INTERNAÇÃO - DOENÇAS INFECTO-CONTAGIOSAS E PARASITÁRIAS;80
HIJPII;2020;1;UTI;31
HIJPII;2020;2;UNIDADE INTERNAÇÃO - CLINICA PEDIÁTRICA;189
HIJPII;2020;2;UNIDADE INTERNAÇÃO - CURTO PRAZO;39
HIJPII;2020;2;UNIDADE INTERNAÇÃO - DOENÇAS INFECTO-CONTAGIOSAS E PARASITÁRIAS;101
HIJPII;2020;2;UTI;49
HIJPII;2020;3;UNIDADE INTERNAÇÃO - CLINICA PEDIÁTRICA;196
HIJPII;2020;3;UNIDADE INTERNAÇÃO - CURTO PRAZO;56
HIJPII;2020;3;UNIDADE INTERNAÇÃO - DOENÇAS INFECTO-CONTAGIOSAS E PARASITÁRIAS;153
HIJPII;2020;3;UTI;39
HIJPII;2020;4;UNIDADE INTERNAÇÃO - CLINICA PEDIÁTRICA;133
HIJPII;2020;4;UNIDADE INTERNAÇÃO - CURTO PRAZO;10
HIJPII;2020;4;UNIDADE INTERNAÇÃO - DOENÇAS INFECTO-CONTAGIOSAS E PARASITÁRIAS;68
HIJPII;2020;4;UTI;21
HIJPII;2020;5;UNIDADE INTERNAÇÃO - CLINICA PEDIÁTRICA;144
HIJPII;2020;5;UNIDADE INTERNAÇÃO - CURTO PRAZO;9
HIJPII;2020;5;UNIDADE INTERNAÇÃO - DOENÇAS INFECTO-CONTAGIOSAS E PARASITÁRIAS;76
HIJPII;2020;5;UTI;39
HIJPII;2020;6;UNIDADE INTERNAÇÃO - CLINICA PEDIÁTRICA;140
HIJPII;2020;6;UNIDADE INTERNAÇÃO - CURTO PRAZO;27
HIJPII;2020;6;UNIDADE INTERNAÇÃO - DOENÇAS INFECTO-CONTAGIOSAS E PARASITÁRIAS;128
HIJPII;2020;6;UTI;49
HIJPII;2020;7;UNIDADE INTERNAÇÃO - CLINICA PEDIÁTRICA;144
HIJPII;2020;7;UNIDADE INTERNAÇÃO - CURTO PRAZO;15
HIJPII;2020;7;UNIDADE INTERNAÇÃO - DOENÇAS INFECTO-CONTAGIOSAS E PARASITÁRIAS;159
HIJPII;2020;7;UTI;47
HIJPII;2020;8;UNIDADE INTERNAÇÃO - CLINICA PEDIÁTRICA;156
HIJPII;2020;8;UNIDADE INTERNAÇÃO - CURTO PRAZO;15
HIJPII;2020;8;UNIDADE INTERNAÇÃO - DOENÇAS INFECTO-CONTAGIOSAS E PARASITÁRIAS;120
HIJPII;2020;8;UTI;36
HIJPII;2020;9;UNIDADE INTERNAÇÃO - CLINICA PEDIÁTRICA;158
HIJPII;2020;9;UNIDADE INTERNAÇÃO - CURTO PRAZO;20
HIJPII;2020;9;UNIDADE INTERNAÇÃO - DOENÇAS INFECTO-CONTAGIOSAS E PARASITÁRIAS;94
HIJPII;2020;9;UTI;38
HIJPII;2020;10;UNIDADE INTERNAÇÃO - CLINICA PEDIÁTRICA;141
HIJPII;2020;10;UNIDADE INTERNAÇÃO - CURTO PRAZO;24
HIJPII;2020;10;UNIDADE INTERNAÇÃO - DOENÇAS INFECTO-CONTAGIOSAS E PARASITÁRIAS;97
HIJPII;2020;10;UTI;32
HIJPII;2020;11;UNIDADE INTERNAÇÃO - CLINICA PEDIÁTRICA;162
HIJPII;2020;11;UNIDADE INTERNAÇÃO - CURTO PRAZO;22
HIJPII;2020;11;UNIDADE INTERNAÇÃO - DOENÇAS INFECTO-CONTAGIOSAS E PARASITÁRIAS;128
HIJPII;2020;11;UTI;49
HIJPII;2020;12;UNIDADE INTERNAÇÃO - CLINICA PEDIÁTRICA;139
HIJPII;2020;12;UNIDADE INTERNAÇÃO - CURTO PRAZO;21
HIJPII;2020;12;UNIDADE INTERNAÇÃO - DOENÇAS INFECTO-CONTAGIOSAS E PARASITÁRIAS;121
HIJPII;2020;12;UTI;35
HIJPII;2021;1;UNIDADE INTERNAÇÃO - CLINICA PEDIÁTRICA;171
HIJPII;2021;1;UNIDADE INTERNAÇÃO - CURTO PRAZO;26
HIJPII;2021;1;UNIDADE INTERNAÇÃO - DOENÇAS INFECTO-CONTAGIOSAS E PARASITÁRIAS;124
HIJPII;2021;1;UTI;46
HIJPII;2021;2;UNIDADE INTERNAÇÃO - CLINICA PEDIÁTRICA;129
HIJPII;2021;2;UNIDADE INTERNAÇÃO - CURTO PRAZO;35
HIJPII;2021;2;UNIDADE INTERNAÇÃO - DOENÇAS INFECTO-CONTAGIOSAS E PARASITÁRIAS;134
HIJPII;2021;2;UTI;39
HIJPII;2021;3;UNIDADE INTERNAÇÃO - CLINICA PEDIÁTRICA;152
HIJPII;2021;3;UNIDADE INTERNAÇÃO - CURTO PRAZO;61
HIJPII;2021;3;UNIDADE INTERNAÇÃO - DOENÇAS INFECTO-CONTAGIOSAS E PARASITÁRIAS;171
HIJPII;2021;3;UTI;55
HIJPII;2021;4;UNIDADE INTERNAÇÃO - CLINICA PEDIÁTRICA;162
HIJPII;2021;4;UNIDADE INTERNAÇÃO - CURTO PRAZO;46
HIJPII;2021;4;UNIDADE INTERNAÇÃO - DOENÇAS INFECTO-CONTAGIOSAS E PARASITÁRIAS;155
HIJPII;2021;4;UTI;40
HIJPII;2021;5;UNIDADE INTERNAÇÃO - CLINICA PEDIÁTRICA;149
HIJPII;2021;5;UNIDADE INTERNAÇÃO - CURTO PRAZO;62
HIJPII;2021;5;UNIDADE INTERNAÇÃO - DOENÇAS INFECTO-CONTAGIOSAS E PARASITÁRIAS;133
HIJPII;2021;5;UTI;48
HIJPII;2021;6;UNIDADE INTERNAÇÃO - CLINICA PEDIÁTRICA;118
HIJPII;2021;6;UNIDADE INTERNAÇÃO - CURTO PRAZO;58
HIJPII;2021;6;UNIDADE INTERNAÇÃO - DOENÇAS INFECTO-CONTAGIOSAS E PARASITÁRIAS;119
HIJPII;2021;6;UTI;41
HIJPII;2021;7;UNIDADE INTERNAÇÃO - CLINICA PEDIÁTRICA;130
HIJPII;2021;7;UNIDADE INTERNAÇÃO - CURTO PRAZO;57
HIJPII;2021;7;UNIDADE INTERNAÇÃO - DOENÇAS INFECTO-CONTAGIOSAS E PARASITÁRIAS;115
HIJPII;2021;7;UTI;37
HIJPII;2021;8;UNIDADE INTERNAÇÃO - CLINICA PEDIÁTRICA;126
HIJPII;2021;8;UNIDADE INTERNAÇÃO - CURTO PRAZO;36
HIJPII;2021;8;UNIDADE INTERNAÇÃO - DOENÇAS INFECTO-CONTAGIOSAS E PARASITÁRIAS;120
HIJPII;2021;8;UTI;54
HIJPII;2021;9;UNIDADE INTERNAÇÃO - CLINICA PEDIÁTRICA;145
HIJPII;2021;9;UNIDADE INTERNAÇÃO - CURTO PRAZO;67
HIJPII;2021;9;UNIDADE INTERNAÇÃO - DOENÇAS INFECTO-CONTAGIOSAS E PARASITÁRIAS;112
HIJPII;2021;9;UTI;41
HIJPII;2021;10;UNIDADE INTERNAÇÃO - CLINICA PEDIÁTRICA;141
HIJPII;2021;10;UNIDADE INTERNAÇÃO - CURTO PRAZO;67
HIJPII;2021;10;UNIDADE INTERNAÇÃO - DOENÇAS INFECTO-CONTAGIOSAS E PARASITÁRIAS;132
HIJPII;2021;10;UTI;45
HIJPII;2021;11;UNIDADE INTERNAÇÃO - CLINICA PEDIÁTRICA;154
HIJPII;2021;11;UNIDADE INTERNAÇÃO - CURTO PRAZO;73
HIJPII;2021;11;UNIDADE INTERNAÇÃO - DOENÇAS INFECTO-CONTAGIOSAS E PARASITÁRIAS;126
HIJPII;2021;11;UTI;52
HIJPII;2021;12;UNIDADE INTERNAÇÃO - CLINICA PEDIÁTRICA;149
HIJPII;2021;12;UNIDADE INTERNAÇÃO - CURTO PRAZO;108
HIJPII;2021;12;UNIDADE INTERNAÇÃO - DOENÇAS INFECTO-CONTAGIOSAS E PARASITÁRIAS;153
HIJPII;2021;12;UTI;70
HIJPII;2022;1;UNIDADE INTERNAÇÃO - CLINICA PEDIÁTRICA;121
HIJPII;2022;1;UNIDADE INTERNAÇÃO - CURTO PRAZO;163
HIJPII;2022;1;UNIDADE INTERNAÇÃO - DOENÇAS INFECTO-CONTAGIOSAS E PARASITÁRIAS;98
HIJPII;2022;1;UTI;49
HIJPII;2022;2;UNIDADE INTERNAÇÃO - CLINICA PEDIÁTRICA;158
HIJPII;2022;2;UNIDADE INTERNAÇÃO - CURTO PRAZO;91
HIJPII;2022;2;UNIDADE INTERNAÇÃO - DOENÇAS INFECTO-CONTAGIOSAS E PARASITÁRIAS;94
HIJPII;2022;2;UTI;42
HIJPII;2022;3;UNIDADE INTERNAÇÃO - CLINICA PEDIÁTRICA;173
HIJPII;2022;3;UNIDADE INTERNAÇÃO - CURTO PRAZO;136
HIJPII;2022;3;UNIDADE INTERNAÇÃO - DOENÇAS INFECTO-CONTAGIOSAS E PARASITÁRIAS;128
HIJPII;2022;3;UTI;77
HIJPII;2022;4;UNIDADE INTERNAÇÃO - CLINICA PEDIÁTRICA;180
HIJPII;2022;4;UNIDADE INTERNAÇÃO - CURTO PRAZO;82
HIJPII;2022;4;UNIDADE INTERNAÇÃO - DOENÇAS INFECTO-CONTAGIOSAS E PARASITÁRIAS;126
HIJPII;2022;4;UTI;60
HIJPII;2022;5;UNIDADE INTERNAÇÃO - CLINICA PEDIÁTRICA;170
HIJPII;2022;5;UNIDADE INTERNAÇÃO - CURTO PRAZO;116
HIJPII;2022;5;UNIDADE INTERNAÇÃO - DOENÇAS INFECTO-CONTAGIOSAS E PARASITÁRIAS;106
HIJPII;2022;5;UTI;73
HIJPII;2022;6;UNIDADE INTERNAÇÃO - CLINICA PEDIÁTRICA;143
HIJPII;2022;6;UNIDADE INTERNAÇÃO - CURTO PRAZO;100
HIJPII;2022;6;UNIDADE INTERNAÇÃO - DOENÇAS INFECTO-CONTAGIOSAS E PARASITÁRIAS;110
HIJPII;2022;6;UTI;53
HIJPII;2022;7;UNIDADE INTERNAÇÃO - CLINICA PEDIÁTRICA;136
HIJPII;2022;7;UNIDADE INTERNAÇÃO - CURTO PRAZO;113
HIJPII;2022;7;UNIDADE INTERNAÇÃO - DOENÇAS INFECTO-CONTAGIOSAS E PARASITÁRIAS;101
HIJPII;2022;7;UTI;58
HIJPII;2022;8;UNIDADE INTERNAÇÃO - CLINICA PEDIÁTRICA;161
HIJPII;2022;8;UNIDADE INTERNAÇÃO - CURTO PRAZO;67
HIJPII;2022;8;UNIDADE INTERNAÇÃO - DOENÇAS INFECTO-CONTAGIOSAS E PARASITÁRIAS;104
HIJPII;2022;8;UTI;38
HIJPII;2022;9;UNIDADE INTERNAÇÃO - CLINICA PEDIÁTRICA;216
HIJPII;2022;9;UNIDADE INTERNAÇÃO - CURTO PRAZO;56
HIJPII;2022;9;UNIDADE INTERNAÇÃO - DOENÇAS INFECTO-CONTAGIOSAS E PARASITÁRIAS;107
HIJPII;2022;9;UTI;27
HIJPII;2022;10;UNIDADE INTERNAÇÃO - CLINICA PEDIÁTRICA;185
HIJPII;2022;10;UNIDADE INTERNAÇÃO - CURTO PRAZO;75
HIJPII;2022;10;UNIDADE INTERNAÇÃO - DOENÇAS INFECTO-CONTAGIOSAS E PARASITÁRIAS;120
HIJPII;2022;10;UTI;19
HIJPII;2022;11;UNIDADE INTERNAÇÃO - CLINICA PEDIÁTRICA;203
HIJPII;2022;11;UNIDADE INTERNAÇÃO - CURTO PRAZO;90
HIJPII;2022;11;UNIDADE INTERNAÇÃO - DOENÇAS INFECTO-CONTAGIOSAS E PARASITÁRIAS;125
HIJPII;2022;11;UTI;35
HIJPII;2022;12;UNIDADE INTERNAÇÃO - CLINICA PEDIÁTRICA;154
HIJPII;2022;12;UNIDADE INTERNAÇÃO - CURTO PRAZO;48
HIJPII;2022;12;UNIDADE INTERNAÇÃO - DOENÇAS INFECTO-CONTAGIOSAS E PARASITÁRIAS;111
HIJPII;2022;12;UTI;52
HIJPII;2023;1;UNIDADE INTERNAÇÃO - CLINICA PEDIÁTRICA;161
HIJPII;2023;1;UNIDADE INTERNAÇÃO - CURTO PRAZO;48
HIJPII;2023;1;UNIDADE INTERNAÇÃO - DOENÇAS INFECTO-CONTAGIOSAS E PARASITÁRIAS;90
HIJPII;2023;1;UTI;48
HIJPII;2023;2;UNIDADE INTERNAÇÃO - CLINICA PEDIÁTRICA;230
HIJPII;2023;2;UNIDADE INTERNAÇÃO - CURTO PRAZO;60
HIJPII;2023;2;UNIDADE INTERNAÇÃO - DOENÇAS INFECTO-CONTAGIOSAS E PARASITÁRIAS;110
HIJPII;2023;2;UTI;57
HIJPII;2023;3;UNIDADE INTERNAÇÃO - CLINICA PEDIÁTRICA;221
HIJPII;2023;3;UNIDADE INTERNAÇÃO - CURTO PRAZO;140
HIJPII;2023;3;UNIDADE INTERNAÇÃO - DOENÇAS INFECTO-CONTAGIOSAS E PARASITÁRIAS;106
HIJPII;2023;3;UTI;61
HIJPII;2023;4;UNIDADE INTERNAÇÃO - CLINICA PEDIÁTRICA;186
HIJPII;2023;4;UNIDADE INTERNAÇÃO - CURTO PRAZO;108
HIJPII;2023;4;UNIDADE INTERNAÇÃO - DOENÇAS INFECTO-CONTAGIOSAS E PARASITÁRIAS;116
HIJPII;2023;4;UTI;56
HIJPII;2023;5;UNIDADE INTERNAÇÃO - CLINICA PEDIÁTRICA;183
HIJPII;2023;5;UNIDADE INTERNAÇÃO - CURTO PRAZO;148
HIJPII;2023;5;UNIDADE INTERNAÇÃO - DOENÇAS INFECTO-CONTAGIOSAS E PARASITÁRIAS;109
HIJPII;2023;5;UTI;63
HIJPII;2023;6;UNIDADE INTERNAÇÃO - CLINICA PEDIÁTRICA;174
HIJPII;2023;6;UNIDADE INTERNAÇÃO - CURTO PRAZO;94
HIJPII;2023;6;UNIDADE INTERNAÇÃO - DOENÇAS INFECTO-CONTAGIOSAS E PARASITÁRIAS;86
HIJPII;2023;6;UTI;44
HIJPII;2023;7;UNIDADE INTERNAÇÃO - CLINICA PEDIÁTRICA;156
HIJPII;2023;7;UNIDADE INTERNAÇÃO - CURTO PRAZO;139
HIJPII;2023;7;UNIDADE INTERNAÇÃO - DOENÇAS INFECTO-CONTAGIOSAS E PARASITÁRIAS;80
HIJPII;2023;7;UTI;57
HIJPII;2023;8;UNIDADE INTERNAÇÃO - CLINICA PEDIÁTRICA;144
HIJPII;2023;8;UNIDADE INTERNAÇÃO - CURTO PRAZO;100
HIJPII;2023;8;UNIDADE INTERNAÇÃO - DOENÇAS INFECTO-CONTAGIOSAS E PARASITÁRIAS;98
HIJPII;2023;8;UTI;51
HIJPII;2023;9;UNIDADE INTERNAÇÃO - CLINICA PEDIÁTRICA;157
HIJPII;2023;9;UNIDADE INTERNAÇÃO - CURTO PRAZO;78
HIJPII;2023;9;UNIDADE INTERNAÇÃO - DOENÇAS INFECTO-CONTAGIOSAS E PARASITÁRIAS;84
HIJPII;2023;9;UTI;57
HIJPII;2023;10;UNIDADE INTERNAÇÃO - CLINICA PEDIÁTRICA;166
HIJPII;2023;10;UNIDADE INTERNAÇÃO - CURTO PRAZO;57
HIJPII;2023;10;UNIDADE INTERNAÇÃO - DOENÇAS INFECTO-CONTAGIOSAS E PARASITÁRIAS;76
HIJPII;2023;10;UTI;54
HIJPII;2023;11;UNIDADE INTERNAÇÃO - CLINICA PEDIÁTRICA;153
HIJPII;2023;11;UNIDADE INTERNAÇÃO - CURTO PRAZO;48
HIJPII;2023;11;UNIDADE INTERNAÇÃO - DOENÇAS INFECTO-CONTAGIOSAS E PARASITÁRIAS;76
HIJPII;2023;11;UTI;45
HIJPII;2023;12;UNIDADE INTERNAÇÃO - CLINICA PEDIÁTRICA;156
HIJPII;2023;12;UNIDADE INTERNAÇÃO - CURTO PRAZO;53
HIJPII;2023;12;UNIDADE INTERNAÇÃO - DOENÇAS INFECTO-CONTAGIOSAS E PARASITÁRIAS;64
HIJPII;2023;12;UTI;54
HIJPII;2024;1;UNIDADE INTERNAÇÃO - CLINICA PEDIÁTRICA;154
HIJPII;2024;1;UNIDADE INTERNAÇÃO - CURTO PRAZO;59
HIJPII;2024;1;UNIDADE INTERNAÇÃO - DOENÇAS INFECTO-CONTAGIOSAS E PARASITÁRIAS;59
HIJPII;2024;1;UTI;52
HIJPII;2024;2;UNIDADE INTERNAÇÃO - CLINICA PEDIÁTRICA;175
HIJPII;2024;2;UNIDADE INTERNAÇÃO - CURTO PRAZO;87
HIJPII;2024;2;UNIDADE INTERNAÇÃO - DOENÇAS INFECTO-CONTAGIOSAS E PARASITÁRIAS;111
HIJPII;2024;2;UTI;66
HIJPII;2024;3;UNIDADE INTERNAÇÃO - CLINICA PEDIÁTRICA;255
HIJPII;2024;3;UNIDADE INTERNAÇÃO - CURTO PRAZO;203
HIJPII;2024;3;UNIDADE INTERNAÇÃO - DOENÇAS INFECTO-CONTAGIOSAS E PARASITÁRIAS;114
HIJPII;2024;3;UTI;56
HIJPII;2024;4;UNIDADE INTERNAÇÃO - CLINICA PEDIÁTRICA;235
HIJPII;2024;4;UNIDADE INTERNAÇÃO - CURTO PRAZO;180
HIJPII;2024;4;UNIDADE INTERNAÇÃO - DOENÇAS INFECTO-CONTAGIOSAS E PARASITÁRIAS;140
HIJPII;2024;4;UTI;36
HIJPII;2024;5;UNIDADE INTERNAÇÃO - CLINICA PEDIÁTRICA;218
HIJPII;2024;5;UNIDADE INTERNAÇÃO - CURTO PRAZO;94
HIJPII;2024;5;UNIDADE INTERNAÇÃO - DOENÇAS INFECTO-CONTAGIOSAS E PARASITÁRIAS;121
HIJPII;2024;5;UTI;52
HIJPII;2024;6;UNIDADE INTERNAÇÃO - CLINICA PEDIÁTRICA;190
HIJPII;2024;6;UNIDADE INTERNAÇÃO - CURTO PRAZO;74
HIJPII;2024;6;UNIDADE INTERNAÇÃO - DOENÇAS INFECTO-CONTAGIOSAS E PARASITÁRIAS;75
HIJPII;2024;6;UTI;64
HIJPII;2024;7;UNIDADE INTERNAÇÃO - CLINICA PEDIÁTRICA;183
HIJPII;2024;7;UNIDADE INTERNAÇÃO - CURTO PRAZO;72
HIJPII;2024;7;UNIDADE INTERNAÇÃO - DOENÇAS INFECTO-CONTAGIOSAS E PARASITÁRIAS;80
HIJPII;2024;7;UTI;47
HIJPII;2024;8;UNIDADE INTERNAÇÃO - CLINICA PEDIÁTRICA;172
HIJPII;2024;8;UNIDADE INTERNAÇÃO - CURTO PRAZO;42
HIJPII;2024;8;UNIDADE INTERNAÇÃO - DOENÇAS INFECTO-CONTAGIOSAS E PARASITÁRIAS;81
HIJPII;2024;8;UTI;50
HIJPII;2024;9;UNIDADE INTERNAÇÃO - CLINICA PEDIÁTRICA;191
HIJPII;2024;9;UNIDADE INTERNAÇÃO - CURTO PRAZO;75
HIJPII;2024;9;UNIDADE INTERNAÇÃO - DOENÇAS INFECTO-CONTAGIOSAS E PARASITÁRIAS;78
HIJPII;2024;9;UTI;56
HIJPII;2024;10;UNIDADE INTERNAÇÃO - CLINICA PEDIÁTRICA;173
HIJPII;2024;10;UNIDADE INTERNAÇÃO - CURTO PRAZO;56
HIJPII;2024;10;UNIDADE INTERNAÇÃO - DOENÇAS INFECTO-CONTAGIOSAS E PARASITÁRIAS;90
HIJPII;2024;10;UTI;57
HIJPII;2024;11;UNIDADE INTERNAÇÃO - CLINICA PEDIÁTRICA;165
HIJPII;2024;11;UNIDADE INTERNAÇÃO - CURTO PRAZO;49
HIJPII;2024;11;UNIDADE INTERNAÇÃO - DOENÇAS INFECTO-CONTAGIOSAS E PARASITÁRIAS;85
HIJPII;2024;11;UTI;58
HIJPII;2024;12;UNIDADE INTERNAÇÃO - CLINICA PEDIÁTRICA;186
HIJPII;2024;12;UNIDADE INTERNAÇÃO - CURTO PRAZO;66
HIJPII;2024;12;UNIDADE INTERNAÇÃO - DOENÇAS INFECTO-CONTAGIOSAS E PARASITÁRIAS;79
HIJPII;2024;12;UTI;51
HIJPII;2025;1;UNIDADE INTERNAÇÃO - CLINICA PEDIÁTRICA;189
HIJPII;2025;1;UNIDADE INTERNAÇÃO - CURTO PRAZO;42
HIJPII;2025;1;UNIDADE INTERNAÇÃO - DOENÇAS INFECTO-CONTAGIOSAS E PARASITÁRIAS;75
HIJPII;2025;1;UTI;47
HIJPII;2025;2;UNIDADE INTERNAÇÃO - CLINICA PEDIÁTRICA;182
HIJPII;2025;2;UNIDADE INTERNAÇÃO - CURTO PRAZO;23
HIJPII;2025;2;UNIDADE INTERNAÇÃO - DOENÇAS INFECTO-CONTAGIOSAS E PARASITÁRIAS;94
HIJPII;2025;2;UTI;59
HIJPII;2025;3;UNIDADE INTERNAÇÃO - CLINICA PEDIÁTRICA;224
HIJPII;2025;3;UNIDADE INTERNAÇÃO - CURTO PRAZO;51
HIJPII;2025;3;UNIDADE INTERNAÇÃO - DOENÇAS INFECTO-CONTAGIOSAS E PARASITÁRIAS;130
HIJPII;2025;3;UTI;67
HIJPII;2025;4;UNIDADE INTERNAÇÃO - CLINICA PEDIÁTRICA;248
HIJPII;2025;4;UNIDADE INTERNAÇÃO - CURTO PRAZO;97
HIJPII;2025;4;UNIDADE INTERNAÇÃO - DOENÇAS INFECTO-CONTAGIOSAS E PARASITÁRIAS;141
HIJPII;2025;4;UTI;66
HIJPII;2025;5;UNIDADE INTERNAÇÃO - CLINICA PEDIÁTRICA;237
HIJPII;2025;5;UNIDADE INTERNAÇÃO - CURTO PRAZO;140
HIJPII;2025;5;UNIDADE INTERNAÇÃO - DOENÇAS INFECTO-CONTAGIOSAS E PARASITÁRIAS;139
HIJPII;2025;5;UTI;56
HIJPII;2025;6;UNIDADE INTERNAÇÃO - CLINICA PEDIÁTRICA;244
HIJPII;2025;6;UNIDADE INTERNAÇÃO - CURTO PRAZO;62
HIJPII;2025;6;UNIDADE INTERNAÇÃO - DOENÇAS INFECTO-CONTAGIOSAS E PARASITÁRIAS;124
HIJPII;2025;6;UTI;56
HIJPII;2025;7;UNIDADE INTERNAÇÃO - CLINICA PEDIÁTRICA;166
HIJPII;2025;7;UNIDADE INTERNAÇÃO - CURTO PRAZO;36
HIJPII;2025;7;UNIDADE INTERNAÇÃO - DOENÇAS INFECTO-CONTAGIOSAS E PARASITÁRIAS;95
HIJPII;2025;7;UTI;56
HIJPII;2025;8;UNIDADE INTERNAÇÃO - CLINICA PEDIÁTRICA;171
HIJPII;2025;8;UNIDADE INTERNAÇÃO - CURTO PRAZO;42
HIJPII;2025;8;UNIDADE INTERNAÇÃO - DOENÇAS INFECTO-CONTAGIOSAS E PARASITÁRIAS;77
HIJPII;2025;8;UTI;42
HIJPII;2025;9;UNIDADE INTERNAÇÃO - CLINICA PEDIÁTRICA;149
HIJPII;2025;9;UNIDADE INTERNAÇÃO - CURTO PRAZO;41
HIJPII;2025;9;UNIDADE INTERNAÇÃO - DOENÇAS INFECTO-CONTAGIOSAS E PARASITÁRIAS;80
HIJPII;2025;9;UTI;22
HIJPII;2025;10;UNIDADE INTERNAÇÃO - CLINICA PEDIÁTRICA;147
HIJPII;2025;10;UNIDADE INTERNAÇÃO - CURTO PRAZO;50
HIJPII;2025;10;UNIDADE INTERNAÇÃO - DOENÇAS INFECTO-CONTAGIOSAS E PARASITÁRIAS;85
HIJPII;2025;10;UTI;49
HIJPII;2025;11;UNIDADE INTERNAÇÃO - CLINICA PEDIÁTRICA;164
HIJPII;2025;11;UNIDADE INTERNAÇÃO - CURTO PRAZO;43
HIJPII;2025;11;UNIDADE INTERNAÇÃO - DOENÇAS INFECTO-CONTAGIOSAS E PARASITÁRIAS;88
HIJPII;2025;11;UTI;53
HIJPII;2025;12;UNIDADE INTERNAÇÃO - CLINICA PEDIÁTRICA;158
HIJPII;2025;12;UNIDADE INTERNAÇÃO - CURTO PRAZO;52
HIJPII;2025;12;UNIDADE INTERNAÇÃO - DOENÇAS INFECTO-CONTAGIOSAS E PARASITÁRIAS;102
HIJPII;2025;12;UTI;40
HIJPII;2026;1;UNIDADE INTERNAÇÃO - CLINICA PEDIÁTRICA;144
HIJPII;2026;1;UNIDADE INTERNAÇÃO - CURTO PRAZO;47
HIJPII;2026;1;UNIDADE INTERNAÇÃO - DOENÇAS INFECTO-CONTAGIOSAS E PARASITÁRIAS;70
HIJPII;2026;1;UTI;30
HIJPII;2026;2;UNIDADE INTERNAÇÃO - CLINICA PEDIÁTRICA;121
HIJPII;2026;2;UNIDADE INTERNAÇÃO - CURTO PRAZO;29
HIJPII;2026;2;UNIDADE INTERNAÇÃO - DOENÇAS INFECTO-CONTAGIOSAS E PARASITÁRIAS;83
HIJPII;2026;2;UTI;30
HIJPII;2026;3;UNIDADE INTERNAÇÃO - CLINICA PEDIÁTRICA;180
HIJPII;2026;3;UNIDADE INTERNAÇÃO - CURTO PRAZO;57
HIJPII;2026;3;UNIDADE INTERNAÇÃO - DOENÇAS INFECTO-CONTAGIOSAS E PARASITÁRIAS;144
HIJPII;2026;3;UTI;45
HIJPII;2026;4;UNIDADE INTERNAÇÃO - CLINICA PEDIÁTRICA;187
HIJPII;2026;4;UNIDADE INTERNAÇÃO - CURTO PRAZO;92
HIJPII;2026;4;UNIDADE INTERNAÇÃO - DOENÇAS INFECTO-CONTAGIOSAS E PARASITÁRIAS;114
HIJPII;2026;4;UTI;57
HIJPII;2026;5;UNIDADE INTERNAÇÃO - CLINICA PEDIÁTRICA;238
HIJPII;2026;5;UNIDADE INTERNAÇÃO - CURTO PRAZO;94
HIJPII;2026;5;UNIDADE INTERNAÇÃO - DOENÇAS INFECTO-CONTAGIOSAS E PARASITÁRIAS;103
HIJPII;2026;5;UTI;52
HIJPII;2026;6;UNIDADE INTERNAÇÃO - CLINICA PEDIÁTRICA;246
HIJPII;2026;6;UNIDADE INTERNAÇÃO - CURTO PRAZO;61
HIJPII;2026;6;UNIDADE INTERNAÇÃO - DOENÇAS INFECTO-CONTAGIOSAS E PARASITÁRIAS;113
HIJPII;2026;6;UTI;79
HIJPII;2026;7;UNIDADE INTERNAÇÃO - CLINICA PEDIÁTRICA;209
HIJPII;2026;7;UNIDADE INTERNAÇÃO - CURTO PRAZO;45
HIJPII;2026;7;UNIDADE INTERNAÇÃO - DOENÇAS INFECTO-CONTAGIOSAS E PARASITÁRIAS;86
HIJPII;2026;7;UTI;54
HJK;2019;1;ALOJAMENTO CONJUNTO;285
HJK;2019;1;BLOCO CIRURGICO;1
HJK;2019;1;UNIDADE DE URGENCIA - CLINICA MEDICA;357
HJK;2019;1;UNIDADE INTERNAÇÃO - CLINICA CIRURGICA;172
HJK;2019;1;UNIDADE INTERNAÇÃO - CLINICA MÉDICA;1
HJK;2019;1;UNIDADE INTERNAÇÃO - CLINICA PNEUMOLOGICA;20
HJK;2019;1;UNIDADE INTERNAÇÃO - CLINICA TISIOLÓGICA;11
HJK;2019;1;UTI - NEONATAL E PEDIATRICO UTIN E UCIN;17
HJK;2019;1;UTI CTI;2
HJK;2019;2;ALOJAMENTO CONJUNTO;294
HJK;2019;2;UNIDADE DE URGENCIA - CLINICA MEDICA;377
HJK;2019;2;UNIDADE INTERNAÇÃO - CLINICA CIRURGICA;163
HJK;2019;2;UNIDADE INTERNAÇÃO - CLINICA MÉDICA;1
HJK;2019;2;UNIDADE INTERNAÇÃO - CLINICA PNEUMOLOGICA;10
HJK;2019;2;UNIDADE INTERNAÇÃO - CLINICA TISIOLÓGICA;8
HJK;2019;2;UTI - NEONATAL E PEDIATRICO UTIN E UCIN;31
HJK;2019;2;UTI CTI;1
HJK;2019;3;ALOJAMENTO CONJUNTO;309
HJK;2019;3;UNIDADE DE URGENCIA - CLINICA MEDICA;461
HJK;2019;3;UNIDADE INTERNAÇÃO - CLINICA CIRURGICA;146
HJK;2019;3;UNIDADE INTERNAÇÃO - CLINICA PNEUMOLOGICA;10
HJK;2019;3;UNIDADE INTERNAÇÃO - CLINICA TISIOLÓGICA;4
HJK;2019;3;UTI - NEONATAL E PEDIATRICO UTIN E UCIN;30
HJK;2019;3;UTI CTI;5
HJK;2019;4;ALOJAMENTO CONJUNTO;316
HJK;2019;4;UNIDADE DE URGENCIA - CLINICA MEDICA;477
HJK;2019;4;UNIDADE INTERNAÇÃO - CLINICA CIRURGICA;143
HJK;2019;4;UNIDADE INTERNAÇÃO - CLINICA MÉDICA;3
HJK;2019;4;UNIDADE INTERNAÇÃO - CLINICA PNEUMOLOGICA;3
HJK;2019;4;UNIDADE INTERNAÇÃO - CLINICA TISIOLÓGICA;8
HJK;2019;4;UTI - NEONATAL E PEDIATRICO UTIN E UCIN;26
HJK;2019;4;UTI CTI;8
HJK;2019;5;ALOJAMENTO CONJUNTO;282
HJK;2019;5;BLOCO CIRURGICO;1
HJK;2019;5;UNIDADE DE URGENCIA - CLINICA MEDICA;544
HJK;2019;5;UNIDADE INTERNAÇÃO - CLINICA CIRURGICA;139
HJK;2019;5;UNIDADE INTERNAÇÃO - CLINICA MÉDICA;5
HJK;2019;5;UNIDADE INTERNAÇÃO - CLINICA PNEUMOLOGICA;7
HJK;2019;5;UNIDADE INTERNAÇÃO - CLINICA TISIOLÓGICA;6
HJK;2019;5;UTI - NEONATAL E PEDIATRICO UTIN E UCIN;27
HJK;2019;5;UTI CTI;2
HJK;2019;6;ALOJAMENTO CONJUNTO;283
HJK;2019;6;UNIDADE DE URGENCIA - CLINICA MEDICA;428
HJK;2019;6;UNIDADE INTERNAÇÃO - CLINICA CIRURGICA;134
HJK;2019;6;UNIDADE INTERNAÇÃO - CLINICA MÉDICA;3
HJK;2019;6;UNIDADE INTERNAÇÃO - CLINICA PNEUMOLOGICA;7
HJK;2019;6;UNIDADE INTERNAÇÃO - CLINICA TISIOLÓGICA;8
HJK;2019;6;UTI - NEONATAL E PEDIATRICO UTIN E UCIN;27
HJK;2019;6;UTI CTI;2
HJK;2019;7;ALOJAMENTO CONJUNTO;274
HJK;2019;7;UNIDADE DE URGENCIA - CLINICA MEDICA;416
HJK;2019;7;UNIDADE INTERNAÇÃO - CLINICA CIRURGICA;160
HJK;2019;7;UNIDADE INTERNAÇÃO - CLINICA MÉDICA;1
HJK;2019;7;UNIDADE INTERNAÇÃO - CLINICA PNEUMOLOGICA;4
HJK;2019;7;UNIDADE INTERNAÇÃO - CLINICA TISIOLÓGICA;9
HJK;2019;7;UTI - NEONATAL E PEDIATRICO UTIN E UCIN;30
HJK;2019;7;UTI CTI;8
HJK;2019;8;ALOJAMENTO CONJUNTO;288
HJK;2019;8;UNIDADE DE URGENCIA - CLINICA MEDICA;409
HJK;2019;8;UNIDADE INTERNAÇÃO - CLINICA CIRURGICA;132
HJK;2019;8;UNIDADE INTERNAÇÃO - CLINICA MÉDICA;3
HJK;2019;8;UNIDADE INTERNAÇÃO - CLINICA PNEUMOLOGICA;5
HJK;2019;8;UNIDADE INTERNAÇÃO - CLINICA TISIOLÓGICA;4
HJK;2019;8;UTI - NEONATAL E PEDIATRICO UTIN E UCIN;19
HJK;2019;8;UTI CTI;1
HJK;2019;9;ALOJAMENTO CONJUNTO;288
HJK;2019;9;BLOCO CIRURGICO;1
HJK;2019;9;UNIDADE DE URGENCIA - CLINICA MEDICA;430
HJK;2019;9;UNIDADE INTERNAÇÃO - CLINICA CIRURGICA;164
HJK;2019;9;UNIDADE INTERNAÇÃO - CLINICA MÉDICA;1
HJK;2019;9;UNIDADE INTERNAÇÃO - CLINICA PNEUMOLOGICA;7
HJK;2019;9;UNIDADE INTERNAÇÃO - CLINICA TISIOLÓGICA;14
HJK;2019;9;UTI - NEONATAL E PEDIATRICO UTIN E UCIN;28
HJK;2019;9;UTI CTI;1
HJK;2019;10;ALOJAMENTO CONJUNTO;282
HJK;2019;10;UNIDADE DE URGENCIA - CLINICA MEDICA;454
HJK;2019;10;UNIDADE INTERNAÇÃO - CLINICA CIRURGICA;127
HJK;2019;10;UNIDADE INTERNAÇÃO - CLINICA MÉDICA;3
HJK;2019;10;UNIDADE INTERNAÇÃO - CLINICA PNEUMOLOGICA;9
HJK;2019;10;UNIDADE INTERNAÇÃO - CLINICA TISIOLÓGICA;5
HJK;2019;10;UTI - NEONATAL E PEDIATRICO UTIN E UCIN;16
HJK;2019;10;UTI CTI;20
HJK;2019;11;ALOJAMENTO CONJUNTO;295
HJK;2019;11;BLOCO CIRURGICO;1
HJK;2019;11;UNIDADE DE URGENCIA - CLINICA MEDICA;424
HJK;2019;11;UNIDADE INTERNAÇÃO - CLINICA CIRURGICA;149
HJK;2019;11;UNIDADE INTERNAÇÃO - CLINICA MÉDICA;4
HJK;2019;11;UNIDADE INTERNAÇÃO - CLINICA PNEUMOLOGICA;6
HJK;2019;11;UNIDADE INTERNAÇÃO - CLINICA TISIOLÓGICA;9
HJK;2019;11;UTI - NEONATAL E PEDIATRICO UTIN E UCIN;23
HJK;2019;11;UTI CTI;3
HJK;2019;12;ALOJAMENTO CONJUNTO;283
HJK;2019;12;UNIDADE DE URGENCIA - CLINICA MEDICA;417
HJK;2019;12;UNIDADE INTERNAÇÃO - CLINICA CIRURGICA;130
HJK;2019;12;UNIDADE INTERNAÇÃO - CLINICA MÉDICA;2
HJK;2019;12;UNIDADE INTERNAÇÃO - CLINICA PNEUMOLOGICA;2
HJK;2019;12;UNIDADE INTERNAÇÃO - CLINICA TISIOLÓGICA;9
HJK;2019;12;UTI - NEONATAL E PEDIATRICO UTIN E UCIN;18
HJK;2019;12;UTI CTI;7
HJK;2020;1;ALOJAMENTO CONJUNTO;276
HJK;2020;1;UNIDADE DE URGENCIA - CLINICA MEDICA;423
HJK;2020;1;UNIDADE INTERNAÇÃO - CLINICA CIRURGICA;122
HJK;2020;1;UNIDADE INTERNAÇÃO - CLINICA MÉDICA;1
HJK;2020;1;UNIDADE INTERNAÇÃO - CLINICA PNEUMOLOGICA;8
HJK;2020;1;UNIDADE INTERNAÇÃO - CLINICA TISIOLÓGICA;10
HJK;2020;1;UTI - NEONATAL E PEDIATRICO UTIN E UCIN;24
HJK;2020;1;UTI CTI;10
HJK;2020;2;ALOJAMENTO CONJUNTO;266
HJK;2020;2;UNIDADE DE URGENCIA - CLINICA MEDICA;363
HJK;2020;2;UNIDADE INTERNAÇÃO - CLINICA CIRURGICA;153
HJK;2020;2;UNIDADE INTERNAÇÃO - CLINICA MÉDICA;4
HJK;2020;2;UNIDADE INTERNAÇÃO - CLINICA PNEUMOLOGICA;1
HJK;2020;2;UNIDADE INTERNAÇÃO - CLINICA TISIOLÓGICA;9
HJK;2020;2;UNIDADE URGENCIA/EMERGENCIA CLÍNICA MÉDICA - INTERNAÇÃO;1
HJK;2020;2;UTI - NEONATAL E PEDIATRICO UTIN E UCIN;23
HJK;2020;2;UTI CTI;5
HJK;2020;3;ALOJAMENTO CONJUNTO;297
HJK;2020;3;BLOCO CIRURGICO;1
HJK;2020;3;UNIDADE DE URGENCIA - CLINICA MEDICA;313
HJK;2020;3;UNIDADE INTERNAÇÃO - CLINICA CIRURGICA;136
HJK;2020;3;UNIDADE INTERNAÇÃO - CLINICA MÉDICA;1
HJK;2020;3;UNIDADE INTERNAÇÃO - CLINICA PNEUMOLOGICA;4
HJK;2020;3;UNIDADE INTERNAÇÃO - CLINICA TISIOLÓGICA;6
HJK;2020;3;UTI - NEONATAL E PEDIATRICO UTIN E UCIN;19
HJK;2020;3;UTI CTI;7
HJK;2020;4;ALOJAMENTO CONJUNTO;219
HJK;2020;4;UNIDADE DE URGENCIA - CLINICA MEDICA;234
HJK;2020;4;UNIDADE INTERNAÇÃO - CLINICA CIRURGICA;71
HJK;2020;4;UNIDADE INTERNAÇÃO - CLINICA MÉDICA;4
HJK;2020;4;UNIDADE INTERNAÇÃO - CLINICA PNEUMOLOGICA;12
HJK;2020;4;UNIDADE INTERNAÇÃO - CLINICA TISIOLÓGICA;6
HJK;2020;4;UNIDADE URGENCIA/EMERGENCIA CLÍNICA MÉDICA - INTERNAÇÃO;1
HJK;2020;4;UTI - NEONATAL E PEDIATRICO UTIN E UCIN;21
HJK;2020;4;UTI CTI;12
HJK;2020;5;ALOJAMENTO CONJUNTO;275
HJK;2020;5;UNIDADE DE URGENCIA - CLINICA MEDICA;254
HJK;2020;5;UNIDADE INTERNAÇÃO - CLINICA CIRURGICA;47
HJK;2020;5;UNIDADE INTERNAÇÃO - CLINICA MÉDICA;19
HJK;2020;5;UNIDADE INTERNAÇÃO - CLINICA PNEUMOLOGICA;51
HJK;2020;5;UNIDADE INTERNAÇÃO - CLINICA TISIOLÓGICA;14
HJK;2020;5;UNIDADE URGENCIA/EMERGENCIA CLÍNICA MÉDICA - INTERNAÇÃO;6
HJK;2020;5;UTI - NEONATAL E PEDIATRICO UTIN E UCIN;17
HJK;2020;5;UTI CTI;15
HJK;2020;6;ALOJAMENTO CONJUNTO;251
HJK;2020;6;UNIDADE DE URGENCIA - CLINICA MEDICA;244
HJK;2020;6;UNIDADE INTERNAÇÃO - CLINICA CIRURGICA;22
HJK;2020;6;UNIDADE INTERNAÇÃO - CLINICA MÉDICA;19
HJK;2020;6;UNIDADE INTERNAÇÃO - CLINICA PNEUMOLOGICA;6
HJK;2020;6;UNIDADE INTERNAÇÃO - CLINICA TISIOLÓGICA;5
HJK;2020;6;UNIDADE URGENCIA/EMERGENCIA CLÍNICA MÉDICA - INTERNAÇÃO;1
HJK;2020;6;UTI - NEONATAL E PEDIATRICO UTIN E UCIN;17
HJK;2020;6;UTI CTI;18
HJK;2020;7;ALOJAMENTO CONJUNTO;263
HJK;2020;7;UNIDADE DE URGENCIA - CLINICA MEDICA;3
HJK;2020;7;UNIDADE INTERNAÇÃO - CLINICA CIRURGICA;23
HJK;2020;7;UNIDADE INTERNAÇÃO - CLINICA MÉDICA;158
HJK;2020;7;UNIDADE INTERNAÇÃO - CLINICA PNEUMOLOGICA;57
HJK;2020;7;UNIDADE INTERNAÇÃO - CLINICA TISIOLÓGICA;5
HJK;2020;7;UTI - NEONATAL E PEDIATRICO UTIN E UCIN;28
HJK;2020;7;UTI COVID-19;59
HJK;2020;7;UTI CTI;27
HJK;2020;8;ALOJAMENTO CONJUNTO;241
HJK;2020;8;UNIDADE INTERNAÇÃO - CLINICA CIRURGICA;25
HJK;2020;8;UNIDADE INTERNAÇÃO - CLINICA MÉDICA;109
HJK;2020;8;UNIDADE INTERNAÇÃO - CLINICA PNEUMOLOGICA;15
HJK;2020;8;UNIDADE INTERNAÇÃO - CLINICA TISIOLÓGICA;4
HJK;2020;8;UTI - NEONATAL E PEDIATRICO UTIN E UCIN;22
HJK;2020;8;UTI COVID-19;55
HJK;2020;8;UTI CTI;15
HJK;2020;9;ALOJAMENTO CONJUNTO;270
HJK;2020;9;UNIDADE INTERNAÇÃO - CLINICA CIRURGICA;38
HJK;2020;9;UNIDADE INTERNAÇÃO - CLINICA MÉDICA;95
HJK;2020;9;UNIDADE INTERNAÇÃO - CLINICA PNEUMOLOGICA;76
HJK;2020;9;UNIDADE INTERNAÇÃO - CLINICA TISIOLÓGICA;7
HJK;2020;9;UTI - NEONATAL E PEDIATRICO UTIN E UCIN;16
HJK;2020;9;UTI COVID-19;48
HJK;2020;9;UTI CTI;12
HJK;2020;10;ALOJAMENTO CONJUNTO;287
HJK;2020;10;UNIDADE INTERNAÇÃO - CLINICA CIRURGICA;51
HJK;2020;10;UNIDADE INTERNAÇÃO - CLINICA MÉDICA;61
HJK;2020;10;UNIDADE INTERNAÇÃO - CLINICA PNEUMOLOGICA;110
HJK;2020;10;UNIDADE INTERNAÇÃO - CLINICA TISIOLÓGICA;7
HJK;2020;10;UTI - NEONATAL E PEDIATRICO UTIN E UCIN;23
HJK;2020;10;UTI COVID-19;32
HJK;2020;10;UTI CTI;19
HJK;2020;11;ALOJAMENTO CONJUNTO;260
HJK;2020;11;UNIDADE INTERNAÇÃO - CLINICA CIRURGICA;58
HJK;2020;11;UNIDADE INTERNAÇÃO - CLINICA MÉDICA;59
HJK;2020;11;UNIDADE INTERNAÇÃO - CLINICA PNEUMOLOGICA;118
HJK;2020;11;UNIDADE INTERNAÇÃO - CLINICA TISIOLÓGICA;7
HJK;2020;11;UTI - NEONATAL E PEDIATRICO UTIN E UCIN;21
HJK;2020;11;UTI COVID-19;52
HJK;2020;11;UTI CTI;13
HJK;2020;12;ALOJAMENTO CONJUNTO;284
HJK;2020;12;UNIDADE INTERNAÇÃO - CLINICA CIRURGICA;27
HJK;2020;12;UNIDADE INTERNAÇÃO - CLINICA MÉDICA;67
HJK;2020;12;UNIDADE INTERNAÇÃO - CLINICA PNEUMOLOGICA;98
HJK;2020;12;UNIDADE INTERNAÇÃO - CLINICA TISIOLÓGICA;3
HJK;2020;12;UTI - NEONATAL E PEDIATRICO UTIN E UCIN;25
HJK;2020;12;UTI COVID-19;62
HJK;2020;12;UTI CTI;14
HJK;2021;1;ALOJAMENTO CONJUNTO;263
HJK;2021;1;UNIDADE INTERNAÇÃO - CLINICA CIRURGICA;38
HJK;2021;1;UNIDADE INTERNAÇÃO - CLINICA MÉDICA;138
HJK;2021;1;UNIDADE INTERNAÇÃO - CLINICA PNEUMOLOGICA;35
HJK;2021;1;UNIDADE INTERNAÇÃO - CLINICA TISIOLÓGICA;7
HJK;2021;1;UTI - NEONATAL E PEDIATRICO UTIN E UCIN;21
HJK;2021;1;UTI COVID-19;58
HJK;2021;1;UTI CTI;11
HJK;2021;2;ALOJAMENTO CONJUNTO;258
HJK;2021;2;UNIDADE DE URGENCIA - CLINICA MEDICA;28
HJK;2021;2;UNIDADE INTERNAÇÃO - CLINICA CIRURGICA;43
HJK;2021;2;UNIDADE INTERNAÇÃO - CLINICA MÉDICA;92
HJK;2021;2;UNIDADE INTERNAÇÃO - CLINICA PNEUMOLOGICA;30
HJK;2021;2;UNIDADE INTERNAÇÃO - CLINICA TISIOLÓGICA;14
HJK;2021;2;UTI - NEONATAL E PEDIATRICO UTIN E UCIN;25
HJK;2021;2;UTI COVID-19;59
HJK;2021;2;UTI CTI;11
HJK;2021;3;ALOJAMENTO CONJUNTO;291
HJK;2021;3;UNIDADE DE URGENCIA - CLINICA MEDICA;55
HJK;2021;3;UNIDADE INTERNAÇÃO - CLINICA CIRURGICA;38
HJK;2021;3;UNIDADE INTERNAÇÃO - CLINICA MÉDICA;228
HJK;2021;3;UNIDADE INTERNAÇÃO - CLINICA PNEUMOLOGICA;46
HJK;2021;3;UNIDADE INTERNAÇÃO - CLINICA TISIOLÓGICA;12
HJK;2021;3;UTI - NEONATAL E PEDIATRICO UTIN E UCIN;23
HJK;2021;3;UTI COVID-19;41
HJK;2021;3;UTI CTI;6
HJK;2021;4;ALOJAMENTO CONJUNTO;201
HJK;2021;4;UNIDADE DE URGENCIA - CLINICA MEDICA;60
HJK;2021;4;UNIDADE INTERNAÇÃO - CLINICA CIRURGICA;2
HJK;2021;4;UNIDADE INTERNAÇÃO - CLINICA MÉDICA;128
HJK;2021;4;UNIDADE INTERNAÇÃO - CLINICA PNEUMOLOGICA;101
HJK;2021;4;UNIDADE INTERNAÇÃO - CLINICA TISIOLÓGICA;21
HJK;2021;4;UTI - ADULTO COVID-19 (CTI 03);2
HJK;2021;4;UTI - NEONATAL E PEDIATRICO UTIN E UCIN;17
HJK;2021;4;UTI COVID-19;37
HJK;2021;4;UTI CTI;1
HJK;2021;5;ALOJAMENTO CONJUNTO;247
HJK;2021;5;UNIDADE DE URGENCIA - CLINICA MEDICA;46
HJK;2021;5;UNIDADE INTERNAÇÃO - CLINICA MÉDICA;106
HJK;2021;5;UNIDADE INTERNAÇÃO - CLINICA PNEUMOLOGICA;86
HJK;2021;5;UNIDADE INTERNAÇÃO - CLINICA TISIOLÓGICA;23
HJK;2021;5;UTI - NEONATAL E PEDIATRICO UTIN E UCIN;24
HJK;2021;5;UTI COVID-19;25
HJK;2021;5;UTI CTI;4
HJK;2021;6;ALOJAMENTO CONJUNTO;216
HJK;2021;6;UNIDADE DE URGENCIA - CLINICA MEDICA;29
HJK;2021;6;UNIDADE INTERNAÇÃO - CLINICA MÉDICA;116
HJK;2021;6;UNIDADE INTERNAÇÃO - CLINICA PNEUMOLOGICA;80
HJK;2021;6;UNIDADE INTERNAÇÃO - CLINICA TISIOLÓGICA;23
HJK;2021;6;UTI - NEONATAL E PEDIATRICO UTIN E UCIN;18
HJK;2021;6;UTI COVID-19;57
HJK;2021;6;UTI CTI;6
HJK;2021;7;ALOJAMENTO CONJUNTO;264
HJK;2021;7;UNIDADE DE URGENCIA - CLINICA MEDICA;85
HJK;2021;7;UNIDADE INTERNAÇÃO - CLINICA CIRURGICA;2
HJK;2021;7;UNIDADE INTERNAÇÃO - CLINICA MÉDICA;135
HJK;2021;7;UNIDADE INTERNAÇÃO - CLINICA PNEUMOLOGICA;95
HJK;2021;7;UNIDADE INTERNAÇÃO - CLINICA TISIOLÓGICA;10
HJK;2021;7;UTI - ADULTO COVID-19 (CTI 03);7
HJK;2021;7;UTI - NEONATAL E PEDIATRICO UTIN E UCIN;24
HJK;2021;7;UTI COVID-19;37
HJK;2021;7;UTI CTI;9
HJK;2021;8;ALOJAMENTO CONJUNTO;261
HJK;2021;8;UNIDADE DE URGENCIA - CLINICA MEDICA;98
HJK;2021;8;UNIDADE INTERNAÇÃO - CLINICA CIRURGICA;10
HJK;2021;8;UNIDADE INTERNAÇÃO - CLINICA MÉDICA;85
HJK;2021;8;UNIDADE INTERNAÇÃO - CLINICA PNEUMOLOGICA;43
HJK;2021;8;UNIDADE INTERNAÇÃO - CLINICA TISIOLÓGICA;14
HJK;2021;8;UTI - NEONATAL E PEDIATRICO UTIN E UCIN;23
HJK;2021;8;UTI COVID-19;36
HJK;2021;8;UTI CTI;8
HJK;2021;9;ALOJAMENTO CONJUNTO;237
HJK;2021;9;UNIDADE DE URGENCIA - CLINICA MEDICA;100
HJK;2021;9;UNIDADE INTERNAÇÃO - CLINICA CIRURGICA;9
HJK;2021;9;UNIDADE INTERNAÇÃO - CLINICA MÉDICA;45
HJK;2021;9;UNIDADE INTERNAÇÃO - CLINICA PNEUMOLOGICA;23
HJK;2021;9;UNIDADE INTERNAÇÃO - CLINICA TISIOLÓGICA;11
HJK;2021;9;UTI - NEONATAL E PEDIATRICO UTIN E UCIN;20
HJK;2021;9;UTI COVID-19;17
HJK;2021;9;UTI CTI;12
HJK;2021;10;ALOJAMENTO CONJUNTO;272
HJK;2021;10;UNIDADE DE URGENCIA - CLINICA MEDICA;99
HJK;2021;10;UNIDADE INTERNAÇÃO - CLINICA CIRURGICA;32
HJK;2021;10;UNIDADE INTERNAÇÃO - CLINICA MÉDICA;95
HJK;2021;10;UNIDADE INTERNAÇÃO - CLINICA PNEUMOLOGICA;39
HJK;2021;10;UNIDADE INTERNAÇÃO - CLINICA TISIOLÓGICA;11
HJK;2021;10;UTI - NEONATAL E PEDIATRICO UTIN E UCIN;21
HJK;2021;10;UTI COVID-19;26
HJK;2021;10;UTI CTI;12
HJK;2021;11;ALOJAMENTO CONJUNTO;225
HJK;2021;11;UNIDADE DE URGENCIA - CLINICA MEDICA;71
HJK;2021;11;UNIDADE INTERNAÇÃO - CLINICA CIRURGICA;30
HJK;2021;11;UNIDADE INTERNAÇÃO - CLINICA MÉDICA;82
HJK;2021;11;UNIDADE INTERNAÇÃO - CLINICA PNEUMOLOGICA;70
HJK;2021;11;UNIDADE INTERNAÇÃO - CLINICA TISIOLÓGICA;19
HJK;2021;11;UTI - NEONATAL E PEDIATRICO UTIN E UCIN;15
HJK;2021;11;UTI COVID-19;41
HJK;2021;11;UTI CTI;13
HJK;2021;12;ALOJAMENTO CONJUNTO;243
HJK;2021;12;UNIDADE DE URGENCIA - CLINICA MEDICA;81
HJK;2021;12;UNIDADE INTERNAÇÃO - CLINICA CIRURGICA;28
HJK;2021;12;UNIDADE INTERNAÇÃO - CLINICA MÉDICA;94
HJK;2021;12;UNIDADE INTERNAÇÃO - CLINICA PNEUMOLOGICA;99
HJK;2021;12;UNIDADE INTERNAÇÃO - CLINICA TISIOLÓGICA;14
HJK;2021;12;UTI - NEONATAL E PEDIATRICO UTIN E UCIN;24
HJK;2021;12;UTI COVID-19;37
HJK;2021;12;UTI CTI;15
HJK;2022;1;ALOJAMENTO CONJUNTO;230
HJK;2022;1;UNIDADE DE URGENCIA - CLINICA MEDICA;66
HJK;2022;1;UNIDADE INTERNAÇÃO - CLINICA CIRURGICA;22
HJK;2022;1;UNIDADE INTERNAÇÃO - CLINICA MÉDICA;72
HJK;2022;1;UNIDADE INTERNAÇÃO - CLINICA PNEUMOLOGICA;120
HJK;2022;1;UNIDADE INTERNAÇÃO - CLINICA TISIOLÓGICA;12
HJK;2022;1;UTI - NEONATAL E PEDIATRICO UTIN E UCIN;17
HJK;2022;1;UTI COVID-19;44
HJK;2022;1;UTI CTI;17
HJK;2022;2;ALOJAMENTO CONJUNTO;193
HJK;2022;2;UNIDADE DE URGENCIA - CLINICA MEDICA;58
HJK;2022;2;UNIDADE INTERNAÇÃO - CLINICA CIRURGICA;27
HJK;2022;2;UNIDADE INTERNAÇÃO - CLINICA MÉDICA;21
HJK;2022;2;UNIDADE INTERNAÇÃO - CLINICA PNEUMOLOGICA;64
HJK;2022;2;UNIDADE INTERNAÇÃO - CLINICA TISIOLÓGICA;17
HJK;2022;2;UTI - NEONATAL E PEDIATRICO UTIN E UCIN;15
HJK;2022;2;UTI COVID-19;36
HJK;2022;2;UTI CTI;11
HJK;2022;3;ALOJAMENTO CONJUNTO;279
HJK;2022;3;UNIDADE DE URGENCIA - CLINICA MEDICA;73
HJK;2022;3;UNIDADE INTERNAÇÃO - CLINICA CIRURGICA;53
HJK;2022;3;UNIDADE INTERNAÇÃO - CLINICA MÉDICA;75
HJK;2022;3;UNIDADE INTERNAÇÃO - CLINICA PNEUMOLOGICA;34
HJK;2022;3;UNIDADE INTERNAÇÃO - CLINICA TISIOLÓGICA;12
HJK;2022;3;UTI - NEONATAL E PEDIATRICO UTIN E UCIN;22
HJK;2022;3;UTI COVID-19;9
HJK;2022;3;UTI CTI;21
HJK;2022;4;ALOJAMENTO CONJUNTO;239
HJK;2022;4;UNIDADE DE URGENCIA - CLINICA MEDICA;2
HJK;2022;4;UNIDADE INTERNAÇÃO - CLINICA CIRURGICA;69
HJK;2022;4;UNIDADE INTERNAÇÃO - CLINICA MÉDICA;78
HJK;2022;4;UNIDADE INTERNAÇÃO - CLINICA PNEUMOLOGICA;78
HJK;2022;4;UNIDADE INTERNAÇÃO - CLINICA TISIOLÓGICA;14
HJK;2022;4;UTI - NEONATAL E PEDIATRICO UTIN E UCIN;22
HJK;2022;4;UTI COVID-19;19
HJK;2022;4;UTI CTI;17
HJK;2022;5;ALOJAMENTO CONJUNTO;238
HJK;2022;5;UNIDADE DE URGENCIA - CLINICA MEDICA;2
HJK;2022;5;UNIDADE INTERNAÇÃO - CLINICA CIRURGICA;53
HJK;2022;5;UNIDADE INTERNAÇÃO - CLINICA MÉDICA;103
HJK;2022;5;UNIDADE INTERNAÇÃO - CLINICA PNEUMOLOGICA;124
HJK;2022;5;UNIDADE INTERNAÇÃO - CLINICA TISIOLÓGICA;11
HJK;2022;5;UNIDADE URGENCIA/EMERGENCIA;50
HJK;2022;5;UTI - ADULTO;3
HJK;2022;5;UTI - NEONATAL E PEDIATRICO UTIN E UCIN;20
HJK;2022;5;UTI COVID-19;14
HJK;2022;5;UTI CTI;4
HJK;2022;6;ALOJAMENTO CONJUNTO;230
HJK;2022;6;UCI - UNIDADE DE CUIDADO INTERMEDIARIO NEONATAL CONVENCIONAL;5
HJK;2022;6;UNIDADE INTERNAÇÃO - CLINICA CIRURGICA;31
HJK;2022;6;UNIDADE INTERNAÇÃO - CLINICA MÉDICA;97
HJK;2022;6;UNIDADE INTERNAÇÃO - CLINICA PNEUMOLOGICA;97
HJK;2022;6;UNIDADE INTERNAÇÃO - CLINICA TISIOLÓGICA;12
HJK;2022;6;UNIDADE URGENCIA/EMERGENCIA;62
HJK;2022;6;UTI - ADULTO;39
HJK;2022;6;UTI - NEONATAL;16
HJK;2022;7;ALOJAMENTO CONJUNTO;210
HJK;2022;7;UCI - UNIDADE DE CUIDADO INTERMEDIARIO NEONATAL CONVENCIONAL;5
HJK;2022;7;UNIDADE INTERNAÇÃO - CLINICA CIRURGICA;20
HJK;2022;7;UNIDADE INTERNAÇÃO - CLINICA MÉDICA;46
HJK;2022;7;UNIDADE INTERNAÇÃO - CLINICA PNEUMOLOGICA;79
HJK;2022;7;UNIDADE INTERNAÇÃO - CLINICA TISIOLÓGICA;10
HJK;2022;7;UNIDADE URGENCIA/EMERGENCIA;157
HJK;2022;7;UTI - ADULTO;18
HJK;2022;7;UTI - NEONATAL;21
HJK;2022;8;ALOJAMENTO CONJUNTO;226
HJK;2022;8;UCI - UNIDADE DE CUIDADO INTERMEDIARIO NEONATAL CONVENCIONAL;5
HJK;2022;8;UNIDADE INTERNAÇÃO - CLINICA CIRURGICA;14
HJK;2022;8;UNIDADE INTERNAÇÃO - CLINICA MÉDICA;2
HJK;2022;8;UNIDADE INTERNAÇÃO - CLINICA PNEUMOLOGICA;13
HJK;2022;8;UNIDADE INTERNAÇÃO - CLINICA TISIOLÓGICA;6
HJK;2022;8;UNIDADE URGENCIA/EMERGENCIA;377
HJK;2022;8;UTI - ADULTO;3
HJK;2022;8;UTI - NEONATAL;15
HJK;2022;9;ALOJAMENTO CONJUNTO;241
HJK;2022;9;UCI - UNIDADE DE CUIDADO INTERMEDIARIO NEONATAL CONVENCIONAL;2
HJK;2022;9;UNIDADE INTERNAÇÃO - CLINICA CIRURGICA;15
HJK;2022;9;UNIDADE INTERNAÇÃO - CLINICA MÉDICA;2
HJK;2022;9;UNIDADE INTERNAÇÃO - CLINICA PNEUMOLOGICA;31
HJK;2022;9;UNIDADE INTERNAÇÃO - CLINICA TISIOLÓGICA;9
HJK;2022;9;UNIDADE URGENCIA/EMERGENCIA;407
HJK;2022;9;UTI - ADULTO;2
HJK;2022;9;UTI - NEONATAL;11
HJK;2022;10;ALOJAMENTO CONJUNTO;201
HJK;2022;10;UCI - UNIDADE DE CUIDADO INTERMEDIARIO NEONATAL CONVENCIONAL;3
HJK;2022;10;UNIDADE INTERNAÇÃO - CLINICA CIRURGICA;18
HJK;2022;10;UNIDADE INTERNAÇÃO - CLINICA PNEUMOLOGICA;37
HJK;2022;10;UNIDADE INTERNAÇÃO - CLINICA TISIOLÓGICA;8
HJK;2022;10;UNIDADE URGENCIA/EMERGENCIA;429
HJK;2022;10;UTI - ADULTO;1
HJK;2022;10;UTI - NEONATAL;19
HJK;2022;11;ALOJAMENTO CONJUNTO;217
HJK;2022;11;UCI - UNIDADE DE CUIDADO INTERMEDIARIO NEONATAL CONVENCIONAL;3
HJK;2022;11;UNIDADE INTERNAÇÃO - CLINICA CIRURGICA;10
HJK;2022;11;UNIDADE INTERNAÇÃO - CLINICA MÉDICA;3
HJK;2022;11;UNIDADE INTERNAÇÃO - CLINICA PNEUMOLOGICA;23
HJK;2022;11;UNIDADE INTERNAÇÃO - CLINICA TISIOLÓGICA;9
HJK;2022;11;UNIDADE URGENCIA/EMERGENCIA;308
HJK;2022;11;UTI - ADULTO;2
HJK;2022;11;UTI - NEONATAL;15
HJK;2022;12;ALOJAMENTO CONJUNTO;244
HJK;2022;12;UCI - UNIDADE DE CUIDADO INTERMEDIARIO NEONATAL CONVENCIONAL;5
HJK;2022;12;UNIDADE INTERNAÇÃO - CLINICA CIRURGICA;8
HJK;2022;12;UNIDADE INTERNAÇÃO - CLINICA MÉDICA;12
HJK;2022;12;UNIDADE INTERNAÇÃO - CLINICA PNEUMOLOGICA;23
HJK;2022;12;UNIDADE INTERNAÇÃO - CLINICA TISIOLÓGICA;8
HJK;2022;12;UNIDADE URGENCIA/EMERGENCIA;364
HJK;2022;12;UTI - ADULTO;1
HJK;2022;12;UTI - NEONATAL;22
HJK;2023;1;ALOJAMENTO CONJUNTO;221
HJK;2023;1;UCI - UNIDADE DE CUIDADO INTERMEDIARIO NEONATAL CONVENCIONAL;1
HJK;2023;1;UNIDADE INTERNAÇÃO - CLINICA CIRURGICA;11
HJK;2023;1;UNIDADE INTERNAÇÃO - CLINICA MÉDICA;18
HJK;2023;1;UNIDADE INTERNAÇÃO - CLINICA PNEUMOLOGICA;33
HJK;2023;1;UNIDADE INTERNAÇÃO - CLINICA TISIOLÓGICA;15
HJK;2023;1;UNIDADE URGENCIA/EMERGENCIA;354
HJK;2023;1;UTI - NEONATAL;18
HJK;2023;2;ALOJAMENTO CONJUNTO;233
HJK;2023;2;UCI - UNIDADE DE CUIDADO INTERMEDIARIO NEONATAL CONVENCIONAL;10
HJK;2023;2;UNIDADE INTERNAÇÃO - CLINICA CIRURGICA;17
HJK;2023;2;UNIDADE INTERNAÇÃO - CLINICA MÉDICA;2
HJK;2023;2;UNIDADE INTERNAÇÃO - CLINICA PNEUMOLOGICA;53
HJK;2023;2;UNIDADE INTERNAÇÃO - CLINICA TISIOLÓGICA;9
HJK;2023;2;UNIDADE URGENCIA/EMERGENCIA;367
HJK;2023;2;UTI - ADULTO;1
HJK;2023;2;UTI - NEONATAL;16
HJK;2023;3;ALOJAMENTO CONJUNTO;235
HJK;2023;3;UCI - UNIDADE DE CUIDADO INTERMEDIARIO NEONATAL CONVENCIONAL;7
HJK;2023;3;UNIDADE INTERNAÇÃO - CLINICA CIRURGICA;7
HJK;2023;3;UNIDADE INTERNAÇÃO - CLINICA MÉDICA;5
HJK;2023;3;UNIDADE INTERNAÇÃO - CLINICA PNEUMOLOGICA;31
HJK;2023;3;UNIDADE INTERNAÇÃO - CLINICA TISIOLÓGICA;14
HJK;2023;3;UNIDADE URGENCIA/EMERGENCIA;454
HJK;2023;3;UTI - ADULTO;5
HJK;2023;3;UTI - NEONATAL;23
HJK;2023;4;ALOJAMENTO CONJUNTO;228
HJK;2023;4;UCI - UNIDADE DE CUIDADO INTERMEDIARIO NEONATAL CONVENCIONAL;3
HJK;2023;4;UNIDADE INTERNAÇÃO - CLINICA CIRURGICA;11
HJK;2023;4;UNIDADE INTERNAÇÃO - CLINICA MÉDICA;3
HJK;2023;4;UNIDADE INTERNAÇÃO - CLINICA PNEUMOLOGICA;11
HJK;2023;4;UNIDADE INTERNAÇÃO - CLINICA TISIOLÓGICA;11
HJK;2023;4;UNIDADE URGENCIA/EMERGENCIA;434
HJK;2023;4;UTI - ADULTO;11
HJK;2023;4;UTI - NEONATAL;19
HJK;2023;5;ALOJAMENTO CONJUNTO;245
HJK;2023;5;UCI - UNIDADE DE CUIDADO INTERMEDIARIO NEONATAL CONVENCIONAL;4
HJK;2023;5;UNIDADE INTERNAÇÃO - CLINICA CIRURGICA;22
HJK;2023;5;UNIDADE INTERNAÇÃO - CLINICA MÉDICA;5
HJK;2023;5;UNIDADE INTERNAÇÃO - CLINICA PNEUMOLOGICA;26
HJK;2023;5;UNIDADE INTERNAÇÃO - CLINICA TISIOLÓGICA;11
HJK;2023;5;UNIDADE URGENCIA/EMERGENCIA;482
HJK;2023;5;UTI - ADULTO;11
HJK;2023;5;UTI - NEONATAL;14
HJK;2023;6;ALOJAMENTO CONJUNTO;232
HJK;2023;6;UCI - UNIDADE DE CUIDADO INTERMEDIARIO NEONATAL CONVENCIONAL;4
HJK;2023;6;UNIDADE INTERNAÇÃO - CLINICA CIRURGICA;29
HJK;2023;6;UNIDADE INTERNAÇÃO - CLINICA MÉDICA;4
HJK;2023;6;UNIDADE INTERNAÇÃO - CLINICA PNEUMOLOGICA;20
HJK;2023;6;UNIDADE INTERNAÇÃO - CLINICA TISIOLÓGICA;11
HJK;2023;6;UNIDADE URGENCIA/EMERGENCIA;451
HJK;2023;6;UTI - ADULTO;19
HJK;2023;6;UTI - NEONATAL;21
HJK;2023;7;ALOJAMENTO CONJUNTO;277
HJK;2023;7;UCI - UNIDADE DE CUIDADO INTERMEDIARIO NEONATAL CONVENCIONAL;6
HJK;2023;7;UNIDADE INTERNAÇÃO - CLINICA CIRURGICA;25
HJK;2023;7;UNIDADE INTERNAÇÃO - CLINICA MÉDICA;4
HJK;2023;7;UNIDADE INTERNAÇÃO - CLINICA PNEUMOLOGICA;19
HJK;2023;7;UNIDADE INTERNAÇÃO - CLINICA TISIOLÓGICA;14
HJK;2023;7;UNIDADE URGENCIA/EMERGENCIA;460
HJK;2023;7;UTI - ADULTO;15
HJK;2023;7;UTI - NEONATAL;24
HJK;2023;8;ALOJAMENTO CONJUNTO;302
HJK;2023;8;UCI - UNIDADE DE CUIDADO INTERMEDIARIO NEONATAL CONVENCIONAL;4
HJK;2023;8;UNIDADE INTERNAÇÃO - CLINICA CIRURGICA;40
HJK;2023;8;UNIDADE INTERNAÇÃO - CLINICA MÉDICA;2
HJK;2023;8;UNIDADE INTERNAÇÃO - CLINICA PNEUMOLOGICA;34
HJK;2023;8;UNIDADE INTERNAÇÃO - CLINICA TISIOLÓGICA;12
HJK;2023;8;UNIDADE URGENCIA/EMERGENCIA;479
HJK;2023;8;UTI - ADULTO;37
HJK;2023;8;UTI - NEONATAL;17
HJK;2023;9;ALOJAMENTO CONJUNTO;256
HJK;2023;9;UCI - UNIDADE DE CUIDADO INTERMEDIARIO NEONATAL CONVENCIONAL;4
HJK;2023;9;UNIDADE INTERNAÇÃO - CLINICA CIRURGICA;59
HJK;2023;9;UNIDADE INTERNAÇÃO - CLINICA MÉDICA;1
HJK;2023;9;UNIDADE INTERNAÇÃO - CLINICA PNEUMOLOGICA;30
HJK;2023;9;UNIDADE INTERNAÇÃO - CLINICA TISIOLÓGICA;15
HJK;2023;9;UNIDADE URGENCIA/EMERGENCIA;427
HJK;2023;9;UTI - ADULTO;40
HJK;2023;9;UTI - NEONATAL;22
HJK;2023;10;ALOJAMENTO CONJUNTO;275
HJK;2023;10;UCI - UNIDADE DE CUIDADO INTERMEDIARIO NEONATAL CONVENCIONAL;4
HJK;2023;10;UNIDADE INTERNAÇÃO - CLINICA CIRURGICA;61
HJK;2023;10;UNIDADE INTERNAÇÃO - CLINICA MÉDICA;2
HJK;2023;10;UNIDADE INTERNAÇÃO - CLINICA PNEUMOLOGICA;31
HJK;2023;10;UNIDADE INTERNAÇÃO - CLINICA TISIOLÓGICA;7
HJK;2023;10;UNIDADE URGENCIA/EMERGENCIA;467
HJK;2023;10;UTI - ADULTO;52
HJK;2023;10;UTI - NEONATAL;27
HJK;2023;11;ALOJAMENTO CONJUNTO;286
HJK;2023;11;UCI - UNIDADE DE CUIDADO INTERMEDIARIO NEONATAL CONVENCIONAL;6
HJK;2023;11;UNIDADE INTERNAÇÃO - CLINICA CIRURGICA;75
HJK;2023;11;UNIDADE INTERNAÇÃO - CLINICA MÉDICA;5
HJK;2023;11;UNIDADE INTERNAÇÃO - CLINICA PNEUMOLOGICA;29
HJK;2023;11;UNIDADE INTERNAÇÃO - CLINICA TISIOLÓGICA;14
HJK;2023;11;UNIDADE URGENCIA/EMERGENCIA;427
HJK;2023;11;UTI - ADULTO;36
HJK;2023;11;UTI - NEONATAL;17
HJK;2023;12;ALOJAMENTO CONJUNTO;270
HJK;2023;12;UCI - UNIDADE DE CUIDADO INTERMEDIARIO NEONATAL CONVENCIONAL;6
HJK;2023;12;UNIDADE INTERNAÇÃO - CLINICA CIRURGICA;59
HJK;2023;12;UNIDADE INTERNAÇÃO - CLINICA MÉDICA;3
HJK;2023;12;UNIDADE INTERNAÇÃO - CLINICA PNEUMOLOGICA;42
HJK;2023;12;UNIDADE INTERNAÇÃO - CLINICA TISIOLÓGICA;12
HJK;2023;12;UNIDADE URGENCIA/EMERGENCIA;454
HJK;2023;12;UTI - ADULTO;37
HJK;2023;12;UTI - NEONATAL;16
HJK;2024;1;ALOJAMENTO CONJUNTO;280
HJK;2024;1;UCI - UNIDADE DE CUIDADO INTERMEDIARIO NEONATAL CONVENCIONAL;8
HJK;2024;1;UNIDADE INTERNAÇÃO - CLINICA CIRURGICA;81
HJK;2024;1;UNIDADE INTERNAÇÃO - CLINICA MÉDICA;3
HJK;2024;1;UNIDADE INTERNAÇÃO - CLINICA PNEUMOLOGICA;32
HJK;2024;1;UNIDADE INTERNAÇÃO - CLINICA TISIOLÓGICA;10
HJK;2024;1;UNIDADE URGENCIA/EMERGENCIA;485
HJK;2024;1;UTI - ADULTO;33
HJK;2024;1;UTI - NEONATAL;13
HJK;2024;2;ALOJAMENTO CONJUNTO;266
HJK;2024;2;UCI - UNIDADE DE CUIDADO INTERMEDIARIO NEONATAL CONVENCIONAL;14
HJK;2024;2;UNIDADE INTERNAÇÃO - CLINICA CIRURGICA;77
HJK;2024;2;UNIDADE INTERNAÇÃO - CLINICA MÉDICA;5
HJK;2024;2;UNIDADE INTERNAÇÃO - CLINICA PNEUMOLOGICA;37
HJK;2024;2;UNIDADE INTERNAÇÃO - CLINICA TISIOLÓGICA;13
HJK;2024;2;UNIDADE URGENCIA/EMERGENCIA;631
HJK;2024;2;UTI - ADULTO;16
HJK;2024;2;UTI - NEONATAL;6
HJK;2024;3;ALOJAMENTO CONJUNTO;292
HJK;2024;3;BLOCO CIRURGICO;3
HJK;2024;3;UCI - UNIDADE DE CUIDADO INTERMEDIARIO NEONATAL CONVENCIONAL;9
HJK;2024;3;UNIDADE INTERNAÇÃO - CLINICA CIRURGICA;94
HJK;2024;3;UNIDADE INTERNAÇÃO - CLINICA MÉDICA;6
HJK;2024;3;UNIDADE INTERNAÇÃO - CLINICA PNEUMOLOGICA;31
HJK;2024;3;UNIDADE INTERNAÇÃO - CLINICA TISIOLÓGICA;12
HJK;2024;3;UNIDADE URGENCIA/EMERGENCIA;750
HJK;2024;3;UTI - ADULTO;11
HJK;2024;3;UTI - NEONATAL;20
HJK;2024;4;ALOJAMENTO CONJUNTO;273
HJK;2024;4;UCI - UNIDADE DE CUIDADO INTERMEDIARIO NEONATAL CONVENCIONAL;4
HJK;2024;4;UNIDADE INTERNAÇÃO - CLINICA CIRURGICA;106
HJK;2024;4;UNIDADE INTERNAÇÃO - CLINICA MÉDICA;7
HJK;2024;4;UNIDADE INTERNAÇÃO - CLINICA PNEUMOLOGICA;23
HJK;2024;4;UNIDADE INTERNAÇÃO - CLINICA TISIOLÓGICA;12
HJK;2024;4;UNIDADE URGENCIA/EMERGENCIA;670
HJK;2024;4;UTI - ADULTO;3
HJK;2024;4;UTI - NEONATAL;18
HJK;2024;5;ALOJAMENTO CONJUNTO;298
HJK;2024;5;BLOCO CIRURGICO;2
HJK;2024;5;UCI - UNIDADE DE CUIDADO INTERMEDIARIO NEONATAL CONVENCIONAL;4
HJK;2024;5;UNIDADE INTERNAÇÃO - CLINICA CIRURGICA;93
HJK;2024;5;UNIDADE INTERNAÇÃO - CLINICA MÉDICA;1
HJK;2024;5;UNIDADE INTERNAÇÃO - CLINICA PNEUMOLOGICA;25
HJK;2024;5;UNIDADE INTERNAÇÃO - CLINICA TISIOLÓGICA;5
HJK;2024;5;UNIDADE URGENCIA/EMERGENCIA;632
HJK;2024;5;UTI - ADULTO;31
HJK;2024;5;UTI - NEONATAL;18
HJK;2024;6;ALOJAMENTO CONJUNTO;269
HJK;2024;6;BLOCO CIRURGICO;1
HJK;2024;6;UCI - UNIDADE DE CUIDADO INTERMEDIARIO NEONATAL CONVENCIONAL;2
HJK;2024;6;UNIDADE INTERNAÇÃO - CLINICA CIRURGICA;92
HJK;2024;6;UNIDADE INTERNAÇÃO - CLINICA MÉDICA;3
HJK;2024;6;UNIDADE INTERNAÇÃO - CLINICA PNEUMOLOGICA;15
HJK;2024;6;UNIDADE INTERNAÇÃO - CLINICA TISIOLÓGICA;12
HJK;2024;6;UNIDADE URGENCIA/EMERGENCIA;621
HJK;2024;6;UTI - ADULTO;30
HJK;2024;6;UTI - NEONATAL;20
HJK;2024;7;ALOJAMENTO CONJUNTO;310
HJK;2024;7;BLOCO CIRURGICO;4
HJK;2024;7;UCI - UNIDADE DE CUIDADO INTERMEDIARIO NEONATAL CONVENCIONAL;5
HJK;2024;7;UNIDADE INTERNAÇÃO - CLINICA CIRURGICA;98
HJK;2024;7;UNIDADE INTERNAÇÃO - CLINICA PNEUMOLOGICA;15
HJK;2024;7;UNIDADE INTERNAÇÃO - CLINICA TISIOLÓGICA;10
HJK;2024;7;UNIDADE URGENCIA/EMERGENCIA;563
HJK;2024;7;UTI - ADULTO;32
HJK;2024;7;UTI - NEONATAL;16
HJK;2024;8;ALOJAMENTO CONJUNTO;277
HJK;2024;8;BLOCO CIRURGICO;2
HJK;2024;8;UCI - UNIDADE DE CUIDADO INTERMEDIARIO NEONATAL CONVENCIONAL;9
HJK;2024;8;UNIDADE INTERNAÇÃO - CLINICA CIRURGICA;143
HJK;2024;8;UNIDADE INTERNAÇÃO - CLINICA PNEUMOLOGICA;48
HJK;2024;8;UNIDADE INTERNAÇÃO - CLINICA TISIOLÓGICA;7
HJK;2024;8;UNIDADE URGENCIA/EMERGENCIA;519
HJK;2024;8;UTI - ADULTO;22
HJK;2024;8;UTI - NEONATAL;21
HJK;2024;9;ALOJAMENTO CONJUNTO;264
HJK;2024;9;BLOCO CIRURGICO;6
HJK;2024;9;UCI - UNIDADE DE CUIDADO INTERMEDIARIO NEONATAL CONVENCIONAL;2
HJK;2024;9;UNIDADE INTERNAÇÃO - CLINICA CIRURGICA;113
HJK;2024;9;UNIDADE INTERNAÇÃO - CLINICA MÉDICA;1
HJK;2024;9;UNIDADE INTERNAÇÃO - CLINICA PNEUMOLOGICA;37
HJK;2024;9;UNIDADE INTERNAÇÃO - CLINICA TISIOLÓGICA;12
HJK;2024;9;UNIDADE URGENCIA/EMERGENCIA;507
HJK;2024;9;UTI - ADULTO;40
HJK;2024;9;UTI - NEONATAL;18
HJK;2024;10;ALOJAMENTO CONJUNTO;286
HJK;2024;10;BLOCO CIRURGICO;2
HJK;2024;10;UCI - UNIDADE DE CUIDADO INTERMEDIARIO NEONATAL CONVENCIONAL;5
HJK;2024;10;UNIDADE INTERNAÇÃO - CLINICA CIRURGICA;131
HJK;2024;10;UNIDADE INTERNAÇÃO - CLINICA MÉDICA;1
HJK;2024;10;UNIDADE INTERNAÇÃO - CLINICA PNEUMOLOGICA;15
HJK;2024;10;UNIDADE INTERNAÇÃO - CLINICA TISIOLÓGICA;20
HJK;2024;10;UNIDADE URGENCIA/EMERGENCIA;542
HJK;2024;10;UTI - ADULTO;51
HJK;2024;10;UTI - NEONATAL;21
HJK;2024;11;ALOJAMENTO CONJUNTO;230
HJK;2024;11;BLOCO CIRURGICO;2
HJK;2024;11;UCI - UNIDADE DE CUIDADO INTERMEDIARIO NEONATAL CONVENCIONAL;3
HJK;2024;11;UNIDADE INTERNAÇÃO - CLINICA CIRURGICA;110
HJK;2024;11;UNIDADE INTERNAÇÃO - CLINICA MÉDICA;5
HJK;2024;11;UNIDADE INTERNAÇÃO - CLINICA PNEUMOLOGICA;46
HJK;2024;11;UNIDADE INTERNAÇÃO - CLINICA TISIOLÓGICA;10
HJK;2024;11;UNIDADE URGENCIA/EMERGENCIA;519
HJK;2024;11;UTI - ADULTO;33
HJK;2024;11;UTI - NEONATAL;10
HJK;2024;12;ALOJAMENTO CONJUNTO;292
HJK;2024;12;BLOCO CIRURGICO;1
HJK;2024;12;UCI - UNIDADE DE CUIDADO INTERMEDIARIO NEONATAL CONVENCIONAL;3
HJK;2024;12;UNIDADE INTERNAÇÃO - CLINICA CIRURGICA;84
HJK;2024;12;UNIDADE INTERNAÇÃO - CLINICA MÉDICA;5
HJK;2024;12;UNIDADE INTERNAÇÃO - CLINICA PNEUMOLOGICA;48
HJK;2024;12;UNIDADE INTERNAÇÃO - CLINICA TISIOLÓGICA;10
HJK;2024;12;UNIDADE URGENCIA/EMERGENCIA;533
HJK;2024;12;UTI - ADULTO;48
HJK;2024;12;UTI - NEONATAL;21
HJK;2025;1;ALOJAMENTO CONJUNTO;308
HJK;2025;1;BLOCO CIRURGICO;2
HJK;2025;1;UCI - UNIDADE DE CUIDADO INTERMEDIARIO NEONATAL CONVENCIONAL;1
HJK;2025;1;UNIDADE INTERNAÇÃO - CLINICA CIRURGICA;97
HJK;2025;1;UNIDADE INTERNAÇÃO - CLINICA MÉDICA;2
HJK;2025;1;UNIDADE INTERNAÇÃO - CLINICA PNEUMOLOGICA;33
HJK;2025;1;UNIDADE INTERNAÇÃO - CLINICA TISIOLÓGICA;13
HJK;2025;1;UNIDADE URGENCIA/EMERGENCIA;581
HJK;2025;1;UTI - ADULTO;24
HJK;2025;1;UTI - NEONATAL;20
HJK;2025;2;ALOJAMENTO CONJUNTO;314
HJK;2025;2;BLOCO CIRURGICO;1
HJK;2025;2;UCI - UNIDADE DE CUIDADO INTERMEDIARIO NEONATAL CONVENCIONAL;7
HJK;2025;2;UNIDADE INTERNAÇÃO - CLINICA CIRURGICA;87
HJK;2025;2;UNIDADE INTERNAÇÃO - CLINICA MÉDICA;2
HJK;2025;2;UNIDADE INTERNAÇÃO - CLINICA PNEUMOLOGICA;10
HJK;2025;2;UNIDADE INTERNAÇÃO - CLINICA TISIOLÓGICA;10
HJK;2025;2;UNIDADE URGENCIA/EMERGENCIA;481
HJK;2025;2;UTI - ADULTO;28
HJK;2025;2;UTI - NEONATAL;12
HJK;2025;3;ALOJAMENTO CONJUNTO;315
HJK;2025;3;BLOCO CIRURGICO;7
HJK;2025;3;UCI - UNIDADE DE CUIDADO INTERMEDIARIO NEONATAL CONVENCIONAL;11
HJK;2025;3;UNIDADE INTERNAÇÃO - CLINICA CIRURGICA;125
HJK;2025;3;UNIDADE INTERNAÇÃO - CLINICA MÉDICA;1
HJK;2025;3;UNIDADE INTERNAÇÃO - CLINICA PNEUMOLOGICA;42
HJK;2025;3;UNIDADE INTERNAÇÃO - CLINICA TISIOLÓGICA;17
HJK;2025;3;UNIDADE URGENCIA/EMERGENCIA;571
HJK;2025;3;UTI - ADULTO;28
HJK;2025;3;UTI - NEONATAL;18
HJK;2025;4;ALOJAMENTO CONJUNTO;309
HJK;2025;4;BLOCO CIRURGICO;10
HJK;2025;4;UCI - UNIDADE DE CUIDADO INTERMEDIARIO NEONATAL CONVENCIONAL;3
HJK;2025;4;UNIDADE INTERNAÇÃO - CLINICA CIRURGICA;58
HJK;2025;4;UNIDADE INTERNAÇÃO - CLINICA MÉDICA;1
HJK;2025;4;UNIDADE INTERNAÇÃO - CLINICA PNEUMOLOGICA;35
HJK;2025;4;UNIDADE INTERNAÇÃO - CLINICA TISIOLÓGICA;5
HJK;2025;4;UNIDADE URGENCIA/EMERGENCIA;599
HJK;2025;4;UTI - ADULTO;10
HJK;2025;4;UTI - NEONATAL;18
HJK;2025;5;ALOJAMENTO CONJUNTO;294
HJK;2025;5;BLOCO CIRURGICO;7
HJK;2025;5;UCI - UNIDADE DE CUIDADO INTERMEDIARIO NEONATAL CONVENCIONAL;7
HJK;2025;5;UNIDADE INTERNAÇÃO - CLINICA CIRURGICA;85
HJK;2025;5;UNIDADE INTERNAÇÃO - CLINICA MÉDICA;2
HJK;2025;5;UNIDADE INTERNAÇÃO - CLINICA PNEUMOLOGICA;29
HJK;2025;5;UNIDADE INTERNAÇÃO - CLINICA TISIOLÓGICA;10
HJK;2025;5;UNIDADE URGENCIA/EMERGENCIA;580
HJK;2025;5;UTI - ADULTO;23
HJK;2025;5;UTI - NEONATAL;29
HJK;2025;6;ALOJAMENTO CONJUNTO;297
HJK;2025;6;BLOCO CIRURGICO;7
HJK;2025;6;UCI - UNIDADE DE CUIDADO INTERMEDIARIO NEONATAL CONVENCIONAL;4
HJK;2025;6;UNIDADE INTERNAÇÃO - CLINICA CIRURGICA;80
HJK;2025;6;UNIDADE INTERNAÇÃO - CLINICA PNEUMOLOGICA;11
HJK;2025;6;UNIDADE INTERNAÇÃO - CLINICA TISIOLÓGICA;14
HJK;2025;6;UNIDADE URGENCIA/EMERGENCIA;583
HJK;2025;6;UTI - ADULTO;42
HJK;2025;6;UTI - NEONATAL;28
HJK;2025;7;ALOJAMENTO CONJUNTO;283
HJK;2025;7;BLOCO CIRURGICO;9
HJK;2025;7;UCI - UNIDADE DE CUIDADO INTERMEDIARIO NEONATAL CONVENCIONAL;3
HJK;2025;7;UNIDADE INTERNAÇÃO - CLINICA CIRURGICA;78
HJK;2025;7;UNIDADE INTERNAÇÃO - CLINICA MÉDICA;1
HJK;2025;7;UNIDADE INTERNAÇÃO - CLINICA PNEUMOLOGICA;12
HJK;2025;7;UNIDADE INTERNAÇÃO - CLINICA TISIOLÓGICA;9
HJK;2025;7;UNIDADE URGENCIA/EMERGENCIA;603
HJK;2025;7;UTI - ADULTO;49
HJK;2025;7;UTI - NEONATAL;37
HJK;2025;8;ALOJAMENTO CONJUNTO;151
HJK;2025;8;BLOCO CIRURGICO;8
HJK;2025;8;PRÉ-PARTO;135
HJK;2025;8;UCI - UNIDADE DE CUIDADO INTERMEDIARIO NEONATAL CONVENCIONAL;6
HJK;2025;8;UNIDADE INTERNAÇÃO - CLINICA CIRURGICA;108
HJK;2025;8;UNIDADE INTERNAÇÃO - CLINICA MÉDICA;2
HJK;2025;8;UNIDADE INTERNAÇÃO - CLINICA PNEUMOLOGICA;15
HJK;2025;8;UNIDADE INTERNAÇÃO - CLINICA TISIOLÓGICA;11
HJK;2025;8;UNIDADE URGENCIA/EMERGENCIA;598
HJK;2025;8;UTI - ADULTO;28
HJK;2025;8;UTI - NEONATAL;21
HJK;2025;9;ALOJAMENTO CONJUNTO;73
HJK;2025;9;BLOCO CIRURGICO;14
HJK;2025;9;PRÉ-PARTO;224
HJK;2025;9;UCI - UNIDADE DE CUIDADO INTERMEDIARIO NEONATAL CANGURU;2
HJK;2025;9;UCI - UNIDADE DE CUIDADO INTERMEDIARIO NEONATAL CONVENCIONAL;4
HJK;2025;9;UNIDADE INTERNAÇÃO - CLINICA CIRURGICA;101
HJK;2025;9;UNIDADE INTERNAÇÃO - CLINICA PNEUMOLOGICA;34
HJK;2025;9;UNIDADE INTERNAÇÃO - CLINICA TISIOLÓGICA;10
HJK;2025;9;UNIDADE URGENCIA/EMERGENCIA;561
HJK;2025;9;UTI - ADULTO;43
HJK;2025;9;UTI - NEONATAL;21
HJK;2025;10;ALOJAMENTO CONJUNTO;73
HJK;2025;10;BLOCO CIRURGICO;10
HJK;2025;10;PRÉ-PARTO;215
HJK;2025;10;UCI - UNIDADE DE CUIDADO INTERMEDIARIO NEONATAL CANGURU;2
HJK;2025;10;UCI - UNIDADE DE CUIDADO INTERMEDIARIO NEONATAL CONVENCIONAL;5
HJK;2025;10;UNIDADE INTERNAÇÃO - CLINICA CIRURGICA;117
HJK;2025;10;UNIDADE INTERNAÇÃO - CLINICA MÉDICA;1
HJK;2025;10;UNIDADE INTERNAÇÃO - CLINICA PNEUMOLOGICA;13
HJK;2025;10;UNIDADE INTERNAÇÃO - CLINICA TISIOLÓGICA;7
HJK;2025;10;UNIDADE URGENCIA/EMERGENCIA;541
HJK;2025;10;UTI - ADULTO;66
HJK;2025;10;UTI - NEONATAL;24
HJK;2025;11;ALOJAMENTO CONJUNTO;64
HJK;2025;11;BLOCO CIRURGICO;8
HJK;2025;11;PRÉ-PARTO;189
HJK;2025;11;UCI - UNIDADE DE CUIDADO INTERMEDIARIO NEONATAL CANGURU;5
HJK;2025;11;UCI - UNIDADE DE CUIDADO INTERMEDIARIO NEONATAL CONVENCIONAL;2
HJK;2025;11;UNIDADE INTERNAÇÃO - CLINICA CIRURGICA;116
HJK;2025;11;UNIDADE INTERNAÇÃO - CLINICA MÉDICA;1
HJK;2025;11;UNIDADE INTERNAÇÃO - CLINICA PNEUMOLOGICA;36
HJK;2025;11;UNIDADE INTERNAÇÃO - CLINICA TISIOLÓGICA;3
HJK;2025;11;UNIDADE URGENCIA/EMERGENCIA;511
HJK;2025;11;UTI - ADULTO;43
HJK;2025;11;UTI - NEONATAL;17
HJK;2025;12;ALOJAMENTO CONJUNTO;97
HJK;2025;12;BLOCO CIRURGICO;23
HJK;2025;12;PRÉ-PARTO;210
HJK;2025;12;UCI - UNIDADE DE CUIDADO INTERMEDIARIO NEONATAL CANGURU;7
HJK;2025;12;UCI - UNIDADE DE CUIDADO INTERMEDIARIO NEONATAL CONVENCIONAL;3
HJK;2025;12;UNIDADE INTERNAÇÃO - CLINICA CIRURGICA;107
HJK;2025;12;UNIDADE INTERNAÇÃO - CLINICA MÉDICA;5
HJK;2025;12;UNIDADE INTERNAÇÃO - CLINICA PNEUMOLOGICA;16
HJK;2025;12;UNIDADE INTERNAÇÃO - CLINICA TISIOLÓGICA;8
HJK;2025;12;UNIDADE URGENCIA/EMERGENCIA;542
HJK;2025;12;UTI - ADULTO;38
HJK;2025;12;UTI - NEONATAL;24
HJK;2026;1;ALOJAMENTO CONJUNTO;73
HJK;2026;1;BLOCO CIRURGICO;24
HJK;2026;1;PRÉ-PARTO;227
HJK;2026;1;UCI - UNIDADE DE CUIDADO INTERMEDIARIO NEONATAL CANGURU;7
HJK;2026;1;UCI - UNIDADE DE CUIDADO INTERMEDIARIO NEONATAL CONVENCIONAL;2
HJK;2026;1;UNIDADE INTERNAÇÃO - CLINICA CIRURGICA;103
HJK;2026;1;UNIDADE INTERNAÇÃO - CLINICA PNEUMOLOGICA;23
HJK;2026;1;UNIDADE INTERNAÇÃO - CLINICA TISIOLÓGICA;7
HJK;2026;1;UNIDADE URGENCIA/EMERGENCIA;572
HJK;2026;1;UTI - ADULTO;29
HJK;2026;1;UTI - NEONATAL;12
HJK;2026;2;ALOJAMENTO CONJUNTO;83
HJK;2026;2;BLOCO CIRURGICO;11
HJK;2026;2;CLINICA CIRÚRGICA - ALA A;28
HJK;2026;2;CLINICA MÉDICA - ALA E;5
HJK;2026;2;CLINICA MÉDICA - ALA G;4
HJK;2026;2;CLINICA PNEUMOLÓGICA - ALA D;9
HJK;2026;2;PRÉ PARTO / PPP;31
HJK;2026;2;PRÉ-PARTO;143
HJK;2026;2;UCI - UNIDADE DE CUIDADO INTERMEDIARIO NEONATAL CANGURU;4
HJK;2026;2;UCI - UNIDADE DE CUIDADO INTERMEDIARIO NEONATAL CONVENCIONAL;1
HJK;2026;2;UE - INTERNAÇÃO SALA DE EMERGÊNCIA;10
HJK;2026;2;UE - INTERNAÇÃO SALA DE MEDICAÇÃO;14
HJK;2026;2;UE - INTERNAÇÃO UDC-CRD;55
HJK;2026;2;UNIDADE INTERNAÇÃO - CLINICA CIRURGICA;76
HJK;2026;2;UNIDADE INTERNAÇÃO - CLINICA MÉDICA;1
HJK;2026;2;UNIDADE INTERNAÇÃO - CLINICA PNEUMOLOGICA;22
HJK;2026;2;UNIDADE INTERNAÇÃO - CLINICA TISIOLÓGICA;2
HJK;2026;2;UNIDADE URGENCIA/EMERGENCIA;262
HJK;2026;2;UTI - ADULTO;16
HJK;2026;2;UTI - NEONATAL;11
HJK;2026;3;ALOJAMENTO CONJUNTO;51
HJK;2026;3;CLINICA CIRÚRGICA - ALA A;126
HJK;2026;3;CLINICA MEDICA - ALA C;5
HJK;2026;3;CLINICA MÉDICA - ALA E;6
HJK;2026;3;CLINICA MÉDICA - ALA G;9
HJK;2026;3;CLINICA PNEUMOLÓGICA - ALA D;17
HJK;2026;3;CLINICA TISIOLÓGICA - ALA G;6
HJK;2026;3;PRÉ PARTO / PPP;264
HJK;2026;3;UCINCA - UNIDADE DE CUIDADO INTERMEDIÁRIO NEONATAL CANGURU;3
HJK;2026;3;UE - INTERNAÇÃO SALA DE EMERGÊNCIA;65
HJK;2026;3;UE - INTERNAÇÃO SALA DE MEDICAÇÃO;62
HJK;2026;3;UE - INTERNAÇÃO UDC-CRD;478
HJK;2026;3;UTI - ADULTO;31
HJK;2026;3;UTI - NEONATAL;18
HJK;2026;4;ALOJAMENTO CONJUNTO;62
HJK;2026;4;CLINICA CIRÚRGICA - ALA A;105
HJK;2026;4;CLINICA MEDICA - ALA C;4
HJK;2026;4;CLINICA MÉDICA - ALA E;6
HJK;2026;4;CLINICA MÉDICA - ALA G;2
HJK;2026;4;CLINICA PNEUMOLÓGICA - ALA D;16
HJK;2026;4;CLINICA TISIOLÓGICA - ALA G;9
HJK;2026;4;PRÉ PARTO / PPP;200
HJK;2026;4;UCINCA - UNIDADE DE CUIDADO INTERMEDIÁRIO NEONATAL CANGURU;2
HJK;2026;4;UCINCO - UNIDADE DE CUIDADO INTERMEDIÁRIO NEONATAL CONVENCIONAL;2
HJK;2026;4;UE - INTERNAÇÃO SALA DE EMERGÊNCIA;62
HJK;2026;4;UE - INTERNAÇÃO SALA DE MEDICAÇÃO;66
HJK;2026;4;UE - INTERNAÇÃO UDC-CRD;487
HJK;2026;4;UTI - ADULTO;25
HJK;2026;4;UTI - NEONATAL;10
HJK;2026;5;ALOJAMENTO CONJUNTO;51
HJK;2026;5;CLINICA CIRÚRGICA - ALA A;90
HJK;2026;5;CLINICA MEDICA - ALA C;3
HJK;2026;5;CLINICA MÉDICA - ALA E;1
HJK;2026;5;CLINICA MÉDICA - ALA G;1
HJK;2026;5;CLINICA PNEUMOLÓGICA - ALA D;39
HJK;2026;5;CLINICA TISIOLÓGICA - ALA G;11
HJK;2026;5;PRÉ PARTO / PPP;225
HJK;2026;5;UCINCA - UNIDADE DE CUIDADO INTERMEDIÁRIO NEONATAL CANGURU;2
HJK;2026;5;UCINCO - UNIDADE DE CUIDADO INTERMEDIÁRIO NEONATAL CONVENCIONAL;2
HJK;2026;5;UE - INTERNAÇÃO SALA DE EMERGÊNCIA;75
HJK;2026;5;UE - INTERNAÇÃO SALA DE MEDICAÇÃO;80
HJK;2026;5;UE - INTERNAÇÃO UDC-CRD;483
HJK;2026;5;UTI - ADULTO;26
HJK;2026;5;UTI - NEONATAL;6
HJK;2026;6;ALOJAMENTO CONJUNTO;48
HJK;2026;6;CLINICA CIRÚRGICA - ALA A;84
HJK;2026;6;CLINICA MEDICA - ALA C;2
HJK;2026;6;CLINICA MÉDICA - ALA E;3
HJK;2026;6;CLINICA MÉDICA - ALA G;3
HJK;2026;6;CLINICA PNEUMOLÓGICA - ALA D;9
HJK;2026;6;CLINICA TISIOLÓGICA - ALA G;7
HJK;2026;6;PRÉ PARTO / PPP;250
HJK;2026;6;UCINCA - UNIDADE DE CUIDADO INTERMEDIÁRIO NEONATAL CANGURU;3
HJK;2026;6;UCINCO - UNIDADE DE CUIDADO INTERMEDIÁRIO NEONATAL CONVENCIONAL;4
HJK;2026;6;UE - INTERNAÇÃO SALA DE EMERGÊNCIA;81
HJK;2026;6;UE - INTERNAÇÃO SALA DE MEDICAÇÃO;50
HJK;2026;6;UE - INTERNAÇÃO UDC-CRD;533
HJK;2026;6;UTI - ADULTO;26
HJK;2026;6;UTI - NEONATAL;8
HJK;2026;7;ALOJAMENTO CONJUNTO;49
HJK;2026;7;CLINICA CIRÚRGICA - ALA A;101
HJK;2026;7;CLINICA MEDICA - ALA C;2
HJK;2026;7;CLINICA MÉDICA - ALA E;3
HJK;2026;7;CLINICA MÉDICA - ALA G;2
HJK;2026;7;CLINICA PNEUMOLÓGICA - ALA D;23
HJK;2026;7;CLINICA TISIOLÓGICA - ALA G;4
HJK;2026;7;PRÉ PARTO / PPP;188
HJK;2026;7;UCINCA - UNIDADE DE CUIDADO INTERMEDIÁRIO NEONATAL CANGURU;2
HJK;2026;7;UCINCO - UNIDADE DE CUIDADO INTERMEDIÁRIO NEONATAL CONVENCIONAL;5
HJK;2026;7;UE - INTERNAÇÃO SALA DE EMERGÊNCIA;65
HJK;2026;7;UE - INTERNAÇÃO SALA DE MEDICAÇÃO;44
HJK;2026;7;UE - INTERNAÇÃO UDC-CRD;599
HJK;2026;7;UTI - ADULTO;30
HJK;2026;7;UTI - NEONATAL;9
HJXXIII;2019;1;BLOCO CIRURGICO;25
HJXXIII;2019;1;PRONTO SOCORRO;932
HJXXIII;2019;1;PRONTO SOCORRO SALA 08 - EMERG. CLINICAS;38
HJXXIII;2019;1;UNIDADE INTERNAÇÃO - CIRURGIA GERAL 4º ANDAR;1
HJXXIII;2019;1;UTI;2
HJXXIII;2019;1;UTI -  PEDIATRICO 2º ANDAR;2
HJXXIII;2019;2;BLOCO CIRURGICO;22
HJXXIII;2019;2;PRONTO SOCORRO;843
HJXXIII;2019;2;PRONTO SOCORRO SALA 08 - EMERG. CLINICAS;52
HJXXIII;2019;2;UNIDADE INTERNAÇÃO - CLINICA MÉDICA 6º ANDAR;1
HJXXIII;2019;2;UTI;1
HJXXIII;2019;2;UTI -  PEDIATRICO 2º ANDAR;1
HJXXIII;2019;3;BLOCO CIRURGICO;37
HJXXIII;2019;3;PRONTO SOCORRO;966
HJXXIII;2019;3;PRONTO SOCORRO SALA 08 - EMERG. CLINICAS;41
HJXXIII;2019;3;UNIDADE INTERNAÇÃO - CLINICA MÉDICA 6º ANDAR;1
HJXXIII;2019;3;UNIDADE INTERNAÇÃO - CLINICA PEDIÁTRICA 2º ANDAR;1
HJXXIII;2019;3;UTI -  PEDIATRICO 2º ANDAR;7
HJXXIII;2019;4;BLOCO CIRURGICO;35
HJXXIII;2019;4;PRONTO SOCORRO;994
HJXXIII;2019;4;PRONTO SOCORRO SALA 08 - EMERG. CLINICAS;29
HJXXIII;2019;4;UNIDADE INTERNAÇÃO - CLINICA PEDIÁTRICA 2º ANDAR;1
HJXXIII;2019;4;UTI -  PEDIATRICO 2º ANDAR;3
HJXXIII;2019;5;BLOCO CIRURGICO;23
HJXXIII;2019;5;PRONTO SOCORRO;1013
HJXXIII;2019;5;PRONTO SOCORRO SALA 08 - EMERG. CLINICAS;39
HJXXIII;2019;5;UTI;1
HJXXIII;2019;5;UTI -  PEDIATRICO 2º ANDAR;4
HJXXIII;2019;6;BLOCO CIRURGICO;41
HJXXIII;2019;6;PRONTO SOCORRO;924
HJXXIII;2019;6;PRONTO SOCORRO SALA 08 - EMERG. CLINICAS;34
HJXXIII;2019;6;UTI;2
HJXXIII;2019;6;UTI -  PEDIATRICO 2º ANDAR;9
HJXXIII;2019;7;BLOCO CIRURGICO;20
HJXXIII;2019;7;PRONTO SOCORRO;997
HJXXIII;2019;7;PRONTO SOCORRO SALA 08 - EMERG. CLINICAS;28
HJXXIII;2019;7;UTI;1
HJXXIII;2019;7;UTI -  PEDIATRICO 2º ANDAR;2
HJXXIII;2019;8;BLOCO CIRURGICO;19
HJXXIII;2019;8;PRONTO SOCORRO;940
HJXXIII;2019;8;PRONTO SOCORRO SALA 08 - EMERG. CLINICAS;36
HJXXIII;2019;8;UNIDADE INTERNAÇÃO - CIRURGIA PLÁSTICA 7º ANDAR;2
HJXXIII;2019;8;UTI -  PEDIATRICO 2º ANDAR;2
HJXXIII;2019;9;BLOCO CIRURGICO;30
HJXXIII;2019;9;PRONTO SOCORRO;966
HJXXIII;2019;9;PRONTO SOCORRO SALA 08 - EMERG. CLINICAS;34
HJXXIII;2019;9;UTI -  PEDIATRICO 2º ANDAR;1
HJXXIII;2019;10;BLOCO CIRURGICO;36
HJXXIII;2019;10;PRONTO SOCORRO;947
HJXXIII;2019;10;PRONTO SOCORRO SALA 08 - EMERG. CLINICAS;39
HJXXIII;2019;10;UTI -  PEDIATRICO 2º ANDAR;1
HJXXIII;2019;11;BLOCO CIRURGICO;30
HJXXIII;2019;11;PRONTO SOCORRO;912
HJXXIII;2019;11;PRONTO SOCORRO SALA 08 - EMERG. CLINICAS;40
HJXXIII;2019;11;UNIDADE INTERNAÇÃO - CLINICA PEDIÁTRICA 2º ANDAR;1
HJXXIII;2019;11;UTI -  PEDIATRICO 2º ANDAR;1
HJXXIII;2019;12;BLOCO CIRURGICO;35
HJXXIII;2019;12;PRONTO SOCORRO;976
HJXXIII;2019;12;PRONTO SOCORRO SALA 08 - EMERG. CLINICAS;33
HJXXIII;2019;12;UTI;1
HJXXIII;2019;12;UTI -  PEDIATRICO 2º ANDAR;4
HJXXIII;2020;1;BLOCO CIRURGICO;32
HJXXIII;2020;1;PRONTO SOCORRO;865
HJXXIII;2020;1;PRONTO SOCORRO SALA 08 - EMERG. CLINICAS;39
HJXXIII;2020;2;BLOCO CIRURGICO;15
HJXXIII;2020;2;PRONTO SOCORRO;944
HJXXIII;2020;2;PRONTO SOCORRO SALA 08 - EMERG. CLINICAS;27
HJXXIII;2020;2;UTI -  PEDIATRICO 2º ANDAR;1
HJXXIII;2020;3;BLOCO CIRURGICO;27
HJXXIII;2020;3;PRONTO SOCORRO;797
HJXXIII;2020;3;PRONTO SOCORRO SALA 08 - EMERG. CLINICAS;35
HJXXIII;2020;3;UNIDADE INTERNAÇÃO - CLINICA NEUROLOGICA 5º ANDAR;1
HJXXIII;2020;3;UNIDADE INTERNAÇÃO - CLINICA PEDIÁTRICA 2º ANDAR;1
HJXXIII;2020;3;UTI;1
HJXXIII;2020;3;UTI -  PEDIATRICO 2º ANDAR;2
HJXXIII;2020;4;BLOCO CIRURGICO;21
HJXXIII;2020;4;PRONTO SOCORRO;666
HJXXIII;2020;4;PRONTO SOCORRO SALA 08 - EMERG. CLINICAS;35
HJXXIII;2020;4;UNIDADE INTERNAÇÃO - CLINICA MÉDICA 6º ANDAR;1
HJXXIII;2020;4;UNIDADE INTERNAÇÃO - CLINICA PEDIÁTRICA 2º ANDAR;2
HJXXIII;2020;4;UTI;1
HJXXIII;2020;4;UTI -  PEDIATRICO 2º ANDAR;5
HJXXIII;2020;5;BLOCO CIRURGICO;45
HJXXIII;2020;5;PRONTO SOCORRO;790
HJXXIII;2020;5;PRONTO SOCORRO SALA 08 - EMERG. CLINICAS;39
HJXXIII;2020;5;UTI;2
HJXXIII;2020;5;UTI -  PEDIATRICO 2º ANDAR;2
HJXXIII;2020;6;BLOCO CIRURGICO;36
HJXXIII;2020;6;PRONTO SOCORRO;909
HJXXIII;2020;6;PRONTO SOCORRO SALA 08 - EMERG. CLINICAS;40
HJXXIII;2020;6;UTI;3
HJXXIII;2020;6;UTI -  PEDIATRICO 2º ANDAR;2
HJXXIII;2020;7;BLOCO CIRURGICO;30
HJXXIII;2020;7;PRONTO SOCORRO;907
HJXXIII;2020;7;PRONTO SOCORRO SALA 08 - EMERG. CLINICAS;14
HJXXIII;2020;7;UNIDADE INTERNAÇÃO - CIRURGIA PLÁSTICA 7º ANDAR;1
HJXXIII;2020;7;UTI;3
HJXXIII;2020;7;UTI -  PEDIATRICO 2º ANDAR;1
HJXXIII;2020;8;BLOCO CIRURGICO;34
HJXXIII;2020;8;PRONTO SOCORRO;962
HJXXIII;2020;8;PRONTO SOCORRO SALA 08 - EMERG. CLINICAS;1
HJXXIII;2020;8;UNIDADE INTERNAÇÃO - CLINICA MÉDICA 6º ANDAR;1
HJXXIII;2020;8;UNIDADE INTERNAÇÃO - CLINICA PEDIÁTRICA 2º ANDAR;1
HJXXIII;2020;8;UTI -  PEDIATRICO 2º ANDAR;2
HJXXIII;2020;9;BLOCO CIRURGICO;37
HJXXIII;2020;9;PRONTO SOCORRO;969
HJXXIII;2020;9;UTI -  PEDIATRICO 2º ANDAR;2
HJXXIII;2020;10;BLOCO CIRURGICO;37
HJXXIII;2020;10;PRONTO SOCORRO;1018
HJXXIII;2020;10;UNIDADE INTERNAÇÃO - CLINICA PEDIÁTRICA 2º ANDAR;1
HJXXIII;2020;10;UTI -  PEDIATRICO 2º ANDAR;1
HJXXIII;2020;11;BLOCO CIRURGICO;28
HJXXIII;2020;11;PRONTO SOCORRO;969
HJXXIII;2020;11;PRONTO SOCORRO SALA 08 - EMERG. CLINICAS;1
HJXXIII;2020;11;UNIDADE INTERNAÇÃO - QUEIMADOS MÉDIOS - 8º ANDAR;1
HJXXIII;2020;11;UTI;1
HJXXIII;2020;11;UTI -  PEDIATRICO 2º ANDAR;1
HJXXIII;2020;12;BLOCO CIRURGICO;48
HJXXIII;2020;12;PRONTO SOCORRO;991
HJXXIII;2020;12;UNIDADE INTERNAÇÃO - QUEIMADOS MÉDIOS - 8º ANDAR;1
HJXXIII;2020;12;UTI;1
HJXXIII;2020;12;UTI -  PEDIATRICO 2º ANDAR;2
HJXXIII;2021;1;BLOCO CIRURGICO;41
HJXXIII;2021;1;PRONTO SOCORRO;980
HJXXIII;2021;1;PRONTO SOCORRO SALA 08 - EMERG. CLINICAS;2
HJXXIII;2021;1;UNIDADE INTERNAÇÃO - CIRURGIA GERAL 4º ANDAR;1
HJXXIII;2021;1;UNIDADE INTERNAÇÃO - CLINICA PEDIÁTRICA 2º ANDAR;1
HJXXIII;2021;2;BLOCO CIRURGICO;15
HJXXIII;2021;2;PRONTO SOCORRO;845
HJXXIII;2021;2;PRONTO SOCORRO SALA 08 - EMERG. CLINICAS;1
HJXXIII;2021;2;UNIDADE INTERNAÇÃO - CLINICA PEDIÁTRICA 2º ANDAR;2
HJXXIII;2021;2;UTI -  PEDIATRICO 2º ANDAR;2
HJXXIII;2021;3;BLOCO CIRURGICO;27
HJXXIII;2021;3;PRONTO SOCORRO;1034
HJXXIII;2021;3;PRONTO SOCORRO SALA 08 - EMERG. CLINICAS;4
HJXXIII;2021;3;UNIDADE INTERNAÇÃO - CIRURGIA PLÁSTICA 7º ANDAR;1
HJXXIII;2021;3;UNIDADE INTERNAÇÃO - CLINICA MÉDICA 6º ANDAR;4
HJXXIII;2021;3;UNIDADE INTERNAÇÃO - CLINICA PEDIÁTRICA 2º ANDAR;1
HJXXIII;2021;3;UNIDADE INTERNAÇÃO - QUEIMADOS GRAVES 9º ANDAR;1
HJXXIII;2021;3;UTI;1
HJXXIII;2021;3;UTI -  PEDIATRICO 2º ANDAR;3
HJXXIII;2021;4;BLOCO CIRURGICO;20
HJXXIII;2021;4;PRONTO SOCORRO;1061
HJXXIII;2021;4;PRONTO SOCORRO SALA 08 - EMERG. CLINICAS;4
HJXXIII;2021;4;UNIDADE INTERNAÇÃO - CLINICA PEDIÁTRICA 2º ANDAR;9
HJXXIII;2021;4;UTI;1
HJXXIII;2021;4;UTI -  PEDIATRICO 2º ANDAR;3
HJXXIII;2021;5;BLOCO CIRURGICO;37
HJXXIII;2021;5;PRONTO SOCORRO;1108
HJXXIII;2021;5;PRONTO SOCORRO SALA 08 - EMERG. CLINICAS;1
HJXXIII;2021;5;UNIDADE INTERNAÇÃO - CLINICA NEUROLOGICA 5º ANDAR;1
HJXXIII;2021;5;UTI -  PEDIATRICO 2º ANDAR;6
HJXXIII;2021;6;BLOCO CIRURGICO;31
HJXXIII;2021;6;PRONTO SOCORRO;1063
HJXXIII;2021;6;UTI;2
HJXXIII;2021;6;UTI -  PEDIATRICO 2º ANDAR;12
HJXXIII;2021;7;BLOCO CIRURGICO;38
HJXXIII;2021;7;PRONTO SOCORRO;1080
HJXXIII;2021;7;UTI;3
HJXXIII;2021;7;UTI -  PEDIATRICO 2º ANDAR;9
HJXXIII;2021;8;BLOCO CIRURGICO;22
HJXXIII;2021;8;PRONTO SOCORRO;1069
HJXXIII;2021;8;UNIDADE INTERNAÇÃO - QUEIMADOS MÉDIOS - 8º ANDAR;1
HJXXIII;2021;8;UTI;2
HJXXIII;2021;8;UTI -  PEDIATRICO 2º ANDAR;5
HJXXIII;2021;9;BLOCO CIRURGICO;28
HJXXIII;2021;9;PRONTO SOCORRO;1009
HJXXIII;2021;9;UTI;2
HJXXIII;2021;9;UTI -  PEDIATRICO 2º ANDAR;3
HJXXIII;2021;10;BLOCO CIRURGICO;23
HJXXIII;2021;10;PRONTO SOCORRO;1022
HJXXIII;2021;10;UTI;1
HJXXIII;2021;10;UTI -  PEDIATRICO 2º ANDAR;3
HJXXIII;2021;11;BLOCO CIRURGICO;15
HJXXIII;2021;11;PRONTO SOCORRO;1012
HJXXIII;2021;11;UTI -  PEDIATRICO 2º ANDAR;2
HJXXIII;2021;12;BLOCO CIRURGICO;53
HJXXIII;2021;12;PRONTO SOCORRO;982
HJXXIII;2021;12;UNIDADE INTERNAÇÃO - CIRURGIA GERAL 4º ANDAR;1
HJXXIII;2021;12;UNIDADE INTERNAÇÃO - QUEIMADOS MÉDIOS - 8º ANDAR;1
HJXXIII;2021;12;UTI;1
HJXXIII;2021;12;UTI -  PEDIATRICO 2º ANDAR;14
HJXXIII;2022;1;BLOCO CIRURGICO;36
HJXXIII;2022;1;PRONTO SOCORRO;1019
HJXXIII;2022;1;UNIDADE INTERNAÇÃO - CIRURGIA GERAL 4º ANDAR;1
HJXXIII;2022;1;UNIDADE INTERNAÇÃO - QUEIMADOS GRAVES 9º ANDAR;1
HJXXIII;2022;1;UTI -  PEDIATRICO 2º ANDAR;12
HJXXIII;2022;2;BLOCO CIRURGICO;27
HJXXIII;2022;2;PRONTO SOCORRO;885
HJXXIII;2022;2;UTI -  PEDIATRICO 2º ANDAR;11
HJXXIII;2022;3;BLOCO CIRURGICO;33
HJXXIII;2022;3;PRONTO SOCORRO;1046
HJXXIII;2022;3;UNIDADE INTERNAÇÃO - QUEIMADOS GRAVES 9º ANDAR;1
HJXXIII;2022;3;UTI -  PEDIATRICO 2º ANDAR;34
HJXXIII;2022;4;BLOCO CIRURGICO;33
HJXXIII;2022;4;PRONTO SOCORRO;974
HJXXIII;2022;4;UTI;1
HJXXIII;2022;4;UTI -  PEDIATRICO 2º ANDAR;32
HJXXIII;2022;5;BLOCO CIRURGICO;38
HJXXIII;2022;5;PRONTO SOCORRO;952
HJXXIII;2022;5;UNIDADE INTERNAÇÃO - CIRURGIA GERAL 4º ANDAR;1
HJXXIII;2022;5;UTI;1
HJXXIII;2022;5;UTI -  PEDIATRICO 2º ANDAR;20
HJXXIII;2022;6;BLOCO CIRURGICO;35
HJXXIII;2022;6;PRONTO SOCORRO;949
HJXXIII;2022;6;UTI;1
HJXXIII;2022;6;UTI -  PEDIATRICO 2º ANDAR;19
HJXXIII;2022;7;BLOCO CIRURGICO;42
HJXXIII;2022;7;PRONTO SOCORRO;990
HJXXIII;2022;7;UTI -  PEDIATRICO 2º ANDAR;16
HJXXIII;2022;8;BLOCO CIRURGICO;31
HJXXIII;2022;8;PRONTO SOCORRO;965
HJXXIII;2022;8;UTI -  PEDIATRICO 2º ANDAR;21
HJXXIII;2022;9;BLOCO CIRURGICO;30
HJXXIII;2022;9;PRONTO SOCORRO;918
HJXXIII;2022;9;UTI;2
HJXXIII;2022;9;UTI -  PEDIATRICO 2º ANDAR;36
HJXXIII;2022;10;BLOCO CIRURGICO;42
HJXXIII;2022;10;PRONTO SOCORRO;935
HJXXIII;2022;10;UNIDADE INTERNAÇÃO - CIRURGIA GERAL 4º ANDAR;1
HJXXIII;2022;10;UNIDADE INTERNAÇÃO - CLINICA MÉDICA 6º ANDAR;1
HJXXIII;2022;10;UNIDADE INTERNAÇÃO - QUEIMADOS GRAVES 9º ANDAR;1
HJXXIII;2022;10;UTI -  PEDIATRICO 2º ANDAR;27
HJXXIII;2022;11;BLOCO CIRURGICO;33
HJXXIII;2022;11;PRONTO SOCORRO;961
HJXXIII;2022;11;UNIDADE INTERNAÇÃO - CLINICA CUIDADOS PROGRESSIVOS 3º ANDAR;1
HJXXIII;2022;11;UNIDADE INTERNAÇÃO - QUEIMADOS MÉDIOS - 8º ANDAR;1
HJXXIII;2022;11;UTI;1
HJXXIII;2022;11;UTI -  PEDIATRICO 2º ANDAR;25
HJXXIII;2022;12;BLOCO CIRURGICO;34
HJXXIII;2022;12;PRONTO SOCORRO;894
HJXXIII;2022;12;UNIDADE INTERNAÇÃO - CIRURGIA GERAL 4º ANDAR;1
HJXXIII;2022;12;UTI;2
HJXXIII;2022;12;UTI -  PEDIATRICO 2º ANDAR;16
HJXXIII;2023;1;BLOCO CIRURGICO;18
HJXXIII;2023;1;PRONTO SOCORRO;1005
HJXXIII;2023;1;UNIDADE INTERNAÇÃO - CLINICA MÉDICA 6º ANDAR;1
HJXXIII;2023;1;UTI;1
HJXXIII;2023;1;UTI -  PEDIATRICO 2º ANDAR;9
HJXXIII;2023;2;BLOCO CIRURGICO;29
HJXXIII;2023;2;PRONTO SOCORRO;855
HJXXIII;2023;2;UTI -  PEDIATRICO 2º ANDAR;19
HJXXIII;2023;3;BLOCO CIRURGICO;32
HJXXIII;2023;3;PRONTO SOCORRO;1005
HJXXIII;2023;3;UNIDADE INTERNAÇÃO - CIRURGIA GERAL 4º ANDAR;2
HJXXIII;2023;3;UTI -  PEDIATRICO 2º ANDAR;12
HJXXIII;2023;4;BLOCO CIRURGICO;20
HJXXIII;2023;4;PRONTO SOCORRO;956
HJXXIII;2023;4;UTI;1
HJXXIII;2023;4;UTI -  PEDIATRICO 2º ANDAR;17
HJXXIII;2023;5;BLOCO CIRURGICO;15
HJXXIII;2023;5;PRONTO SOCORRO;1058
HJXXIII;2023;5;UNIDADE INTERNAÇÃO - CIRURGIA GERAL 4º ANDAR;1
HJXXIII;2023;5;UTI -  PEDIATRICO 2º ANDAR;15
HJXXIII;2023;6;BLOCO CIRURGICO;15
HJXXIII;2023;6;PRONTO SOCORRO;893
HJXXIII;2023;6;UTI -  PEDIATRICO 2º ANDAR;12
HJXXIII;2023;7;BLOCO CIRURGICO;34
HJXXIII;2023;7;PRONTO SOCORRO;977
HJXXIII;2023;7;UTI -  PEDIATRICO 2º ANDAR;5
HJXXIII;2023;8;BLOCO CIRURGICO;8
HJXXIII;2023;8;PRONTO SOCORRO;945
HJXXIII;2023;8;UTI -  PEDIATRICO 2º ANDAR;6
HJXXIII;2023;9;BLOCO CIRURGICO;19
HJXXIII;2023;9;PRONTO SOCORRO;990
HJXXIII;2023;9;UTI -  PEDIATRICO 2º ANDAR;8
HJXXIII;2023;10;BLOCO CIRURGICO;18
HJXXIII;2023;10;PRONTO SOCORRO;1002
HJXXIII;2023;10;UTI -  PEDIATRICO 2º ANDAR;1
HJXXIII;2023;11;BLOCO CIRURGICO;23
HJXXIII;2023;11;PRONTO SOCORRO;1017
HJXXIII;2023;11;UTI;2
HJXXIII;2023;11;UTI -  PEDIATRICO 2º ANDAR;3
HJXXIII;2023;12;BLOCO CIRURGICO;19
HJXXIII;2023;12;PRONTO SOCORRO;1006
HJXXIII;2023;12;UTI -  PEDIATRICO 2º ANDAR;3
HJXXIII;2024;1;BLOCO CIRURGICO;14
HJXXIII;2024;1;PRONTO SOCORRO;872
HJXXIII;2024;1;UTI;3
HJXXIII;2024;1;UTI -  PEDIATRICO 2º ANDAR;5
HJXXIII;2024;2;BLOCO CIRURGICO;17
HJXXIII;2024;2;PRONTO SOCORRO;920
HJXXIII;2024;2;UTI -  PEDIATRICO 2º ANDAR;2
HJXXIII;2024;3;BLOCO CIRURGICO;20
HJXXIII;2024;3;PRONTO SOCORRO;1070
HJXXIII;2024;3;UTI;1
HJXXIII;2024;3;UTI -  PEDIATRICO 2º ANDAR;18
HJXXIII;2024;4;BLOCO CIRURGICO;16
HJXXIII;2024;4;PRONTO SOCORRO;1008
HJXXIII;2024;4;UNIDADE INTERNAÇÃO - QUEIMADOS GRAVES 9º ANDAR;1
HJXXIII;2024;4;UTI;2
HJXXIII;2024;4;UTI -  PEDIATRICO 2º ANDAR;24
HJXXIII;2024;5;BLOCO CIRURGICO;23
HJXXIII;2024;5;PRONTO SOCORRO;1090
HJXXIII;2024;5;UTI -  PEDIATRICO 2º ANDAR;15
HJXXIII;2024;6;BLOCO CIRURGICO;11
HJXXIII;2024;6;PRONTO SOCORRO;995
HJXXIII;2024;6;UNIDADE INTERNAÇÃO - QUEIMADOS MÉDIOS - 8º ANDAR;2
HJXXIII;2024;6;UTI -  PEDIATRICO 2º ANDAR;4
HJXXIII;2024;7;BLOCO CIRURGICO;16
HJXXIII;2024;7;PRONTO SOCORRO;1015
HJXXIII;2024;7;UTI;1
HJXXIII;2024;7;UTI -  PEDIATRICO 2º ANDAR;10
HJXXIII;2024;8;BLOCO CIRURGICO;13
HJXXIII;2024;8;PRONTO SOCORRO;994
HJXXIII;2024;8;UNIDADE INTERNAÇÃO - CIRURGIA PLÁSTICA 7º ANDAR;1
HJXXIII;2024;8;UTI;1
HJXXIII;2024;8;UTI -  PEDIATRICO 2º ANDAR;1
HJXXIII;2024;9;BLOCO CIRURGICO;23
HJXXIII;2024;9;PRONTO SOCORRO;950
HJXXIII;2024;9;UTI -  PEDIATRICO 2º ANDAR;1
HJXXIII;2024;10;BLOCO CIRURGICO;19
HJXXIII;2024;10;PRONTO SOCORRO;962
HJXXIII;2024;10;UNIDADE INTERNAÇÃO - CIRURGIA PLÁSTICA 7º ANDAR;1
HJXXIII;2024;10;UTI -  PEDIATRICO 2º ANDAR;2
HJXXIII;2024;11;BLOCO CIRURGICO;12
HJXXIII;2024;11;PRONTO SOCORRO;938
HJXXIII;2024;11;UTI;1
HJXXIII;2024;11;UTI -  PEDIATRICO 2º ANDAR;6
HJXXIII;2024;12;BLOCO CIRURGICO;17
HJXXIII;2024;12;PRONTO SOCORRO;1016
HJXXIII;2024;12;UTI;1
HJXXIII;2025;1;BLOCO CIRURGICO;4
HJXXIII;2025;1;PRONTO SOCORRO;1151
HJXXIII;2025;2;BLOCO CIRURGICO;10
HJXXIII;2025;2;PRONTO SOCORRO;1006
HJXXIII;2025;3;BLOCO CIRURGICO;13
HJXXIII;2025;3;PRONTO SOCORRO;1082
HJXXIII;2025;3;UTI -  PEDIATRICO 2º ANDAR;3
HJXXIII;2025;4;BLOCO CIRURGICO;20
HJXXIII;2025;4;PRONTO SOCORRO;1142
HJXXIII;2025;4;UTI;1
HJXXIII;2025;4;UTI -  PEDIATRICO 2º ANDAR;6
HJXXIII;2025;5;BLOCO CIRURGICO;20
HJXXIII;2025;5;PRONTO SOCORRO;1140
HJXXIII;2025;5;UTI -  PEDIATRICO 2º ANDAR;11
HJXXIII;2025;6;BLOCO CIRURGICO;18
HJXXIII;2025;6;PRONTO SOCORRO;1131
HJXXIII;2025;6;UNIDADE INTERNAÇÃO - CLINICA NEUROLOGICA 5º ANDAR;1
HJXXIII;2025;6;UTI;1
HJXXIII;2025;6;UTI -  PEDIATRICO 2º ANDAR;16
HJXXIII;2025;7;BLOCO CIRURGICO;17
HJXXIII;2025;7;PRONTO SOCORRO;1134
HJXXIII;2025;7;UTI;1
HJXXIII;2025;7;UTI -  PEDIATRICO 2º ANDAR;7
HJXXIII;2025;8;BLOCO CIRURGICO;13
HJXXIII;2025;8;PRONTO SOCORRO;1185
HJXXIII;2025;8;UTI -  PEDIATRICO 2º ANDAR;3
HJXXIII;2025;9;BLOCO CIRURGICO;20
HJXXIII;2025;9;PRONTO SOCORRO;1098
HJXXIII;2025;9;UTI;1
HJXXIII;2025;9;UTI -  PEDIATRICO 2º ANDAR;2
HJXXIII;2025;10;BLOCO CIRURGICO;20
HJXXIII;2025;10;PRONTO SOCORRO;1166
HJXXIII;2025;10;UTI -  PEDIATRICO 2º ANDAR;1
HJXXIII;2025;11;BLOCO CIRURGICO;11
HJXXIII;2025;11;PRONTO SOCORRO;1025
HJXXIII;2025;12;BLOCO CIRURGICO;17
HJXXIII;2025;12;PRONTO SOCORRO;1131
HJXXIII;2025;12;UTI;1
HJXXIII;2025;12;UTI -  PEDIATRICO 2º ANDAR;2
HJXXIII;2026;1;BLOCO CIRURGICO;9
HJXXIII;2026;1;PRONTO SOCORRO;1017
HJXXIII;2026;2;BLOCO CIRURGICO;16
HJXXIII;2026;2;PRONTO SOCORRO;956
HJXXIII;2026;3;BLOCO CIRURGICO;14
HJXXIII;2026;3;PRONTO SOCORRO;1154
HJXXIII;2026;4;BLOCO CIRURGICO;13
HJXXIII;2026;4;PRONTO SOCORRO;1149
HJXXIII;2026;4;UTI -  PEDIATRICO 2º ANDAR;8
HJXXIII;2026;5;BLOCO CIRURGICO;16
HJXXIII;2026;5;PRONTO SOCORRO;1189
HJXXIII;2026;5;UTI;1
HJXXIII;2026;5;UTI -  PEDIATRICO 2º ANDAR;21
HJXXIII;2026;6;BLOCO CIRURGICO;16
HJXXIII;2026;6;PRONTO SOCORRO;1243
HJXXIII;2026;6;UTI;2
HJXXIII;2026;6;UTI -  PEDIATRICO 2º ANDAR;18
HJXXIII;2026;7;BLOCO CIRURGICO;11
HJXXIII;2026;7;PRONTO SOCORRO;1185
HJXXIII;2026;7;UNIDADE INTERNAÇÃO - CLINICA NEUROLOGICA 5º ANDAR;1
HJXXIII;2026;7;UTI;2
HJXXIII;2026;7;UTI -  PEDIATRICO 2º ANDAR;4
HMAL;2019;1;UNIDADE DE INTERNAÇÃO - TRAUMATO/ORTOPEDIA A;59
HMAL;2019;1;UNIDADE DE INTERNAÇÃO - TRAUMATO/ORTOPEDIA B;74
HMAL;2019;1;UNIDADE INTERNAÇÃO - BUCO TRAUMATO ORTOPEDIA 2º ANDAR;44
HMAL;2019;2;UNIDADE DE INTERNAÇÃO - TRAUMATO/ORTOPEDIA A;52
HMAL;2019;2;UNIDADE DE INTERNAÇÃO - TRAUMATO/ORTOPEDIA B;71
HMAL;2019;2;UNIDADE INTERNAÇÃO - BUCO TRAUMATO ORTOPEDIA 2º ANDAR;45
HMAL;2019;3;UNIDADE DE INTERNAÇÃO - TRAUMATO/ORTOPEDIA A;66
HMAL;2019;3;UNIDADE DE INTERNAÇÃO - TRAUMATO/ORTOPEDIA B;58
HMAL;2019;3;UNIDADE INTERNAÇÃO - BUCO TRAUMATO ORTOPEDIA 2º ANDAR;49
HMAL;2019;4;UNIDADE DE INTERNAÇÃO - TRAUMATO/ORTOPEDIA A;58
HMAL;2019;4;UNIDADE DE INTERNAÇÃO - TRAUMATO/ORTOPEDIA B;61
HMAL;2019;4;UNIDADE INTERNAÇÃO - BUCO TRAUMATO ORTOPEDIA 2º ANDAR;57
HMAL;2019;5;UNIDADE DE INTERNAÇÃO - TRAUMATO/ORTOPEDIA A;75
HMAL;2019;5;UNIDADE DE INTERNAÇÃO - TRAUMATO/ORTOPEDIA B;76
HMAL;2019;5;UNIDADE INTERNAÇÃO - BUCO TRAUMATO ORTOPEDIA 2º ANDAR;66
HMAL;2019;6;UNIDADE DE INTERNAÇÃO - TRAUMATO/ORTOPEDIA A;55
HMAL;2019;6;UNIDADE DE INTERNAÇÃO - TRAUMATO/ORTOPEDIA B;72
HMAL;2019;6;UNIDADE INTERNAÇÃO - BUCO TRAUMATO ORTOPEDIA 2º ANDAR;55
HMAL;2019;7;UNIDADE DE INTERNAÇÃO - TRAUMATO/ORTOPEDIA A;59
HMAL;2019;7;UNIDADE DE INTERNAÇÃO - TRAUMATO/ORTOPEDIA B;83
HMAL;2019;7;UNIDADE INTERNAÇÃO - BUCO TRAUMATO ORTOPEDIA 2º ANDAR;62
HMAL;2019;8;UNIDADE DE INTERNAÇÃO - TRAUMATO/ORTOPEDIA A;65
HMAL;2019;8;UNIDADE DE INTERNAÇÃO - TRAUMATO/ORTOPEDIA B;67
HMAL;2019;8;UNIDADE INTERNAÇÃO - BUCO TRAUMATO ORTOPEDIA 2º ANDAR;57
HMAL;2019;9;UNIDADE DE INTERNAÇÃO - TRAUMATO/ORTOPEDIA A;62
HMAL;2019;9;UNIDADE DE INTERNAÇÃO - TRAUMATO/ORTOPEDIA B;63
HMAL;2019;9;UNIDADE INTERNAÇÃO - BUCO TRAUMATO ORTOPEDIA 2º ANDAR;58
HMAL;2019;10;UNIDADE DE INTERNAÇÃO - TRAUMATO/ORTOPEDIA A;61
HMAL;2019;10;UNIDADE DE INTERNAÇÃO - TRAUMATO/ORTOPEDIA B;77
HMAL;2019;10;UNIDADE INTERNAÇÃO - BUCO TRAUMATO ORTOPEDIA 2º ANDAR;63
HMAL;2019;11;UNIDADE DE INTERNAÇÃO - TRAUMATO/ORTOPEDIA A;60
HMAL;2019;11;UNIDADE DE INTERNAÇÃO - TRAUMATO/ORTOPEDIA B;73
HMAL;2019;11;UNIDADE INTERNAÇÃO - BUCO TRAUMATO ORTOPEDIA 2º ANDAR;42
HMAL;2019;12;UNIDADE DE INTERNAÇÃO - TRAUMATO/ORTOPEDIA A;70
HMAL;2019;12;UNIDADE DE INTERNAÇÃO - TRAUMATO/ORTOPEDIA B;68
HMAL;2019;12;UNIDADE INTERNAÇÃO - BUCO TRAUMATO ORTOPEDIA 2º ANDAR;52
HMAL;2020;1;UNIDADE DE INTERNAÇÃO - TRAUMATO/ORTOPEDIA A;47
HMAL;2020;1;UNIDADE DE INTERNAÇÃO - TRAUMATO/ORTOPEDIA B;72
HMAL;2020;1;UNIDADE INTERNAÇÃO - BUCO TRAUMATO ORTOPEDIA 2º ANDAR;57
HMAL;2020;2;UNIDADE DE INTERNAÇÃO - TRAUMATO/ORTOPEDIA A;49
HMAL;2020;2;UNIDADE DE INTERNAÇÃO - TRAUMATO/ORTOPEDIA B;83
HMAL;2020;2;UNIDADE INTERNAÇÃO - BUCO TRAUMATO ORTOPEDIA 2º ANDAR;48
HMAL;2020;3;UNIDADE DE INTERNAÇÃO - TRAUMATO/ORTOPEDIA A;56
HMAL;2020;3;UNIDADE DE INTERNAÇÃO - TRAUMATO/ORTOPEDIA B;68
HMAL;2020;3;UNIDADE INTERNAÇÃO - BUCO TRAUMATO ORTOPEDIA 2º ANDAR;49
HMAL;2020;4;UNIDADE DE INTERNAÇÃO - TRAUMATO/ORTOPEDIA A;62
HMAL;2020;4;UNIDADE DE INTERNAÇÃO - TRAUMATO/ORTOPEDIA B;74
HMAL;2020;5;UNIDADE DE INTERNAÇÃO - TRAUMATO/ORTOPEDIA A;63
HMAL;2020;5;UNIDADE DE INTERNAÇÃO - TRAUMATO/ORTOPEDIA B;81
HMAL;2020;6;UNIDADE DE INTERNAÇÃO - TRAUMATO/ORTOPEDIA A;78
HMAL;2020;6;UNIDADE DE INTERNAÇÃO - TRAUMATO/ORTOPEDIA B;102
HMAL;2020;6;UNIDADE INTERNAÇÃO - BUCO TRAUMATO ORTOPEDIA 2º ANDAR;17
HMAL;2020;7;UNIDADE DE INTERNAÇÃO - TRAUMATO/ORTOPEDIA A;65
HMAL;2020;7;UNIDADE DE INTERNAÇÃO - TRAUMATO/ORTOPEDIA B;81
HMAL;2020;7;UNIDADE INTERNAÇÃO - BUCO TRAUMATO ORTOPEDIA 2º ANDAR;65
HMAL;2020;8;UNIDADE DE INTERNAÇÃO - TRAUMATO/ORTOPEDIA A;87
HMAL;2020;8;UNIDADE DE INTERNAÇÃO - TRAUMATO/ORTOPEDIA B;86
HMAL;2020;8;UNIDADE INTERNAÇÃO - BUCO TRAUMATO ORTOPEDIA 2º ANDAR;63
HMAL;2020;9;UNIDADE DE INTERNAÇÃO - TRAUMATO/ORTOPEDIA A;90
HMAL;2020;9;UNIDADE DE INTERNAÇÃO - TRAUMATO/ORTOPEDIA B;91
HMAL;2020;9;UNIDADE INTERNAÇÃO - BUCO TRAUMATO ORTOPEDIA 2º ANDAR;66
HMAL;2020;10;UNIDADE DE INTERNAÇÃO - TRAUMATO/ORTOPEDIA A;85
HMAL;2020;10;UNIDADE DE INTERNAÇÃO - TRAUMATO/ORTOPEDIA B;102
HMAL;2020;10;UNIDADE INTERNAÇÃO - BUCO TRAUMATO ORTOPEDIA 2º ANDAR;64
HMAL;2020;11;UNIDADE DE INTERNAÇÃO - TRAUMATO/ORTOPEDIA A;77
HMAL;2020;11;UNIDADE DE INTERNAÇÃO - TRAUMATO/ORTOPEDIA B;90
HMAL;2020;11;UNIDADE INTERNAÇÃO - BUCO TRAUMATO ORTOPEDIA 2º ANDAR;57
HMAL;2020;12;UNIDADE DE INTERNAÇÃO - TRAUMATO/ORTOPEDIA A;75
HMAL;2020;12;UNIDADE DE INTERNAÇÃO - TRAUMATO/ORTOPEDIA B;101
HMAL;2020;12;UNIDADE INTERNAÇÃO - BUCO TRAUMATO ORTOPEDIA 2º ANDAR;52
HMAL;2021;1;UNIDADE DE INTERNAÇÃO - TRAUMATO/ORTOPEDIA A;80
HMAL;2021;1;UNIDADE DE INTERNAÇÃO - TRAUMATO/ORTOPEDIA B;104
HMAL;2021;1;UNIDADE INTERNAÇÃO - BUCO TRAUMATO ORTOPEDIA 2º ANDAR;21
HMAL;2021;2;UNIDADE DE INTERNAÇÃO - TRAUMATO/ORTOPEDIA A;60
HMAL;2021;2;UNIDADE DE INTERNAÇÃO - TRAUMATO/ORTOPEDIA B;78
HMAL;2021;2;UNIDADE INTERNAÇÃO - BUCO TRAUMATO ORTOPEDIA 2º ANDAR;69
HMAL;2021;3;UNIDADE DE INTERNAÇÃO - TRAUMATO/ORTOPEDIA A;64
HMAL;2021;3;UNIDADE DE INTERNAÇÃO - TRAUMATO/ORTOPEDIA B;90
HMAL;2021;3;UNIDADE INTERNAÇÃO - BUCO TRAUMATO ORTOPEDIA 2º ANDAR;62
HMAL;2021;4;UNIDADE DE INTERNAÇÃO - TRAUMATO/ORTOPEDIA A;61
HMAL;2021;4;UNIDADE DE INTERNAÇÃO - TRAUMATO/ORTOPEDIA B;102
HMAL;2021;4;UNIDADE INTERNAÇÃO - BUCO TRAUMATO ORTOPEDIA 2º ANDAR;61
HMAL;2021;5;UNIDADE DE INTERNAÇÃO - TRAUMATO/ORTOPEDIA A;67
HMAL;2021;5;UNIDADE DE INTERNAÇÃO - TRAUMATO/ORTOPEDIA B;94
HMAL;2021;5;UNIDADE INTERNAÇÃO - BUCO TRAUMATO ORTOPEDIA 2º ANDAR;74
HMAL;2021;6;UNIDADE DE INTERNAÇÃO - TRAUMATO/ORTOPEDIA A;71
HMAL;2021;6;UNIDADE DE INTERNAÇÃO - TRAUMATO/ORTOPEDIA B;77
HMAL;2021;6;UNIDADE INTERNAÇÃO - BUCO TRAUMATO ORTOPEDIA 2º ANDAR;75
HMAL;2021;7;UNIDADE DE INTERNAÇÃO - TRAUMATO/ORTOPEDIA A;71
HMAL;2021;7;UNIDADE DE INTERNAÇÃO - TRAUMATO/ORTOPEDIA B;84
HMAL;2021;7;UNIDADE INTERNAÇÃO - BUCO TRAUMATO ORTOPEDIA 2º ANDAR;54
HMAL;2021;8;UNIDADE DE INTERNAÇÃO - TRAUMATO/ORTOPEDIA A;72
HMAL;2021;8;UNIDADE DE INTERNAÇÃO - TRAUMATO/ORTOPEDIA B;75
HMAL;2021;8;UNIDADE INTERNAÇÃO - BUCO TRAUMATO ORTOPEDIA 2º ANDAR;71
HMAL;2021;9;UNIDADE DE INTERNAÇÃO - TRAUMATO/ORTOPEDIA A;64
HMAL;2021;9;UNIDADE DE INTERNAÇÃO - TRAUMATO/ORTOPEDIA B;65
HMAL;2021;9;UNIDADE INTERNAÇÃO - BUCO TRAUMATO ORTOPEDIA 2º ANDAR;73
HMAL;2021;10;UNIDADE DE INTERNAÇÃO - TRAUMATO/ORTOPEDIA A;55
HMAL;2021;10;UNIDADE DE INTERNAÇÃO - TRAUMATO/ORTOPEDIA B;73
HMAL;2021;10;UNIDADE INTERNAÇÃO - BUCO TRAUMATO ORTOPEDIA 2º ANDAR;66
HMAL;2021;11;UNIDADE DE INTERNAÇÃO - TRAUMATO/ORTOPEDIA A;47
HMAL;2021;11;UNIDADE DE INTERNAÇÃO - TRAUMATO/ORTOPEDIA B;63
HMAL;2021;11;UNIDADE INTERNAÇÃO - BUCO TRAUMATO ORTOPEDIA 2º ANDAR;57
HMAL;2021;12;UNIDADE DE INTERNAÇÃO - TRAUMATO/ORTOPEDIA A;56
HMAL;2021;12;UNIDADE DE INTERNAÇÃO - TRAUMATO/ORTOPEDIA B;40
HMAL;2021;12;UNIDADE INTERNAÇÃO - BUCO TRAUMATO ORTOPEDIA 2º ANDAR;76
HMAL;2022;1;UNIDADE DE INTERNAÇÃO - TRAUMATO/ORTOPEDIA A;48
HMAL;2022;1;UNIDADE INTERNAÇÃO - BUCO TRAUMATO ORTOPEDIA 2º ANDAR;68
HMAL;2022;2;UNIDADE DE INTERNAÇÃO - TRAUMATO/ORTOPEDIA A;57
HMAL;2022;2;UNIDADE DE INTERNAÇÃO - TRAUMATO/ORTOPEDIA B;47
HMAL;2022;2;UNIDADE INTERNAÇÃO - BUCO TRAUMATO ORTOPEDIA 2º ANDAR;55
HMAL;2022;3;UNIDADE DE INTERNAÇÃO - TRAUMATO/ORTOPEDIA A;68
HMAL;2022;3;UNIDADE DE INTERNAÇÃO - TRAUMATO/ORTOPEDIA B;62
HMAL;2022;3;UNIDADE INTERNAÇÃO - BUCO TRAUMATO ORTOPEDIA 2º ANDAR;90
HMAL;2022;4;UNIDADE DE INTERNAÇÃO - TRAUMATO/ORTOPEDIA A;61
HMAL;2022;4;UNIDADE DE INTERNAÇÃO - TRAUMATO/ORTOPEDIA B;46
HMAL;2022;4;UNIDADE INTERNAÇÃO - BUCO TRAUMATO ORTOPEDIA 2º ANDAR;90
HMAL;2022;5;UNIDADE DE INTERNAÇÃO - TRAUMATO/ORTOPEDIA A;68
HMAL;2022;5;UNIDADE DE INTERNAÇÃO - TRAUMATO/ORTOPEDIA B;76
HMAL;2022;5;UNIDADE INTERNAÇÃO - BUCO TRAUMATO ORTOPEDIA 2º ANDAR;81
HMAL;2022;6;UNIDADE DE INTERNAÇÃO - TRAUMATO/ORTOPEDIA A;58
HMAL;2022;6;UNIDADE DE INTERNAÇÃO - TRAUMATO/ORTOPEDIA B;75
HMAL;2022;6;UNIDADE INTERNAÇÃO - BUCO TRAUMATO ORTOPEDIA 2º ANDAR;55
HMAL;2022;7;UNIDADE DE INTERNAÇÃO - TRAUMATO/ORTOPEDIA A;86
HMAL;2022;7;UNIDADE DE INTERNAÇÃO - TRAUMATO/ORTOPEDIA B;112
HMAL;2022;8;UNIDADE DE INTERNAÇÃO - TRAUMATO/ORTOPEDIA A;76
HMAL;2022;8;UNIDADE DE INTERNAÇÃO - TRAUMATO/ORTOPEDIA B;84
HMAL;2022;9;UNIDADE DE INTERNAÇÃO - TRAUMATO/ORTOPEDIA A;89
HMAL;2022;9;UNIDADE DE INTERNAÇÃO - TRAUMATO/ORTOPEDIA B;112
HMAL;2022;10;UNIDADE DE INTERNAÇÃO - TRAUMATO/ORTOPEDIA A;102
HMAL;2022;10;UNIDADE DE INTERNAÇÃO - TRAUMATO/ORTOPEDIA B;88
HMAL;2022;11;UNIDADE DE INTERNAÇÃO - TRAUMATO/ORTOPEDIA A;77
HMAL;2022;11;UNIDADE DE INTERNAÇÃO - TRAUMATO/ORTOPEDIA B;101
HMAL;2022;12;UNIDADE DE INTERNAÇÃO - TRAUMATO/ORTOPEDIA A;79
HMAL;2022;12;UNIDADE DE INTERNAÇÃO - TRAUMATO/ORTOPEDIA B;102
HMAL;2023;1;UNIDADE DE INTERNAÇÃO - TRAUMATO/ORTOPEDIA A;73
HMAL;2023;1;UNIDADE DE INTERNAÇÃO - TRAUMATO/ORTOPEDIA B;114
HMAL;2023;2;UNIDADE DE INTERNAÇÃO - TRAUMATO/ORTOPEDIA A;78
HMAL;2023;2;UNIDADE DE INTERNAÇÃO - TRAUMATO/ORTOPEDIA B;105
HMAL;2023;3;UNIDADE DE INTERNAÇÃO - TRAUMATO/ORTOPEDIA A;107
HMAL;2023;3;UNIDADE DE INTERNAÇÃO - TRAUMATO/ORTOPEDIA B;169
HMAL;2023;4;UNIDADE DE INTERNAÇÃO - TRAUMATO/ORTOPEDIA A;78
HMAL;2023;4;UNIDADE DE INTERNAÇÃO - TRAUMATO/ORTOPEDIA B;131
HMAL;2023;5;UNIDADE DE INTERNAÇÃO - TRAUMATO/ORTOPEDIA A;105
HMAL;2023;5;UNIDADE DE INTERNAÇÃO - TRAUMATO/ORTOPEDIA B;141
HMAL;2023;6;UNIDADE DE INTERNAÇÃO - TRAUMATO/ORTOPEDIA A;103
HMAL;2023;6;UNIDADE DE INTERNAÇÃO - TRAUMATO/ORTOPEDIA B;178
HMAL;2023;7;UNIDADE DE INTERNAÇÃO - TRAUMATO/ORTOPEDIA A;124
HMAL;2023;7;UNIDADE DE INTERNAÇÃO - TRAUMATO/ORTOPEDIA B;131
HMAL;2023;8;UNIDADE DE INTERNAÇÃO - TRAUMATO/ORTOPEDIA A;150
HMAL;2023;8;UNIDADE DE INTERNAÇÃO - TRAUMATO/ORTOPEDIA B;118
HMAL;2023;9;UNIDADE DE INTERNAÇÃO - TRAUMATO/ORTOPEDIA A;154
HMAL;2023;9;UNIDADE DE INTERNAÇÃO - TRAUMATO/ORTOPEDIA B;99
HMAL;2023;10;UNIDADE DE INTERNAÇÃO - TRAUMATO/ORTOPEDIA A;157
HMAL;2023;10;UNIDADE DE INTERNAÇÃO - TRAUMATO/ORTOPEDIA B;124
HMAL;2023;11;UNIDADE DE INTERNAÇÃO - TRAUMATO/ORTOPEDIA A;150
HMAL;2023;11;UNIDADE DE INTERNAÇÃO - TRAUMATO/ORTOPEDIA B;130
HMAL;2023;12;UNIDADE DE INTERNAÇÃO - TRAUMATO/ORTOPEDIA A;167
HMAL;2023;12;UNIDADE DE INTERNAÇÃO - TRAUMATO/ORTOPEDIA B;151
HMAL;2024;1;UNIDADE DE INTERNAÇÃO - TRAUMATO/ORTOPEDIA A;131
HMAL;2024;1;UNIDADE DE INTERNAÇÃO - TRAUMATO/ORTOPEDIA B;105
HMAL;2024;2;UNIDADE DE INTERNAÇÃO - TRAUMATO/ORTOPEDIA A;116
HMAL;2024;2;UNIDADE DE INTERNAÇÃO - TRAUMATO/ORTOPEDIA B;106
HMAL;2024;3;UNIDADE DE INTERNAÇÃO - TRAUMATO/ORTOPEDIA A;117
HMAL;2024;3;UNIDADE DE INTERNAÇÃO - TRAUMATO/ORTOPEDIA B;118
HMAL;2024;4;UNIDADE DE INTERNAÇÃO - TRAUMATO/ORTOPEDIA A;141
HMAL;2024;4;UNIDADE DE INTERNAÇÃO - TRAUMATO/ORTOPEDIA B;118
HMAL;2024;5;UNIDADE DE INTERNAÇÃO - TRAUMATO/ORTOPEDIA A;149
HMAL;2024;5;UNIDADE DE INTERNAÇÃO - TRAUMATO/ORTOPEDIA B;128
HMAL;2024;6;UNIDADE DE INTERNAÇÃO - TRAUMATO/ORTOPEDIA A;114
HMAL;2024;6;UNIDADE DE INTERNAÇÃO - TRAUMATO/ORTOPEDIA B;118
HMAL;2024;7;UNIDADE DE INTERNAÇÃO - TRAUMATO/ORTOPEDIA A;122
HMAL;2024;7;UNIDADE DE INTERNAÇÃO - TRAUMATO/ORTOPEDIA B;103
HMAL;2024;8;UNIDADE DE INTERNAÇÃO - TRAUMATO/ORTOPEDIA A;118
HMAL;2024;8;UNIDADE DE INTERNAÇÃO - TRAUMATO/ORTOPEDIA B;115
HMAL;2024;9;UNIDADE DE INTERNAÇÃO - TRAUMATO/ORTOPEDIA A;123
HMAL;2024;9;UNIDADE DE INTERNAÇÃO - TRAUMATO/ORTOPEDIA B;99
HMAL;2024;10;UNIDADE DE INTERNAÇÃO - TRAUMATO/ORTOPEDIA A;119
HMAL;2024;10;UNIDADE DE INTERNAÇÃO - TRAUMATO/ORTOPEDIA B;112
HMAL;2024;11;UNIDADE DE INTERNAÇÃO - TRAUMATO/ORTOPEDIA A;99
HMAL;2024;11;UNIDADE DE INTERNAÇÃO - TRAUMATO/ORTOPEDIA B;89
HMAL;2024;12;UNIDADE DE INTERNAÇÃO - TRAUMATO/ORTOPEDIA A;84
HMAL;2024;12;UNIDADE DE INTERNAÇÃO - TRAUMATO/ORTOPEDIA B;80
HMAL;2025;1;UNIDADE DE INTERNAÇÃO - TRAUMATO/ORTOPEDIA A;65
HMAL;2025;1;UNIDADE DE INTERNAÇÃO - TRAUMATO/ORTOPEDIA B;66
HMAL;2025;2;UNIDADE DE INTERNAÇÃO - TRAUMATO/ORTOPEDIA A;20
HMAL;2025;2;UNIDADE DE INTERNAÇÃO - TRAUMATO/ORTOPEDIA B;30
HMAL;2025;3;UNIDADE DE INTERNAÇÃO - TRAUMATO/ORTOPEDIA A;11
HMAL;2025;3;UNIDADE DE INTERNAÇÃO - TRAUMATO/ORTOPEDIA B;11
HMAL;2025;4;UNIDADE DE INTERNAÇÃO - TRAUMATO/ORTOPEDIA B;33
HMAL;2025;5;UNIDADE DE INTERNAÇÃO - TRAUMATO/ORTOPEDIA B;72
HMAL;2025;6;UNIDADE DE INTERNAÇÃO - TRAUMATO/ORTOPEDIA B;76
HMAL;2025;7;UNIDADE DE INTERNAÇÃO - TRAUMATO/ORTOPEDIA B;80
HMAL;2025;8;UNIDADE DE INTERNAÇÃO - TRAUMATO/ORTOPEDIA B;68
HMAL;2025;9;UNIDADE DE INTERNAÇÃO - TRAUMATO/ORTOPEDIA B;55
HMAL;2025;10;UNIDADE DE INTERNAÇÃO - TRAUMATO/ORTOPEDIA B;61
HMAL;2025;11;UNIDADE DE INTERNAÇÃO - TRAUMATO/ORTOPEDIA B;66
HMAL;2025;12;UNIDADE DE INTERNAÇÃO - TRAUMATO/ORTOPEDIA B;49
HMAL;2026;1;UNIDADE DE INTERNAÇÃO - TRAUMATO/ORTOPEDIA B;74
HMAL;2026;2;UNIDADE DE INTERNAÇÃO - TRAUMATO/ORTOPEDIA B;38
HMAL;2026;3;UNIDADE DE INTERNAÇÃO - TRAUMATO/ORTOPEDIA B;46
HMAL;2026;4;UNIDADE DE INTERNAÇÃO - TRAUMATO/ORTOPEDIA B;35
HMAL;2026;5;UNIDADE DE INTERNAÇÃO - TRAUMATO/ORTOPEDIA B;33
HMAL;2026;6;UNIDADE DE INTERNAÇÃO - TRAUMATO/ORTOPEDIA B;11
HRAD;2019;1;BLOCO OBSTÉTRICO;12
HRAD;2019;1;OBSERVAÇÃO;618
HRAD;2019;1;UNIDADE INTERNAÇÃO - CIRURGIA GERAL;1
HRAD;2019;1;UNIDADE INTERNAÇÃO - CLINICA MÉDICA;1
HRAD;2019;1;UNIDADE INTERNAÇÃO - CLINICA ORTOPÉDICA;1
HRAD;2019;1;UTI;5
HRAD;2019;1;UTI - NEONATAL;3
HRAD;2019;2;ALOJAMENTO CONJUNTO;4
HRAD;2019;2;BLOCO OBSTÉTRICO;5
HRAD;2019;2;OBSERVAÇÃO;568
HRAD;2019;2;UNIDADE INTERNAÇÃO - CLINICA MÉDICA;4
HRAD;2019;2;UNIDADE INTERNAÇÃO - CLINICA PEDIÁTRICA;1
HRAD;2019;2;UTI;6
HRAD;2019;2;UTI - NEONATAL;2
HRAD;2019;3;ALOJAMENTO CONJUNTO;1
HRAD;2019;3;BLOCO OBSTÉTRICO;4
HRAD;2019;3;OBSERVAÇÃO;617
HRAD;2019;3;UNIDADE INTERNAÇÃO - CIRURGIA GERAL;1
HRAD;2019;3;UNIDADE INTERNAÇÃO - CLINICA PEDIÁTRICA;1
HRAD;2019;3;UTI;5
HRAD;2019;3;UTI - NEONATAL;3
HRAD;2019;4;ALOJAMENTO CONJUNTO;9
HRAD;2019;4;BLOCO OBSTÉTRICO;13
HRAD;2019;4;OBSERVAÇÃO;547
HRAD;2019;4;UNIDADE INTERNAÇÃO - CIRURGIA GERAL;6
HRAD;2019;4;UNIDADE INTERNAÇÃO - CLINICA MÉDICA;1
HRAD;2019;4;UNIDADE INTERNAÇÃO - CLINICA ORTOPÉDICA;1
HRAD;2019;4;UNIDADE INTERNAÇÃO - CLINICA PEDIÁTRICA;2
HRAD;2019;4;UTI;8
HRAD;2019;4;UTI - NEONATAL;3
HRAD;2019;5;BLOCO OBSTÉTRICO;8
HRAD;2019;5;OBSERVAÇÃO;598
HRAD;2019;5;UNIDADE INTERNAÇÃO - CIRURGIA GERAL;1
HRAD;2019;5;UTI;5
HRAD;2019;6;BLOCO OBSTÉTRICO;6
HRAD;2019;6;OBSERVAÇÃO;557
HRAD;2019;6;UNIDADE INTERNAÇÃO - CLINICA PEDIÁTRICA;2
HRAD;2019;6;UTI;1
HRAD;2019;6;UTI - NEONATAL;1
HRAD;2019;7;ALOJAMENTO CONJUNTO;4
HRAD;2019;7;BLOCO OBSTÉTRICO;6
HRAD;2019;7;OBSERVAÇÃO;614
HRAD;2019;7;UNIDADE INTERNAÇÃO - CIRURGIA GERAL;1
HRAD;2019;7;UNIDADE INTERNAÇÃO - CLINICA ORTOPÉDICA;1
HRAD;2019;7;UTI - NEONATAL;2
HRAD;2019;8;ALOJAMENTO CONJUNTO;3
HRAD;2019;8;BLOCO OBSTÉTRICO;5
HRAD;2019;8;OBSERVAÇÃO;532
HRAD;2019;8;UTI;3
HRAD;2019;8;UTI - NEONATAL;4
HRAD;2019;9;ALOJAMENTO CONJUNTO;1
HRAD;2019;9;BLOCO OBSTÉTRICO;5
HRAD;2019;9;OBSERVAÇÃO;523
HRAD;2019;9;UTI;5
HRAD;2019;9;UTI - NEONATAL;3
HRAD;2019;10;ALOJAMENTO CONJUNTO;3
HRAD;2019;10;BLOCO OBSTÉTRICO;2
HRAD;2019;10;OBSERVAÇÃO;520
HRAD;2019;10;UNIDADE INTERNAÇÃO - CLINICA MÉDICA;2
HRAD;2019;10;UNIDADE INTERNAÇÃO - CLINICA PEDIÁTRICA;2
HRAD;2019;10;UTI;6
HRAD;2019;10;UTI - NEONATAL;3
HRAD;2019;11;BLOCO OBSTÉTRICO;3
HRAD;2019;11;OBSERVAÇÃO;525
HRAD;2019;11;UTI;2
HRAD;2019;11;UTI - NEONATAL;3
HRAD;2019;12;ALOJAMENTO CONJUNTO;1
HRAD;2019;12;BLOCO OBSTÉTRICO;5
HRAD;2019;12;OBSERVAÇÃO;516
HRAD;2019;12;UTI;3
HRAD;2020;1;BLOCO OBSTÉTRICO;7
HRAD;2020;1;OBSERVAÇÃO;531
HRAD;2020;1;UNIDADE INTERNAÇÃO - CLINICA MÉDICA;1
HRAD;2020;1;UTI;1
HRAD;2020;1;UTI - NEONATAL;2
HRAD;2020;2;BLOCO OBSTÉTRICO;4
HRAD;2020;2;OBSERVAÇÃO;545
HRAD;2020;2;UNIDADE INTERNAÇÃO - CLINICA ORTOPÉDICA;1
HRAD;2020;2;UTI;5
HRAD;2020;2;UTI - NEONATAL;6
HRAD;2020;3;BLOCO OBSTÉTRICO;2
HRAD;2020;3;OBSERVAÇÃO;563
HRAD;2020;3;UNIDADE INTERNAÇÃO - CLINICA MÉDICA;1
HRAD;2020;3;UTI;11
HRAD;2020;3;UTI - NEONATAL;5
HRAD;2020;4;ALOJAMENTO CONJUNTO;1
HRAD;2020;4;BLOCO OBSTÉTRICO;7
HRAD;2020;4;OBSERVAÇÃO;510
HRAD;2020;4;UNIDADE INTERNAÇÃO - CIRURGIA GERAL;2
HRAD;2020;4;UNIDADE INTERNAÇÃO - CLINICA MÉDICA;1
HRAD;2020;4;UTI;3
HRAD;2020;4;UTI - NEONATAL;3
HRAD;2020;5;ALOJAMENTO CONJUNTO;1
HRAD;2020;5;BLOCO OBSTÉTRICO;7
HRAD;2020;5;OBSERVAÇÃO;556
HRAD;2020;5;UNIDADE INTERNAÇÃO - CLINICA MÉDICA;3
HRAD;2020;5;UNIDADE INTERNAÇÃO - CLINICA PEDIÁTRICA;1
HRAD;2020;5;UTI;14
HRAD;2020;5;UTI - NEONATAL;2
HRAD;2020;6;ALOJAMENTO CONJUNTO;1
HRAD;2020;6;BLOCO OBSTÉTRICO;2
HRAD;2020;6;OBSERVAÇÃO;499
HRAD;2020;6;UTI;24
HRAD;2020;6;UTI - NEONATAL;1
HRAD;2020;7;ALOJAMENTO CONJUNTO;2
HRAD;2020;7;BLOCO OBSTÉTRICO;5
HRAD;2020;7;OBSERVAÇÃO;504
HRAD;2020;7;UNIDADE INTERNAÇÃO - CLINICA MÉDICA;5
HRAD;2020;7;UNIDADE INTERNAÇÃO - CLINICA ORTOPÉDICA;1
HRAD;2020;7;UTI;19
HRAD;2020;7;UTI - NEONATAL;3
HRAD;2020;8;ALOJAMENTO CONJUNTO;2
HRAD;2020;8;BLOCO OBSTÉTRICO;4
HRAD;2020;8;OBSERVAÇÃO;504
HRAD;2020;8;UNIDADE INTERNAÇÃO - CLINICA ORTOPÉDICA;1
HRAD;2020;8;UNIDADE INTERNAÇÃO - CLINICA PEDIÁTRICA;1
HRAD;2020;8;UTI;22
HRAD;2020;8;UTI - NEONATAL;6
HRAD;2020;9;ALOJAMENTO CONJUNTO;2
HRAD;2020;9;BLOCO OBSTÉTRICO;4
HRAD;2020;9;OBSERVAÇÃO;541
HRAD;2020;9;UTI;20
HRAD;2020;9;UTI - NEONATAL;2
HRAD;2020;10;ALOJAMENTO CONJUNTO;1
HRAD;2020;10;BLOCO OBSTÉTRICO;3
HRAD;2020;10;OBSERVAÇÃO;524
HRAD;2020;10;UNIDADE INTERNAÇÃO - CLINICA PEDIÁTRICA;1
HRAD;2020;10;UTI;17
HRAD;2020;10;UTI - NEONATAL;2
HRAD;2020;11;ALOJAMENTO CONJUNTO;2
HRAD;2020;11;BLOCO OBSTÉTRICO;5
HRAD;2020;11;OBSERVAÇÃO;481
HRAD;2020;11;UTI;8
HRAD;2020;11;UTI - NEONATAL;6
HRAD;2020;12;BLOCO OBSTÉTRICO;2
HRAD;2020;12;OBSERVAÇÃO;490
HRAD;2020;12;UNIDADE INTERNAÇÃO - CLINICA ORTOPÉDICA;2
HRAD;2020;12;UTI;10
HRAD;2020;12;UTI - NEONATAL;8
HRAD;2021;1;BLOCO OBSTÉTRICO;3
HRAD;2021;1;OBSERVAÇÃO;525
HRAD;2021;1;UNIDADE INTERNAÇÃO - CIRURGIA GERAL;1
HRAD;2021;1;UNIDADE INTERNAÇÃO - CLINICA MÉDICA;1
HRAD;2021;1;UNIDADE INTERNAÇÃO - CLINICA ORTOPÉDICA;2
HRAD;2021;1;UNIDADE INTERNAÇÃO - CLINICA PEDIÁTRICA;1
HRAD;2021;1;UTI;11
HRAD;2021;2;BLOCO OBSTÉTRICO;3
HRAD;2021;2;OBSERVAÇÃO;443
HRAD;2021;2;UNIDADE INTERNAÇÃO - CLINICA MÉDICA;1
HRAD;2021;2;UNIDADE INTERNAÇÃO - CLINICA ORTOPÉDICA;1
HRAD;2021;2;UNIDADE INTERNAÇÃO - CLINICA PEDIÁTRICA;3
HRAD;2021;2;UTI;26
HRAD;2021;2;UTI - NEONATAL;2
HRAD;2021;3;BLOCO OBSTÉTRICO;6
HRAD;2021;3;OBSERVAÇÃO;491
HRAD;2021;3;UNIDADE INTERNAÇÃO - CLINICA MÉDICA;1
HRAD;2021;3;UNIDADE INTERNAÇÃO - CLINICA ORTOPÉDICA;1
HRAD;2021;3;UNIDADE INTERNAÇÃO - CLINICA PEDIÁTRICA;1
HRAD;2021;3;UTI;30
HRAD;2021;3;UTI - NEONATAL;3
HRAD;2021;4;BLOCO OBSTÉTRICO;7
HRAD;2021;4;OBSERVAÇÃO;511
HRAD;2021;4;UTI;17
HRAD;2021;4;UTI - NEONATAL;13
HRAD;2021;5;ALOJAMENTO CONJUNTO;3
HRAD;2021;5;BLOCO OBSTÉTRICO;5
HRAD;2021;5;OBSERVAÇÃO;500
HRAD;2021;5;UTI;13
HRAD;2021;5;UTI - NEONATAL;7
HRAD;2021;6;BLOCO OBSTÉTRICO;4
HRAD;2021;6;OBSERVAÇÃO;481
HRAD;2021;6;UNIDADE INTERNAÇÃO - CLINICA ORTOPÉDICA;2
HRAD;2021;6;UNIDADE INTERNAÇÃO - CLINICA PEDIÁTRICA;1
HRAD;2021;6;UTI;7
HRAD;2021;6;UTI - NEONATAL;6
HRAD;2021;7;ALOJAMENTO CONJUNTO;5
HRAD;2021;7;BLOCO OBSTÉTRICO;10
HRAD;2021;7;OBSERVAÇÃO;541
HRAD;2021;7;UNIDADE INTERNAÇÃO - CLINICA ORTOPÉDICA;1
HRAD;2021;7;UNIDADE INTERNAÇÃO - CLINICA PEDIÁTRICA;1
HRAD;2021;7;UTI;15
HRAD;2021;7;UTI - NEONATAL;7
HRAD;2021;8;ALOJAMENTO CONJUNTO;1
HRAD;2021;8;BLOCO OBSTÉTRICO;6
HRAD;2021;8;OBSERVAÇÃO;547
HRAD;2021;8;UNIDADE INTERNAÇÃO - CLINICA PEDIÁTRICA;5
HRAD;2021;8;UTI;8
HRAD;2021;8;UTI - NEONATAL;11
HRAD;2021;9;ALOJAMENTO CONJUNTO;1
HRAD;2021;9;BLOCO OBSTÉTRICO;4
HRAD;2021;9;OBSERVAÇÃO;555
HRAD;2021;9;UNIDADE INTERNAÇÃO - CLINICA PEDIÁTRICA;2
HRAD;2021;9;UTI;4
HRAD;2021;9;UTI - NEONATAL;1
HRAD;2021;10;ALOJAMENTO CONJUNTO;2
HRAD;2021;10;BLOCO OBSTÉTRICO;3
HRAD;2021;10;OBSERVAÇÃO;503
HRAD;2021;10;UNIDADE INTERNAÇÃO - CLINICA PEDIÁTRICA;1
HRAD;2021;10;UTI;7
HRAD;2021;10;UTI - NEONATAL;6
HRAD;2021;11;ALOJAMENTO CONJUNTO;2
HRAD;2021;11;BLOCO OBSTÉTRICO;6
HRAD;2021;11;OBSERVAÇÃO;549
HRAD;2021;11;UNIDADE INTERNAÇÃO - CLINICA PEDIÁTRICA;1
HRAD;2021;11;UTI;3
HRAD;2021;11;UTI - NEONATAL;1
HRAD;2021;12;ALOJAMENTO CONJUNTO;1
HRAD;2021;12;BLOCO OBSTÉTRICO;4
HRAD;2021;12;OBSERVAÇÃO;519
HRAD;2021;12;UNIDADE INTERNAÇÃO - CIRURGIA GERAL;1
HRAD;2021;12;UNIDADE INTERNAÇÃO - CLINICA MÉDICA;1
HRAD;2021;12;UTI;4
HRAD;2021;12;UTI - NEONATAL;6
HRAD;2022;1;ALOJAMENTO CONJUNTO;2
HRAD;2022;1;BLOCO OBSTÉTRICO;4
HRAD;2022;1;OBSERVAÇÃO;503
HRAD;2022;1;UNIDADE INTERNAÇÃO - CLINICA ORTOPÉDICA;1
HRAD;2022;1;UNIDADE INTERNAÇÃO - CLINICA PEDIÁTRICA;3
HRAD;2022;1;UTI;10
HRAD;2022;1;UTI - NEONATAL;5
HRAD;2022;2;ALOJAMENTO CONJUNTO;8
HRAD;2022;2;BLOCO OBSTÉTRICO;8
HRAD;2022;2;OBSERVAÇÃO;500
HRAD;2022;2;UNIDADE INTERNAÇÃO - CIRURGIA GERAL;1
HRAD;2022;2;UNIDADE INTERNAÇÃO - CLINICA MÉDICA;1
HRAD;2022;2;UNIDADE INTERNAÇÃO - CLINICA PEDIÁTRICA;1
HRAD;2022;2;UTI;2
HRAD;2022;2;UTI - NEONATAL;2
HRAD;2022;3;ALOJAMENTO CONJUNTO;16
HRAD;2022;3;BLOCO OBSTÉTRICO;13
HRAD;2022;3;OBSERVAÇÃO;567
HRAD;2022;3;UNIDADE INTERNAÇÃO - CLINICA MÉDICA;2
HRAD;2022;3;UNIDADE INTERNAÇÃO - CLINICA ORTOPÉDICA;1
HRAD;2022;3;UNIDADE INTERNAÇÃO - CLINICA PEDIÁTRICA;1
HRAD;2022;3;UTI;2
HRAD;2022;3;UTI - NEONATAL;2
HRAD;2022;4;ALOJAMENTO CONJUNTO;7
HRAD;2022;4;BLOCO OBSTÉTRICO;6
HRAD;2022;4;OBSERVAÇÃO;564
HRAD;2022;4;UNIDADE INTERNAÇÃO - CLINICA MÉDICA;1
HRAD;2022;4;UNIDADE INTERNAÇÃO - CLINICA PEDIÁTRICA;2
HRAD;2022;4;UTI;3
HRAD;2022;4;UTI - NEONATAL;6
HRAD;2022;5;ALOJAMENTO CONJUNTO;9
HRAD;2022;5;BLOCO OBSTÉTRICO;8
HRAD;2022;5;OBSERVAÇÃO;584
HRAD;2022;5;UNIDADE INTERNAÇÃO - CIRURGIA GERAL;4
HRAD;2022;5;UTI;6
HRAD;2022;5;UTI - NEONATAL;3
HRAD;2022;6;ALOJAMENTO CONJUNTO;13
HRAD;2022;6;BLOCO OBSTÉTRICO;16
HRAD;2022;6;OBSERVAÇÃO;526
HRAD;2022;6;UNIDADE INTERNAÇÃO - CIRURGIA GERAL;4
HRAD;2022;6;UNIDADE INTERNAÇÃO - CLINICA PEDIÁTRICA;2
HRAD;2022;6;UTI - NEONATAL;4
HRAD;2022;7;ALOJAMENTO CONJUNTO;3
HRAD;2022;7;BLOCO OBSTÉTRICO;13
HRAD;2022;7;OBSERVAÇÃO;488
HRAD;2022;7;UNIDADE INTERNAÇÃO - CIRURGIA GERAL;4
HRAD;2022;7;UNIDADE INTERNAÇÃO - CLINICA ORTOPÉDICA;2
HRAD;2022;7;UNIDADE INTERNAÇÃO - CLINICA PEDIÁTRICA;1
HRAD;2022;7;UTI;1
HRAD;2022;7;UTI - NEONATAL;5
HRAD;2022;8;ALOJAMENTO CONJUNTO;16
HRAD;2022;8;BLOCO OBSTÉTRICO;15
HRAD;2022;8;OBSERVAÇÃO;529
HRAD;2022;8;UNIDADE INTERNAÇÃO - CIRURGIA GERAL;1
HRAD;2022;8;UNIDADE INTERNAÇÃO - CLINICA PEDIÁTRICA;3
HRAD;2022;8;UTI;6
HRAD;2022;8;UTI - NEONATAL;7
HRAD;2022;9;ALOJAMENTO CONJUNTO;9
HRAD;2022;9;BLOCO OBSTÉTRICO;10
HRAD;2022;9;OBSERVAÇÃO;454
HRAD;2022;9;UNIDADE DE DECISAO CLINICA;6
HRAD;2022;9;UNIDADE INTERNAÇÃO - CIRURGIA GERAL;2
HRAD;2022;9;UNIDADE INTERNAÇÃO - CLINICA MÉDICA;1
HRAD;2022;9;UNIDADE INTERNAÇÃO - CLINICA ORTOPÉDICA;2
HRAD;2022;9;UNIDADE INTERNAÇÃO - CLINICA PEDIÁTRICA;2
HRAD;2022;9;UTI;1
HRAD;2022;9;UTI - NEONATAL;8
HRAD;2022;10;ALOJAMENTO CONJUNTO;6
HRAD;2022;10;BLOCO OBSTÉTRICO;23
HRAD;2022;10;OBSERVAÇÃO;28
HRAD;2022;10;UNIDADE DE DECISAO CLINICA;430
HRAD;2022;10;UNIDADE INTERNAÇÃO - CLINICA MÉDICA;3
HRAD;2022;10;UNIDADE INTERNAÇÃO - CLINICA ORTOPÉDICA;10
HRAD;2022;10;UNIDADE INTERNAÇÃO - CLINICA PEDIÁTRICA;7
HRAD;2022;10;UTI - ADULTO;2
HRAD;2022;10;UTI - NEONATAL;12
HRAD;2022;11;ALOJAMENTO CONJUNTO;17
HRAD;2022;11;BLOCO OBSTÉTRICO;16
HRAD;2022;11;UNIDADE DE DECISAO CLINICA;486
HRAD;2022;11;UNIDADE INTERNAÇÃO - CLINICA CIRURGICA;13
HRAD;2022;11;UNIDADE INTERNAÇÃO - CLINICA MÉDICA;3
HRAD;2022;11;UNIDADE INTERNAÇÃO - CLINICA ORTOPÉDICA;5
HRAD;2022;11;UNIDADE INTERNAÇÃO - CLINICA PEDIÁTRICA;4
HRAD;2022;11;UTI - ADULTO;4
HRAD;2022;11;UTI - NEONATAL;8
HRAD;2022;12;ALOJAMENTO CONJUNTO;21
HRAD;2022;12;BLOCO OBSTÉTRICO;23
HRAD;2022;12;UNIDADE DE DECISAO CLINICA;492
HRAD;2022;12;UNIDADE INTERNAÇÃO - CLINICA CIRURGICA;5
HRAD;2022;12;UNIDADE INTERNAÇÃO - CLINICA MÉDICA;2
HRAD;2022;12;UNIDADE INTERNAÇÃO - CLINICA ORTOPÉDICA;1
HRAD;2022;12;UNIDADE INTERNAÇÃO - CLINICA PEDIÁTRICA;5
HRAD;2022;12;UTI - ADULTO;6
HRAD;2022;12;UTI - NEONATAL;9
HRAD;2023;1;ALOJAMENTO CONJUNTO;13
HRAD;2023;1;BLOCO OBSTÉTRICO;25
HRAD;2023;1;UNIDADE DE DECISAO CLINICA;570
HRAD;2023;1;UNIDADE INTERNAÇÃO - CLINICA CIRURGICA;2
HRAD;2023;1;UNIDADE INTERNAÇÃO - CLINICA MÉDICA;3
HRAD;2023;1;UNIDADE INTERNAÇÃO - CLINICA ORTOPÉDICA;4
HRAD;2023;1;UNIDADE INTERNAÇÃO - CLINICA PEDIÁTRICA;6
HRAD;2023;1;UTI - NEONATAL;8
HRAD;2023;2;ALOJAMENTO CONJUNTO;7
HRAD;2023;2;BLOCO OBSTÉTRICO;6
HRAD;2023;2;UNIDADE DE DECISAO CLINICA;529
HRAD;2023;2;UNIDADE INTERNAÇÃO - CLINICA CIRURGICA;1
HRAD;2023;2;UNIDADE INTERNAÇÃO - CLINICA MÉDICA;1
HRAD;2023;2;UNIDADE INTERNAÇÃO - CLINICA PEDIÁTRICA;1
HRAD;2023;2;UTI - NEONATAL;3
HRAD;2023;3;ALOJAMENTO CONJUNTO;16
HRAD;2023;3;BLOCO OBSTÉTRICO;7
HRAD;2023;3;UNIDADE DE DECISAO CLINICA;631
HRAD;2023;3;UNIDADE INTERNAÇÃO - CLINICA MÉDICA;2
HRAD;2023;3;UNIDADE INTERNAÇÃO - CLINICA ORTOPÉDICA;3
HRAD;2023;3;UNIDADE INTERNAÇÃO - CLINICA PEDIÁTRICA;1
HRAD;2023;3;UTI - ADULTO;7
HRAD;2023;3;UTI - NEONATAL;2
HRAD;2023;4;ALOJAMENTO CONJUNTO;14
HRAD;2023;4;BLOCO OBSTÉTRICO;30
HRAD;2023;4;UNIDADE DE DECISAO CLINICA;577
HRAD;2023;4;UNIDADE INTERNAÇÃO - CLINICA MÉDICA;3
HRAD;2023;4;UNIDADE INTERNAÇÃO - CLINICA PEDIÁTRICA;1
HRAD;2023;4;UTI - ADULTO;7
HRAD;2023;4;UTI - NEONATAL;3
HRAD;2023;5;ALOJAMENTO CONJUNTO;17
HRAD;2023;5;BLOCO OBSTÉTRICO;41
HRAD;2023;5;UNIDADE DE DECISAO CLINICA;578
HRAD;2023;5;UNIDADE INTERNAÇÃO - CLINICA MÉDICA;4
HRAD;2023;5;UNIDADE INTERNAÇÃO - CLINICA PEDIÁTRICA;3
HRAD;2023;5;UTI - ADULTO;5
HRAD;2023;5;UTI - NEONATAL;2
HRAD;2023;6;ALOJAMENTO CONJUNTO;18
HRAD;2023;6;BLOCO OBSTÉTRICO;14
HRAD;2023;6;UNIDADE DE DECISAO CLINICA;587
HRAD;2023;6;UNIDADE INTERNAÇÃO - CLINICA CIRURGICA;2
HRAD;2023;6;UNIDADE INTERNAÇÃO - CLINICA MÉDICA;2
HRAD;2023;6;UNIDADE INTERNAÇÃO - CLINICA ORTOPÉDICA;7
HRAD;2023;6;UNIDADE INTERNAÇÃO - CLINICA PEDIÁTRICA;1
HRAD;2023;6;UTI - ADULTO;1
HRAD;2023;6;UTI - NEONATAL;2
HRAD;2023;7;ALOJAMENTO CONJUNTO;24
HRAD;2023;7;BLOCO OBSTÉTRICO;11
HRAD;2023;7;UNIDADE DE DECISAO CLINICA;552
HRAD;2023;7;UNIDADE INTERNAÇÃO - CLINICA CIRURGICA;2
HRAD;2023;7;UNIDADE INTERNAÇÃO - CLINICA ORTOPÉDICA;1
HRAD;2023;7;UNIDADE INTERNAÇÃO - CLINICA PEDIÁTRICA;2
HRAD;2023;7;UTI - NEONATAL;1
HRAD;2023;8;ALOJAMENTO CONJUNTO;25
HRAD;2023;8;BLOCO OBSTÉTRICO;15
HRAD;2023;8;UNIDADE DE DECISAO CLINICA;582
HRAD;2023;8;UNIDADE INTERNAÇÃO - CLINICA CIRURGICA;2
HRAD;2023;8;UNIDADE INTERNAÇÃO - CLINICA MÉDICA;1
HRAD;2023;8;UTI - ADULTO;1
HRAD;2023;9;ALOJAMENTO CONJUNTO;18
HRAD;2023;9;BLOCO OBSTÉTRICO;15
HRAD;2023;9;UNIDADE DE DECISAO CLINICA;606
HRAD;2023;9;UNIDADE INTERNAÇÃO - CLINICA CIRURGICA;2
HRAD;2023;9;UNIDADE INTERNAÇÃO - CLINICA ORTOPÉDICA;1
HRAD;2023;9;UNIDADE INTERNAÇÃO - CLINICA PEDIÁTRICA;1
HRAD;2023;9;UTI - ADULTO;1
HRAD;2023;9;UTI - NEONATAL;1
HRAD;2023;10;ALOJAMENTO CONJUNTO;21
HRAD;2023;10;BLOCO OBSTÉTRICO;14
HRAD;2023;10;UNIDADE DE DECISAO CLINICA;595
HRAD;2023;10;UNIDADE INTERNAÇÃO - CLINICA PEDIÁTRICA;1
HRAD;2023;10;UTI - ADULTO;1
HRAD;2023;10;UTI - NEONATAL;4
HRAD;2023;11;ALOJAMENTO CONJUNTO;7
HRAD;2023;11;BLOCO OBSTÉTRICO;4
HRAD;2023;11;UNIDADE DE DECISAO CLINICA;596
HRAD;2023;11;UNIDADE INTERNAÇÃO - CLINICA CIRURGICA;6
HRAD;2023;11;UNIDADE INTERNAÇÃO - CLINICA MÉDICA;3
HRAD;2023;11;UTI - ADULTO;2
HRAD;2023;11;UTI - NEONATAL;1
HRAD;2023;12;ALOJAMENTO CONJUNTO;3
HRAD;2023;12;BLOCO OBSTÉTRICO;8
HRAD;2023;12;UNIDADE DE DECISAO CLINICA;648
HRAD;2023;12;UNIDADE INTERNAÇÃO - CLINICA CIRURGICA;3
HRAD;2023;12;UNIDADE INTERNAÇÃO - CLINICA MÉDICA;2
HRAD;2023;12;UTI - ADULTO;1
HRAD;2023;12;UTI - NEONATAL;3
HRAD;2024;1;ALOJAMENTO CONJUNTO;2
HRAD;2024;1;BLOCO OBSTÉTRICO;11
HRAD;2024;1;UNIDADE DE DECISAO CLINICA;629
HRAD;2024;2;ALOJAMENTO CONJUNTO;4
HRAD;2024;2;BLOCO OBSTÉTRICO;7
HRAD;2024;2;UNIDADE DE DECISAO CLINICA;546
HRAD;2024;2;UNIDADE INTERNAÇÃO - CLINICA ORTOPÉDICA;1
HRAD;2024;2;UNIDADE INTERNAÇÃO - CLINICA PEDIÁTRICA;2
HRAD;2024;2;UTI - NEONATAL;3
HRAD;2024;3;ALOJAMENTO CONJUNTO;4
HRAD;2024;3;BLOCO OBSTÉTRICO;7
HRAD;2024;3;UNIDADE DE DECISAO CLINICA;644
HRAD;2024;3;UNIDADE INTERNAÇÃO - CLINICA MÉDICA;1
HRAD;2024;3;UTI - NEONATAL;5
HRAD;2024;4;ALOJAMENTO CONJUNTO;12
HRAD;2024;4;BLOCO OBSTÉTRICO;7
HRAD;2024;4;UNIDADE DE DECISAO CLINICA;591
HRAD;2024;4;UNIDADE INTERNAÇÃO - CLINICA CIRURGICA;1
HRAD;2024;4;UNIDADE INTERNAÇÃO - CLINICA ORTOPÉDICA;2
HRAD;2024;4;UNIDADE INTERNAÇÃO - CLINICA PEDIÁTRICA;1
HRAD;2024;4;UTI - ADULTO;2
HRAD;2024;4;UTI - NEONATAL;2
HRAD;2024;5;ALOJAMENTO CONJUNTO;2
HRAD;2024;5;BLOCO OBSTÉTRICO;16
HRAD;2024;5;UNIDADE DE DECISAO CLINICA;608
HRAD;2024;5;UNIDADE INTERNAÇÃO - CLINICA CIRURGICA;1
HRAD;2024;5;UNIDADE INTERNAÇÃO - CLINICA MÉDICA;2
HRAD;2024;5;UNIDADE INTERNAÇÃO - CLINICA ORTOPÉDICA;1
HRAD;2024;5;UTI - NEONATAL;1
HRAD;2024;6;ALOJAMENTO CONJUNTO;19
HRAD;2024;6;BLOCO OBSTÉTRICO;12
HRAD;2024;6;UNIDADE DE DECISAO CLINICA;572
HRAD;2024;6;UNIDADE INTERNAÇÃO - CLINICA CIRURGICA;4
HRAD;2024;6;UNIDADE INTERNAÇÃO - CLINICA MÉDICA;2
HRAD;2024;6;UNIDADE INTERNAÇÃO - CLINICA PEDIÁTRICA;1
HRAD;2024;6;UTI - NEONATAL;4
HRAD;2024;7;ALOJAMENTO CONJUNTO;4
HRAD;2024;7;BLOCO OBSTÉTRICO;8
HRAD;2024;7;UNIDADE DE DECISAO CLINICA;623
HRAD;2024;7;UNIDADE INTERNAÇÃO - CLINICA MÉDICA;2
HRAD;2024;7;UNIDADE INTERNAÇÃO - CLINICA PEDIÁTRICA;1
HRAD;2024;7;UTI - ADULTO;3
HRAD;2024;7;UTI - NEONATAL;4
HRAD;2024;8;ALOJAMENTO CONJUNTO;4
HRAD;2024;8;BLOCO OBSTÉTRICO;8
HRAD;2024;8;UNIDADE DE DECISAO CLINICA;657
HRAD;2024;8;UNIDADE INTERNAÇÃO - CLINICA CIRURGICA;1
HRAD;2024;8;UNIDADE INTERNAÇÃO - CLINICA ORTOPÉDICA;1
HRAD;2024;8;UTI - ADULTO;4
HRAD;2024;8;UTI - NEONATAL;3
HRAD;2024;9;ALOJAMENTO CONJUNTO;8
HRAD;2024;9;BLOCO OBSTÉTRICO;3
HRAD;2024;9;UNIDADE DE DECISAO CLINICA;669
HRAD;2024;9;UNIDADE INTERNAÇÃO - CLINICA ORTOPÉDICA;2
HRAD;2024;9;UTI - ADULTO;1
HRAD;2024;9;UTI - NEONATAL;2
HRAD;2024;10;ALOJAMENTO CONJUNTO;4
HRAD;2024;10;BLOCO OBSTÉTRICO;8
HRAD;2024;10;UNIDADE DE DECISAO CLINICA;708
HRAD;2024;10;UNIDADE INTERNAÇÃO - CLINICA CIRURGICA;3
HRAD;2024;10;UNIDADE INTERNAÇÃO - CLINICA MÉDICA;1
HRAD;2024;10;UNIDADE INTERNAÇÃO - CLINICA ORTOPÉDICA;3
HRAD;2024;10;UNIDADE INTERNAÇÃO - CLINICA PEDIÁTRICA;1
HRAD;2024;10;UTI - ADULTO;2
HRAD;2024;10;UTI - NEONATAL;2
HRAD;2024;11;ALOJAMENTO CONJUNTO;7
HRAD;2024;11;BLOCO OBSTÉTRICO;2
HRAD;2024;11;UNIDADE DE DECISAO CLINICA;666
HRAD;2024;11;UTI - NEONATAL;3
HRAD;2024;12;ALOJAMENTO CONJUNTO;3
HRAD;2024;12;BLOCO OBSTÉTRICO;7
HRAD;2024;12;UNIDADE DE DECISAO CLINICA;653
HRAD;2024;12;UNIDADE INTERNAÇÃO - CLINICA ORTOPÉDICA;1
HRAD;2024;12;UTI - ADULTO;4
HRAD;2024;12;UTI - NEONATAL;5
HRAD;2025;1;ALOJAMENTO CONJUNTO;4
HRAD;2025;1;BLOCO OBSTÉTRICO;4
HRAD;2025;1;UNIDADE DE DECISAO CLINICA;684
HRAD;2025;1;UNIDADE INTERNAÇÃO - CLINICA CIRURGICA;1
HRAD;2025;1;UNIDADE INTERNAÇÃO - CLINICA ORTOPÉDICA;1
HRAD;2025;1;UTI - ADULTO;3
HRAD;2025;1;UTI - NEONATAL;4
HRAD;2025;2;ALOJAMENTO CONJUNTO;7
HRAD;2025;2;BLOCO OBSTÉTRICO;5
HRAD;2025;2;UNIDADE DE DECISAO CLINICA;580
HRAD;2025;2;UNIDADE INTERNAÇÃO - CLINICA CIRURGICA;2
HRAD;2025;2;UNIDADE INTERNAÇÃO - CLINICA MÉDICA;1
HRAD;2025;2;UTI - NEONATAL;5
HRAD;2025;3;ALOJAMENTO CONJUNTO;4
HRAD;2025;3;BLOCO OBSTÉTRICO;2
HRAD;2025;3;UNIDADE DE DECISAO CLINICA;686
HRAD;2025;3;UNIDADE INTERNAÇÃO - CLINICA ORTOPÉDICA;1
HRAD;2025;3;UTI - ADULTO;3
HRAD;2025;3;UTI - NEONATAL;2
HRAD;2025;4;ALOJAMENTO CONJUNTO;6
HRAD;2025;4;BLOCO OBSTÉTRICO;3
HRAD;2025;4;UNIDADE DE DECISAO CLINICA;652
HRAD;2025;4;UNIDADE INTERNAÇÃO - CLINICA MÉDICA;1
HRAD;2025;4;UTI - ADULTO;2
HRAD;2025;4;UTI - NEONATAL;1
HRAD;2025;5;ALOJAMENTO CONJUNTO;10
HRAD;2025;5;BLOCO OBSTÉTRICO;9
HRAD;2025;5;UNIDADE DE DECISAO CLINICA;620
HRAD;2025;5;UNIDADE INTERNAÇÃO - CLINICA CIRURGICA;2
HRAD;2025;5;UNIDADE INTERNAÇÃO - CLINICA PEDIÁTRICA;1
HRAD;2025;5;UTI - ADULTO;2
HRAD;2025;5;UTI - NEONATAL;5
HRAD;2025;6;ALOJAMENTO CONJUNTO;7
HRAD;2025;6;BLOCO OBSTÉTRICO;4
HRAD;2025;6;UNIDADE DE DECISAO CLINICA;630
HRAD;2025;6;UNIDADE INTERNAÇÃO - CLINICA CIRURGICA;1
HRAD;2025;6;UNIDADE INTERNAÇÃO - CLINICA ORTOPÉDICA;1
HRAD;2025;6;UTI - ADULTO;1
HRAD;2025;6;UTI - NEONATAL;7
HRAD;2025;7;ALOJAMENTO CONJUNTO;10
HRAD;2025;7;BLOCO OBSTÉTRICO;3
HRAD;2025;7;UNIDADE DE DECISAO CLINICA;635
HRAD;2025;7;UNIDADE INTERNAÇÃO - CLINICA CIRURGICA;1
HRAD;2025;7;UNIDADE INTERNAÇÃO - CLINICA ORTOPÉDICA;1
HRAD;2025;7;UNIDADE INTERNAÇÃO - CLINICA PEDIÁTRICA;1
HRAD;2025;7;UTI - NEONATAL;4
HRAD;2025;8;ALOJAMENTO CONJUNTO;11
HRAD;2025;8;BLOCO OBSTÉTRICO;9
HRAD;2025;8;UNIDADE DE DECISAO CLINICA;591
HRAD;2025;8;UNIDADE INTERNAÇÃO - CLINICA CIRURGICA;2
HRAD;2025;8;UTI - ADULTO;1
HRAD;2025;8;UTI - NEONATAL;4
HRAD;2025;9;ALOJAMENTO CONJUNTO;7
HRAD;2025;9;BLOCO OBSTÉTRICO;6
HRAD;2025;9;UNIDADE DE DECISAO CLINICA;704
HRAD;2025;9;UNIDADE INTERNAÇÃO - CLINICA CIRURGICA;1
HRAD;2025;9;UNIDADE INTERNAÇÃO - CLINICA MÉDICA;1
HRAD;2025;9;UTI - ADULTO;2
HRAD;2025;9;UTI - NEONATAL;1
HRAD;2025;10;ALOJAMENTO CONJUNTO;7
HRAD;2025;10;BLOCO OBSTÉTRICO;6
HRAD;2025;10;UNIDADE DE DECISAO CLINICA;677
HRAD;2025;10;UNIDADE INTERNAÇÃO - CLINICA CIRURGICA;1
HRAD;2025;10;UTI - ADULTO;2
HRAD;2025;10;UTI - NEONATAL;1
HRAD;2025;11;ALOJAMENTO CONJUNTO;7
HRAD;2025;11;BLOCO OBSTÉTRICO;9
HRAD;2025;11;UNIDADE DE DECISAO CLINICA;668
HRAD;2025;11;UNIDADE INTERNAÇÃO - CLINICA MÉDICA;1
HRAD;2025;11;UNIDADE INTERNAÇÃO - CLINICA ORTOPÉDICA;1
HRAD;2025;11;UTI - ADULTO;1
HRAD;2025;11;UTI - NEONATAL;3
HRAD;2025;12;ALOJAMENTO CONJUNTO;6
HRAD;2025;12;BLOCO OBSTÉTRICO;3
HRAD;2025;12;UNIDADE DE DECISAO CLINICA;653
HRAD;2025;12;UNIDADE INTERNAÇÃO - CLINICA CIRURGICA;4
HRAD;2025;12;UNIDADE INTERNAÇÃO - CLINICA MÉDICA;4
HRAD;2025;12;UNIDADE INTERNAÇÃO - CLINICA ORTOPÉDICA;1
HRAD;2025;12;UTI - NEONATAL;2
HRAD;2026;1;ALOJAMENTO CONJUNTO;8
HRAD;2026;1;BLOCO OBSTÉTRICO;6
HRAD;2026;1;UNIDADE DE DECISAO CLINICA;701
HRAD;2026;1;UNIDADE INTERNAÇÃO - CLINICA CIRURGICA;2
HRAD;2026;1;UNIDADE INTERNAÇÃO - CLINICA MÉDICA;5
HRAD;2026;1;UNIDADE INTERNAÇÃO - CLINICA ORTOPÉDICA;3
HRAD;2026;1;UTI - ADULTO;1
HRAD;2026;1;UTI - NEONATAL;7
HRAD;2026;2;ALOJAMENTO CONJUNTO;5
HRAD;2026;2;BLOCO OBSTÉTRICO;2
HRAD;2026;2;UNIDADE DE DECISAO CLINICA;608
HRAD;2026;2;UNIDADE INTERNAÇÃO - CLINICA CIRURGICA;2
HRAD;2026;2;UNIDADE INTERNAÇÃO - CLINICA MÉDICA;2
HRAD;2026;2;UNIDADE INTERNAÇÃO - CLINICA ORTOPÉDICA;1
HRAD;2026;2;UTI - ADULTO;2
HRAD;2026;2;UTI - NEONATAL;5
HRAD;2026;3;ALOJAMENTO CONJUNTO;13
HRAD;2026;3;BLOCO OBSTÉTRICO;2
HRAD;2026;3;UNIDADE DE DECISAO CLINICA;669
HRAD;2026;3;UNIDADE INTERNAÇÃO - CLINICA CIRURGICA;5
HRAD;2026;3;UNIDADE INTERNAÇÃO - CLINICA ORTOPÉDICA;2
HRAD;2026;3;UTI - NEONATAL;8
HRAD;2026;4;ALOJAMENTO CONJUNTO;8
HRAD;2026;4;BLOCO OBSTÉTRICO;3
HRAD;2026;4;UNIDADE DE DECISAO CLINICA;660
HRAD;2026;4;UNIDADE INTERNAÇÃO - CLINICA CIRURGICA;3
HRAD;2026;4;UNIDADE INTERNAÇÃO - CLINICA ORTOPÉDICA;1
HRAD;2026;4;UNIDADE INTERNAÇÃO - CLINICA PEDIÁTRICA;1
HRAD;2026;4;UTI - NEONATAL;2
HRAD;2026;5;ALOJAMENTO CONJUNTO;16
HRAD;2026;5;BLOCO OBSTÉTRICO;2
HRAD;2026;5;UNIDADE DE DECISAO CLINICA;624
HRAD;2026;5;UNIDADE INTERNAÇÃO - CLINICA CIRURGICA;7
HRAD;2026;5;UNIDADE INTERNAÇÃO - CLINICA MÉDICA;4
HRAD;2026;5;UNIDADE INTERNAÇÃO - CLINICA ORTOPÉDICA;2
HRAD;2026;5;UNIDADE INTERNAÇÃO - CLINICA PEDIÁTRICA;1
HRAD;2026;5;UTI - NEONATAL;6
HRAD;2026;6;ALOJAMENTO CONJUNTO;39
HRAD;2026;6;BLOCO OBSTÉTRICO;1
HRAD;2026;6;CENTRO CIRÚRGICO - INTERNAÇÃO;10
HRAD;2026;6;CLINICA CIRÚRGICA;16
HRAD;2026;6;CLINICA MÉDICA;9
HRAD;2026;6;CLINICA ORTOPÉDICA;2
HRAD;2026;6;CLINICA PEDIÁTRICA;4
HRAD;2026;6;PRÉ PARTO;6
HRAD;2026;6;UNIDADE DE CURTA PERMANENCIA;53
HRAD;2026;6;UNIDADE DE DECISAO CLINICA;206
HRAD;2026;6;UNIDADE DECISÃO CLÍNICA - INTERNAÇÃO;162
HRAD;2026;6;UNIDADE INTERNAÇÃO - CLINICA CIRURGICA;1
HRAD;2026;6;UNIDADE INTERNAÇÃO - CLINICA ORTOPÉDICA;2
HRAD;2026;6;UTI - ADULTO;3
HRAD;2026;6;UTIN;6
HRAD;2026;7;ALOJAMENTO CONJUNTO;29
HRAD;2026;7;CENTRO CIRÚRGICO - INTERNAÇÃO;5
HRAD;2026;7;CLINICA CIRÚRGICA;21
HRAD;2026;7;CLINICA MÉDICA;8
HRAD;2026;7;CLINICA ORTOPÉDICA;10
HRAD;2026;7;CLINICA PEDIÁTRICA;1
HRAD;2026;7;PRÉ PARTO;10
HRAD;2026;7;UCIN - UNIDADE DE  CUIDADOS INTERMEDIÁRIOS;1
HRAD;2026;7;UNIDADE DE CURTA PERMANENCIA;76
HRAD;2026;7;UNIDADE DECISÃO CLÍNICA - INTERNAÇÃO;452
HRAD;2026;7;UTI - ADULTO;2
HRAD;2026;7;UTIN;11
HRBJA;2019;1;UNIDADE INTERNAÇÃO - CLINICA CIRURGICA;71
HRBJA;2019;1;UNIDADE INTERNAÇÃO - CLINICA MÉDICA;95
HRBJA;2019;1;UTI;16
HRBJA;2019;2;UNIDADE INTERNAÇÃO - CLINICA CIRURGICA;66
HRBJA;2019;2;UNIDADE INTERNAÇÃO - CLINICA MÉDICA;94
HRBJA;2019;2;UTI;13
HRBJA;2019;3;UNIDADE INTERNAÇÃO - CLINICA CIRURGICA;77
HRBJA;2019;3;UNIDADE INTERNAÇÃO - CLINICA MÉDICA;100
HRBJA;2019;3;UTI;14
HRBJA;2019;4;UNIDADE INTERNAÇÃO - CLINICA CIRURGICA;91
HRBJA;2019;4;UNIDADE INTERNAÇÃO - CLINICA MÉDICA;99
HRBJA;2019;4;UTI;14
HRBJA;2019;5;UNIDADE INTERNAÇÃO - CLINICA CIRURGICA;72
HRBJA;2019;5;UNIDADE INTERNAÇÃO - CLINICA MÉDICA;111
HRBJA;2019;5;UTI;10
HRBJA;2019;6;UNIDADE INTERNAÇÃO - CLINICA CIRURGICA;64
HRBJA;2019;6;UNIDADE INTERNAÇÃO - CLINICA MÉDICA;83
HRBJA;2019;6;UTI;11
HRBJA;2019;7;UNIDADE INTERNAÇÃO - CLINICA CIRURGICA;69
HRBJA;2019;7;UNIDADE INTERNAÇÃO - CLINICA MÉDICA;96
HRBJA;2019;7;UTI;17
HRBJA;2019;8;UNIDADE INTERNAÇÃO - CLINICA CIRURGICA;74
HRBJA;2019;8;UNIDADE INTERNAÇÃO - CLINICA MÉDICA;93
HRBJA;2019;8;UTI;18
HRBJA;2019;9;UNIDADE INTERNAÇÃO - CLINICA CIRURGICA;62
HRBJA;2019;9;UNIDADE INTERNAÇÃO - CLINICA MÉDICA;103
HRBJA;2019;9;UTI;13
HRBJA;2019;10;UNIDADE INTERNAÇÃO - CLINICA CIRURGICA;81
HRBJA;2019;10;UNIDADE INTERNAÇÃO - CLINICA MÉDICA;97
HRBJA;2019;10;UTI;15
HRBJA;2019;11;UNIDADE INTERNAÇÃO - CLINICA CIRURGICA;80
HRBJA;2019;11;UNIDADE INTERNAÇÃO - CLINICA MÉDICA;105
HRBJA;2019;11;UTI;14
HRBJA;2019;12;UNIDADE INTERNAÇÃO - CLINICA CIRURGICA;64
HRBJA;2019;12;UNIDADE INTERNAÇÃO - CLINICA MÉDICA;84
HRBJA;2019;12;UTI;12
HRBJA;2020;1;UNIDADE INTERNAÇÃO - CLINICA CIRURGICA;72
HRBJA;2020;1;UNIDADE INTERNAÇÃO - CLINICA MÉDICA;87
HRBJA;2020;1;UTI;14
HRBJA;2020;2;UNIDADE INTERNAÇÃO - CLINICA CIRURGICA;52
HRBJA;2020;2;UNIDADE INTERNAÇÃO - CLINICA MÉDICA;95
HRBJA;2020;2;UTI;27
HRBJA;2020;3;UNIDADE INTERNAÇÃO - CLINICA CIRURGICA;58
HRBJA;2020;3;UNIDADE INTERNAÇÃO - CLINICA MÉDICA;95
HRBJA;2020;3;UTI;20
HRBJA;2020;4;UNIDADE INTERNAÇÃO - CLINICA CIRURGICA;67
HRBJA;2020;4;UNIDADE INTERNAÇÃO - CLINICA MÉDICA;79
HRBJA;2020;4;UTI;20
HRBJA;2020;5;UNIDADE INTERNAÇÃO - CLINICA CIRURGICA;71
HRBJA;2020;5;UNIDADE INTERNAÇÃO - CLINICA MÉDICA;97
HRBJA;2020;5;UTI;24
HRBJA;2020;6;PRONTO ATENDIMENTO;8
HRBJA;2020;6;UNIDADE INTERNAÇÃO - CLINICA CIRURGICA;82
HRBJA;2020;6;UNIDADE INTERNAÇÃO - CLINICA MÉDICA;98
HRBJA;2020;6;UNIDADE INTERNAÇÃO - CLINICA MÉDICA COVID-19;2
HRBJA;2020;6;UTI;22
HRBJA;2020;6;UTI COVID-19;1
HRBJA;2020;7;UNIDADE INTERNAÇÃO - CLINICA CIRURGICA;93
HRBJA;2020;7;UNIDADE INTERNAÇÃO - CLINICA MÉDICA;112
HRBJA;2020;7;UNIDADE INTERNAÇÃO - CLINICA MÉDICA COVID-19;20
HRBJA;2020;7;UTI;21
HRBJA;2020;7;UTI COVID-19;3
HRBJA;2020;8;UNIDADE INTERNAÇÃO - CLINICA CIRURGICA;98
HRBJA;2020;8;UNIDADE INTERNAÇÃO - CLINICA MÉDICA;117
HRBJA;2020;8;UNIDADE INTERNAÇÃO - CLINICA MÉDICA COVID-19;13
HRBJA;2020;8;UTI;16
HRBJA;2020;8;UTI COVID-19;6
HRBJA;2020;9;UNIDADE INTERNAÇÃO - CLINICA CIRURGICA;95
HRBJA;2020;9;UNIDADE INTERNAÇÃO - CLINICA MÉDICA;93
HRBJA;2020;9;UNIDADE INTERNAÇÃO - CLINICA MÉDICA COVID-19;13
HRBJA;2020;9;UTI;7
HRBJA;2020;9;UTI COVID-19;4
HRBJA;2020;10;UNIDADE INTERNAÇÃO - CLINICA CIRURGICA;87
HRBJA;2020;10;UNIDADE INTERNAÇÃO - CLINICA MÉDICA;101
HRBJA;2020;10;UNIDADE INTERNAÇÃO - CLINICA MÉDICA COVID-19;2
HRBJA;2020;10;UTI;14
HRBJA;2020;11;UNIDADE INTERNAÇÃO - CLINICA CIRURGICA;63
HRBJA;2020;11;UNIDADE INTERNAÇÃO - CLINICA MÉDICA;117
HRBJA;2020;11;UTI;12
HRBJA;2020;12;UNIDADE INTERNAÇÃO - CLINICA CIRURGICA;54
HRBJA;2020;12;UNIDADE INTERNAÇÃO - CLINICA MÉDICA;92
HRBJA;2020;12;UTI;7
HRBJA;2021;1;UNIDADE INTERNAÇÃO - CLINICA CIRURGICA;57
HRBJA;2021;1;UNIDADE INTERNAÇÃO - CLINICA MÉDICA;97
HRBJA;2021;1;UTI;30
HRBJA;2021;2;UNIDADE INTERNAÇÃO - CLINICA CIRURGICA;59
HRBJA;2021;2;UNIDADE INTERNAÇÃO - CLINICA MÉDICA;88
HRBJA;2021;2;UTI;19
HRBJA;2021;3;UNIDADE INTERNAÇÃO - CLINICA CIRURGICA;68
HRBJA;2021;3;UNIDADE INTERNAÇÃO - CLINICA MÉDICA;106
HRBJA;2021;3;UTI;14
HRBJA;2021;4;UNIDADE INTERNAÇÃO - CLINICA CIRURGICA;66
HRBJA;2021;4;UNIDADE INTERNAÇÃO - CLINICA MÉDICA;105
HRBJA;2021;4;UTI;29
HRBJA;2021;5;UNIDADE INTERNAÇÃO - CLINICA CIRURGICA;97
HRBJA;2021;5;UNIDADE INTERNAÇÃO - CLINICA MÉDICA;106
HRBJA;2021;5;UTI;15
HRBJA;2021;5;UTI - ADULTO;5
HRBJA;2021;6;UNIDADE INTERNAÇÃO - CLINICA CIRURGICA;61
HRBJA;2021;6;UNIDADE INTERNAÇÃO - CLINICA MÉDICA;117
HRBJA;2021;6;UTI - ADULTO;10
HRBJA;2021;7;UNIDADE INTERNAÇÃO - CLINICA CIRURGICA;83
HRBJA;2021;7;UNIDADE INTERNAÇÃO - CLINICA MÉDICA;122
HRBJA;2021;7;UTI - ADULTO;15
HRBJA;2021;8;UNIDADE INTERNAÇÃO - CLINICA CIRURGICA;79
HRBJA;2021;8;UNIDADE INTERNAÇÃO - CLINICA MÉDICA;98
HRBJA;2021;8;UTI - ADULTO;13
HRBJA;2021;9;UNIDADE INTERNAÇÃO - CLINICA CIRURGICA;65
HRBJA;2021;9;UNIDADE INTERNAÇÃO - CLINICA MÉDICA;116
HRBJA;2021;9;UTI - ADULTO;11
HRBJA;2021;10;UNIDADE INTERNAÇÃO - CLINICA CIRURGICA;65
HRBJA;2021;10;UNIDADE INTERNAÇÃO - CLINICA MÉDICA;101
HRBJA;2021;10;UTI - ADULTO;21
HRBJA;2021;11;UNIDADE INTERNAÇÃO - CLINICA CIRURGICA;68
HRBJA;2021;11;UNIDADE INTERNAÇÃO - CLINICA MÉDICA;99
HRBJA;2021;11;UTI - ADULTO;13
HRBJA;2021;12;UNIDADE INTERNAÇÃO - CLINICA CIRURGICA;74
HRBJA;2021;12;UNIDADE INTERNAÇÃO - CLINICA MÉDICA;99
HRBJA;2021;12;UTI - ADULTO;11
HRBJA;2022;1;UNIDADE INTERNAÇÃO - CLINICA CIRURGICA;59
HRBJA;2022;1;UNIDADE INTERNAÇÃO - CLINICA MÉDICA;103
HRBJA;2022;1;UTI - ADULTO;21
HRBJA;2022;2;UNIDADE INTERNAÇÃO - CLINICA CIRURGICA;55
HRBJA;2022;2;UNIDADE INTERNAÇÃO - CLINICA MÉDICA;84
HRBJA;2022;2;UTI - ADULTO;15
HRBJA;2022;3;UNIDADE INTERNAÇÃO - CLINICA CIRURGICA;78
HRBJA;2022;3;UNIDADE INTERNAÇÃO - CLINICA MÉDICA;115
HRBJA;2022;3;UTI - ADULTO;13
HRBJA;2022;4;UNIDADE INTERNAÇÃO - CLINICA CIRURGICA;60
HRBJA;2022;4;UNIDADE INTERNAÇÃO - CLINICA MÉDICA;96
HRBJA;2022;4;UTI - ADULTO;7
HRBJA;2022;5;UNIDADE INTERNAÇÃO - CLINICA CIRURGICA;63
HRBJA;2022;5;UNIDADE INTERNAÇÃO - CLINICA MÉDICA;112
HRBJA;2022;5;UTI - ADULTO;16
HRBJA;2022;6;UNIDADE INTERNAÇÃO - CLINICA CIRURGICA;58
HRBJA;2022;6;UNIDADE INTERNAÇÃO - CLINICA MÉDICA;98
HRBJA;2022;6;UTI - ADULTO;6
HRBJA;2022;7;UNIDADE INTERNAÇÃO - CLINICA CIRURGICA;79
HRBJA;2022;7;UNIDADE INTERNAÇÃO - CLINICA MÉDICA;137
HRBJA;2022;7;UTI - ADULTO;12
HRBJA;2022;8;UNIDADE INTERNAÇÃO - CLINICA CIRURGICA;76
HRBJA;2022;8;UNIDADE INTERNAÇÃO - CLINICA MÉDICA;123
HRBJA;2022;8;UTI - ADULTO;11
HRBJA;2022;9;UNIDADE INTERNAÇÃO - CLINICA CIRURGICA;76
HRBJA;2022;9;UNIDADE INTERNAÇÃO - CLINICA MÉDICA;117
HRBJA;2022;9;UTI - ADULTO;13
HRBJA;2022;10;UNIDADE INTERNAÇÃO - CLINICA CIRURGICA;69
HRBJA;2022;10;UNIDADE INTERNAÇÃO - CLINICA MÉDICA;105
HRBJA;2022;10;UTI - ADULTO;9
HRBJA;2022;11;UNIDADE INTERNAÇÃO - CLINICA CIRURGICA;64
HRBJA;2022;11;UNIDADE INTERNAÇÃO - CLINICA MÉDICA;89
HRBJA;2022;11;UTI - ADULTO;12
HRBJA;2022;12;UNIDADE INTERNAÇÃO - CLINICA CIRURGICA;67
HRBJA;2022;12;UNIDADE INTERNAÇÃO - CLINICA MÉDICA;126
HRBJA;2022;12;UTI - ADULTO;7
HRBJA;2023;1;UNIDADE INTERNAÇÃO - CLINICA CIRURGICA;61
HRBJA;2023;1;UNIDADE INTERNAÇÃO - CLINICA MÉDICA;121
HRBJA;2023;1;UTI - ADULTO;13
HRBJA;2023;2;UNIDADE INTERNAÇÃO - CLINICA CIRURGICA;57
HRBJA;2023;2;UNIDADE INTERNAÇÃO - CLINICA MÉDICA;95
HRBJA;2023;2;UTI - ADULTO;13
HRBJA;2023;3;UNIDADE INTERNAÇÃO - CLINICA CIRURGICA;57
HRBJA;2023;3;UNIDADE INTERNAÇÃO - CLINICA MÉDICA;118
HRBJA;2023;3;UTI - ADULTO;14
HRBJA;2023;4;UNIDADE INTERNAÇÃO - CLINICA CIRURGICA;67
HRBJA;2023;4;UNIDADE INTERNAÇÃO - CLINICA MÉDICA;122
HRBJA;2023;4;UTI - ADULTO;11
HRBJA;2023;5;UNIDADE INTERNAÇÃO - CLINICA CIRURGICA;44
HRBJA;2023;5;UNIDADE INTERNAÇÃO - CLINICA MÉDICA;135
HRBJA;2023;5;UTI - ADULTO;8
HRBJA;2023;6;UNIDADE INTERNAÇÃO - CLINICA CIRURGICA;58
HRBJA;2023;6;UNIDADE INTERNAÇÃO - CLINICA MÉDICA;133
HRBJA;2023;6;UTI - ADULTO;15
HRBJA;2023;7;UNIDADE INTERNAÇÃO - CLINICA CIRURGICA;66
HRBJA;2023;7;UNIDADE INTERNAÇÃO - CLINICA MÉDICA;124
HRBJA;2023;7;UTI - ADULTO;14
HRBJA;2023;8;UNIDADE INTERNAÇÃO - CLINICA CIRURGICA;60
HRBJA;2023;8;UNIDADE INTERNAÇÃO - CLINICA MÉDICA;130
HRBJA;2023;8;UTI - ADULTO;13
HRBJA;2023;9;UNIDADE INTERNAÇÃO - CLINICA CIRURGICA;62
HRBJA;2023;9;UNIDADE INTERNAÇÃO - CLINICA MÉDICA;131
HRBJA;2023;9;UTI - ADULTO;11
HRBJA;2023;10;UNIDADE INTERNAÇÃO - CLINICA CIRURGICA;53
HRBJA;2023;10;UNIDADE INTERNAÇÃO - CLINICA MÉDICA;122
HRBJA;2023;10;UTI - ADULTO;12
HRBJA;2023;11;UNIDADE INTERNAÇÃO - CLINICA CIRURGICA;69
HRBJA;2023;11;UNIDADE INTERNAÇÃO - CLINICA MÉDICA;140
HRBJA;2023;11;UTI - ADULTO;16
HRBJA;2023;12;UNIDADE INTERNAÇÃO - CLINICA CIRURGICA;84
HRBJA;2023;12;UNIDADE INTERNAÇÃO - CLINICA MÉDICA;139
HRBJA;2023;12;UTI - ADULTO;12
HRBJA;2024;1;UNIDADE INTERNAÇÃO - CLINICA CIRURGICA;73
HRBJA;2024;1;UNIDADE INTERNAÇÃO - CLINICA MÉDICA;156
HRBJA;2024;1;UTI - ADULTO;17
HRBJA;2024;2;UNIDADE INTERNAÇÃO - CLINICA CIRURGICA;62
HRBJA;2024;2;UNIDADE INTERNAÇÃO - CLINICA MÉDICA;140
HRBJA;2024;2;UTI - ADULTO;18
HRBJA;2024;3;UNIDADE INTERNAÇÃO - CLINICA CIRURGICA;67
HRBJA;2024;3;UNIDADE INTERNAÇÃO - CLINICA MÉDICA;137
HRBJA;2024;3;UTI - ADULTO;5
HRBJA;2024;4;UNIDADE INTERNAÇÃO - CLINICA CIRURGICA;60
HRBJA;2024;4;UNIDADE INTERNAÇÃO - CLINICA MÉDICA;140
HRBJA;2024;4;UTI - ADULTO;6
HRBJA;2024;5;UNIDADE INTERNAÇÃO - CLINICA CIRURGICA;90
HRBJA;2024;5;UNIDADE INTERNAÇÃO - CLINICA MÉDICA;112
HRBJA;2024;5;UTI - ADULTO;12
HRBJA;2024;6;CLINICA CIRURGICA/HRB/CHB;9
HRBJA;2024;6;CLINICA MEDICA/HRB/CHB;1
HRBJA;2024;6;TRAUMATO-ORTOPEDIA CIRURGICA/CHPB/CHB;3
HRBJA;2024;6;UNIDADE INTERNAÇÃO - CLINICA CIRURGICA;35
HRBJA;2024;6;UNIDADE INTERNAÇÃO - CLINICA MÉDICA;41
HRBJA;2024;6;UTI - ADULTO;3
HRBJA;2024;6;UTI ADULTO/HRB/CHB;1
HRBJA;2024;6;UUE/INTERNAÇÃO/HRB/CHB;26
HRBJA;2024;7;CLINICA CIRURGICA/HRB/CHB;20
HRBJA;2024;7;CLINICA MEDICA/HRB/CHB;9
HRBJA;2024;7;TRAUMATO-ORTOPEDIA CIRURGICA/CHPB/CHB;8
HRBJA;2024;7;UTI ADULTO/HRB/CHB;4
HRBJA;2024;7;UUE/INTERNAÇÃO/HRB/CHB;287
HRBJA;2024;8;CLINICA CIRURGICA/HRB/CHB;11
HRBJA;2024;8;CLINICA MEDICA/HRB/CHB;4
HRBJA;2024;8;TRAUMATO-ORTOPEDIA CIRURGICA/CHPB/CHB;17
HRBJA;2024;8;UTI ADULTO/HRB/CHB;2
HRBJA;2024;8;UUE/INTERNAÇÃO/HRB/CHB;341
HRBJA;2024;9;CLINICA CIRURGICA/HRB/CHB;14
HRBJA;2024;9;CLINICA MEDICA/HRB/CHB;7
HRBJA;2024;9;TRAUMATO-ORTOPEDIA CIRURGICA/CHPB/CHB;2
HRBJA;2024;9;UTI ADULTO/HRB/CHB;1
HRBJA;2024;9;UUE/INTERNAÇÃO/HRB/CHB;328
HRBJA;2024;10;CLINICA CIRURGICA/HRB/CHB;18
HRBJA;2024;10;CLINICA MEDICA/HRB/CHB;7
HRBJA;2024;10;TRAUMATO-ORTOPEDIA CIRURGICA/CHPB/CHB;5
HRBJA;2024;10;UTI ADULTO/HRB/CHB;7
HRBJA;2024;10;UUE/INTERNAÇÃO/HRB/CHB;177
HRBJA;2024;11;CLINICA CIRURGICA/HRB/CHB;59
HRBJA;2024;11;CLINICA MEDICA/HRB/CHB;48
HRBJA;2024;11;TRAUMATO-ORTOPEDIA CIRURGICA/CHPB/CHB;6
HRBJA;2024;11;UTI ADULTO/HRB/CHB;21
HRBJA;2024;11;UUE/INTERNAÇÃO/HRB/CHB;96
HRBJA;2024;12;CLINICA CIRURGICA/HRB/CHB;108
HRBJA;2024;12;CLINICA MEDICA/HRB/CHB;72
HRBJA;2024;12;TRAUMATO-ORTOPEDIA CIRURGICA/CHPB/CHB;15
HRBJA;2024;12;UTI ADULTO/HRB/CHB;43
HRBJA;2024;12;UUE/INTERNAÇÃO/HRB/CHB;36
HRBJA;2025;1;CLINICA CIRURGICA/HRB/CHB;104
HRBJA;2025;1;CLINICA MEDICA/HRB/CHB;55
HRBJA;2025;1;TRAUMATO-ORTOPEDIA CIRURGICA/CHPB/CHB;20
HRBJA;2025;1;UTI ADULTO/HRB/CHB;57
HRBJA;2025;1;UUE/INTERNAÇÃO/HRB/CHB;49
HRBJA;2025;2;CLINICA CIRURGICA/HRB/CHB;79
HRBJA;2025;2;CLINICA MEDICA/HRB/CHB;37
HRBJA;2025;2;TRAUMATO-ORTOPEDIA CIRURGICA/CHPB/CHB;4
HRBJA;2025;2;UTI ADULTO/HRB/CHB;48
HRBJA;2025;2;UUE/INTERNAÇÃO/HRB/CHB;75
HRBJA;2025;3;CLINICA CIRURGICA/HRB/CHB;70
HRBJA;2025;3;CLINICA MEDICA/HRB/CHB;49
HRBJA;2025;3;TRAUMATO-ORTOPEDIA CIRURGICA/CHPB/CHB;19
HRBJA;2025;3;UTI ADULTO/HRB/CHB;69
HRBJA;2025;3;UUE/INTERNAÇÃO/HRB/CHB;73
HRBJA;2025;4;CLINICA CIRURGICA/HRB/CHB;92
HRBJA;2025;4;CLINICA MEDICA/HRB/CHB;50
HRBJA;2025;4;TRAUMATO-ORTOPEDIA CIRURGICA/CHPB/CHB;8
HRBJA;2025;4;UTI ADULTO/HRB/CHB;61
HRBJA;2025;4;UUE/INTERNAÇÃO/HRB/CHB;61
HRBJA;2025;5;CLINICA CIRURGICA/HRB/CHB;103
HRBJA;2025;5;CLINICA MEDICA/HRB/CHB;65
HRBJA;2025;5;TRAUMATO-ORTOPEDIA CIRURGICA/CHPB/CHB;11
HRBJA;2025;5;UTI ADULTO/HRB/CHB;48
HRBJA;2025;5;UUE/INTERNAÇÃO/HRB/CHB;60
HRBJA;2025;6;CLINICA CIRURGICA/HRB/CHB;97
HRBJA;2025;6;CLINICA MEDICA/HRB/CHB;47
HRBJA;2025;6;TRAUMATO-ORTOPEDIA CIRURGICA/CHPB/CHB;8
HRBJA;2025;6;UTI ADULTO/HRB/CHB;73
HRBJA;2025;6;UUE/INTERNAÇÃO/HRB/CHB;48
HRBJA;2025;7;CLINICA CIRURGICA/HRB/CHB;101
HRBJA;2025;7;CLINICA MEDICA/HRB/CHB;56
HRBJA;2025;7;TRAUMATO-ORTOPEDIA CIRURGICA/CHPB/CHB;5
HRBJA;2025;7;UTI ADULTO/HRB/CHB;50
HRBJA;2025;7;UUE/INTERNAÇÃO/HRB/CHB;80
HRBJA;2025;8;CLINICA CIRURGICA/HRB/CHB;91
HRBJA;2025;8;CLINICA MEDICA/HRB/CHB;34
HRBJA;2025;8;TRAUMATO-ORTOPEDIA CIRURGICA/CHPB/CHB;24
HRBJA;2025;8;UTI ADULTO/HRB/CHB;63
HRBJA;2025;8;UUE/INTERNAÇÃO/HRB/CHB;56
HRBJA;2025;9;CLINICA CIRURGICA/HRB/CHB;76
HRBJA;2025;9;CLINICA MEDICA/HRB/CHB;42
HRBJA;2025;9;TRAUMATO-ORTOPEDIA CIRURGICA/CHPB/CHB;12
HRBJA;2025;9;UTI ADULTO/HRB/CHB;44
HRBJA;2025;9;UUE/INTERNAÇÃO/HRB/CHB;65
HRBJA;2025;10;CLINICA CIRURGICA/HRB/CHB;77
HRBJA;2025;10;CLINICA MEDICA/HRB/CHB;46
HRBJA;2025;10;UTI ADULTO/HRB/CHB;51
HRBJA;2025;10;UUE/INTERNAÇÃO/HRB/CHB;71
HRBJA;2025;11;CLINICA CIRURGICA/HRB/CHB;78
HRBJA;2025;11;CLINICA MEDICA/HRB/CHB;37
HRBJA;2025;11;TRAUMATO-ORTOPEDIA CIRURGICA/CHPB/CHB;6
HRBJA;2025;11;UTI ADULTO/HRB/CHB;54
HRBJA;2025;11;UUE/INTERNAÇÃO/HRB/CHB;79
HRBJA;2025;12;CLINICA CIRURGICA/HRB/CHB;96
HRBJA;2025;12;CLINICA MEDICA/HRB/CHB;37
HRBJA;2025;12;TRAUMATO-ORTOPEDIA CIRURGICA/CHPB/CHB;18
HRBJA;2025;12;UTI ADULTO/HRB/CHB;48
HRBJA;2025;12;UUE/INTERNAÇÃO/HRB/CHB;63
HRBJA;2026;1;CLINICA CIRURGICA/HRB/CHB;94
HRBJA;2026;1;CLINICA MEDICA/HRB/CHB;37
HRBJA;2026;1;TRAUMATO-ORTOPEDIA CIRURGICA/CHPB/CHB;12
HRBJA;2026;1;UTI ADULTO/HRB/CHB;45
HRBJA;2026;1;UUE/INTERNAÇÃO/HRB/CHB;85
HRBJA;2026;2;CLINICA CIRURGICA/HRB/CHB;117
HRBJA;2026;2;CLINICA MEDICA/HRB/CHB;59
HRBJA;2026;2;TRAUMATO-ORTOPEDIA CIRURGICA/CHPB/CHB;25
HRBJA;2026;2;UTI ADULTO/HRB/CHB;35
HRBJA;2026;2;UUE/INTERNAÇÃO/HRB/CHB;86
HRBJA;2026;3;BOARDING/HRB/CHB;3
HRBJA;2026;3;CLINICA CIRURGICA/HRB/CHB;122
HRBJA;2026;3;CLINICA MEDICA/HRB/CHB;40
HRBJA;2026;3;TRAUMATO-ORTOPEDIA CIRURGICA/CHPB/CHB;22
HRBJA;2026;3;UAVC-AGUDO/HRB/CHB;25
HRBJA;2026;3;UCR-CIRURGICA/HRB/CHB;34
HRBJA;2026;3;UTI ADULTO/HRB/CHB;57
HRBJA;2026;3;UUE/INTERNAÇÃO/HRB/CHB;22
HRBJA;2026;4;BOARDING/HRB/CHB;10
HRBJA;2026;4;CLINICA CIRURGICA/HRB/CHB;103
HRBJA;2026;4;CLINICA MEDICA/HRB/CHB;25
HRBJA;2026;4;TRAUMATO-ORTOPEDIA CIRURGICA/CHPB/CHB;29
HRBJA;2026;4;UAVC-AGUDO/HRB/CHB;34
HRBJA;2026;4;UCR-CIRURGICA/HRB/CHB;43
HRBJA;2026;4;UTI ADULTO/HRB/CHB;49
HRBJA;2026;5;BOARDING/HRB/CHB;5
HRBJA;2026;5;CLINICA CIRURGICA/HRB/CHB;126
HRBJA;2026;5;CLINICA MEDICA/HRB/CHB;21
HRBJA;2026;5;TRAUMATO-ORTOPEDIA CIRURGICA/CHPB/CHB;21
HRBJA;2026;5;UAVC-AGUDO/HRB/CHB;30
HRBJA;2026;5;UCR-CIRURGICA/HRB/CHB;43
HRBJA;2026;5;UTI ADULTO/HRB/CHB;46
HRBJA;2026;6;BOARDING/HRB/CHB;5
HRBJA;2026;6;CLINICA CIRURGICA/HRB/CHB;108
HRBJA;2026;6;CLINICA MEDICA/HRB/CHB;36
HRBJA;2026;6;TRAUMATO-ORTOPEDIA CIRURGICA/CHPB/CHB;37
HRBJA;2026;6;UAVC-AGUDO/HRB/CHB;42
HRBJA;2026;6;UCR-CIRURGICA/HRB/CHB;38
HRBJA;2026;6;UTI ADULTO/HRB/CHB;36
HRBJA;2026;7;BOARDING/HRB/CHB;9
HRBJA;2026;7;CLINICA CIRURGICA/HRB/CHB;111
HRBJA;2026;7;CLINICA MEDICA/HRB/CHB;29
HRBJA;2026;7;TRAUMATO-ORTOPEDIA CIRURGICA/CHPB/CHB;24
HRBJA;2026;7;UAVC-AGUDO/HRB/CHB;40
HRBJA;2026;7;UCR-CIRURGICA/HRB/CHB;37
HRBJA;2026;7;UTI ADULTO/HRB/CHB;41
HRBJA;2026;7;UUE/INTERNAÇÃO/HRB/CHB;1
HRJP;2019;1;BLOCO CIRURGICO;1
HRJP;2019;1;BLOCO OBSTÉTRICO;36
HRJP;2019;1;UNIDADE INTERNAÇÃO - ALTO RISCO OBSTETRICO (MATERNIDADE);117
HRJP;2019;1;UNIDADE INTERNAÇÃO - CLINICA MÉDICA ALA B;57
HRJP;2019;1;UNIDADE INTERNAÇÃO - CLINICA MÉDICA MASCULINA;58
HRJP;2019;1;UNIDADE INTERNAÇÃO - CLINICA PEDIÁTRICA;52
HRJP;2019;1;UNIDADE INTERNAÇÃO - CLINICA TISIOLÓGICA ALA C;22
HRJP;2019;1;UTI;10
HRJP;2019;1;UTI - NEONATAL;24
HRJP;2019;1;UTI PEDIATRICA;14
HRJP;2019;2;BLOCO OBSTÉTRICO;31
HRJP;2019;2;UNIDADE INTERNAÇÃO - ALTO RISCO OBSTETRICO (MATERNIDADE);108
HRJP;2019;2;UNIDADE INTERNAÇÃO - CLINICA MÉDICA ALA B;63
HRJP;2019;2;UNIDADE INTERNAÇÃO - CLINICA MÉDICA MASCULINA;58
HRJP;2019;2;UNIDADE INTERNAÇÃO - CLINICA PEDIÁTRICA;48
HRJP;2019;2;UNIDADE INTERNAÇÃO - CLINICA TISIOLÓGICA ALA C;28
HRJP;2019;2;UTI;1
HRJP;2019;2;UTI - NEONATAL;29
HRJP;2019;2;UTI PEDIATRICA;9
HRJP;2019;3;BLOCO OBSTÉTRICO;33
HRJP;2019;3;UNIDADE INTERNAÇÃO - ALTO RISCO OBSTETRICO (MATERNIDADE);121
HRJP;2019;3;UNIDADE INTERNAÇÃO - CLINICA MÉDICA ALA B;52
HRJP;2019;3;UNIDADE INTERNAÇÃO - CLINICA MÉDICA MASCULINA;49
HRJP;2019;3;UNIDADE INTERNAÇÃO - CLINICA PEDIÁTRICA;49
HRJP;2019;3;UNIDADE INTERNAÇÃO - CLINICA TISIOLÓGICA ALA C;26
HRJP;2019;3;UTI;6
HRJP;2019;3;UTI - NEONATAL;25
HRJP;2019;3;UTI PEDIATRICA;6
HRJP;2019;4;BLOCO OBSTÉTRICO;51
HRJP;2019;4;UNIDADE INTERNAÇÃO - ALTO RISCO OBSTETRICO (MATERNIDADE);99
HRJP;2019;4;UNIDADE INTERNAÇÃO - CLINICA MÉDICA ALA B;55
HRJP;2019;4;UNIDADE INTERNAÇÃO - CLINICA MÉDICA MASCULINA;53
HRJP;2019;4;UNIDADE INTERNAÇÃO - CLINICA PEDIÁTRICA;47
HRJP;2019;4;UNIDADE INTERNAÇÃO - CLINICA TISIOLÓGICA ALA C;31
HRJP;2019;4;UTI;13
HRJP;2019;4;UTI - NEONATAL;38
HRJP;2019;4;UTI PEDIATRICA;16
HRJP;2019;5;BLOCO CIRURGICO;1
HRJP;2019;5;BLOCO OBSTÉTRICO;26
HRJP;2019;5;UNIDADE INTERNAÇÃO - ALTO RISCO OBSTETRICO (MATERNIDADE);118
HRJP;2019;5;UNIDADE INTERNAÇÃO - CLINICA MÉDICA ALA B;76
HRJP;2019;5;UNIDADE INTERNAÇÃO - CLINICA MÉDICA MASCULINA;74
HRJP;2019;5;UNIDADE INTERNAÇÃO - CLINICA PEDIÁTRICA;61
HRJP;2019;5;UNIDADE INTERNAÇÃO - CLINICA TISIOLÓGICA ALA C;34
HRJP;2019;5;UTI;6
HRJP;2019;5;UTI - NEONATAL;24
HRJP;2019;5;UTI PEDIATRICA;13
HRJP;2019;6;BLOCO OBSTÉTRICO;28
HRJP;2019;6;UNIDADE INTERNAÇÃO - ALTO RISCO OBSTETRICO (MATERNIDADE);110
HRJP;2019;6;UNIDADE INTERNAÇÃO - CLINICA MÉDICA ALA B;70
HRJP;2019;6;UNIDADE INTERNAÇÃO - CLINICA MÉDICA MASCULINA;48
HRJP;2019;6;UNIDADE INTERNAÇÃO - CLINICA PEDIÁTRICA;41
HRJP;2019;6;UNIDADE INTERNAÇÃO - CLINICA TISIOLÓGICA ALA C;32
HRJP;2019;6;UTI;7
HRJP;2019;6;UTI - NEONATAL;21
HRJP;2019;6;UTI PEDIATRICA;21
HRJP;2019;7;BLOCO OBSTÉTRICO;28
HRJP;2019;7;UNIDADE INTERNAÇÃO - ALTO RISCO OBSTETRICO (MATERNIDADE);110
HRJP;2019;7;UNIDADE INTERNAÇÃO - CLINICA MÉDICA ALA B;74
HRJP;2019;7;UNIDADE INTERNAÇÃO - CLINICA MÉDICA MASCULINA;64
HRJP;2019;7;UNIDADE INTERNAÇÃO - CLINICA PEDIÁTRICA;39
HRJP;2019;7;UNIDADE INTERNAÇÃO - CLINICA TISIOLÓGICA ALA C;27
HRJP;2019;7;UTI;12
HRJP;2019;7;UTI - NEONATAL;21
HRJP;2019;7;UTI PEDIATRICA;15
HRJP;2019;8;BLOCO OBSTÉTRICO;23
HRJP;2019;8;UNIDADE INTERNAÇÃO - ALTO RISCO OBSTETRICO (MATERNIDADE);99
HRJP;2019;8;UNIDADE INTERNAÇÃO - CLINICA MÉDICA ALA B;73
HRJP;2019;8;UNIDADE INTERNAÇÃO - CLINICA MÉDICA MASCULINA;55
HRJP;2019;8;UNIDADE INTERNAÇÃO - CLINICA PEDIÁTRICA;47
HRJP;2019;8;UNIDADE INTERNAÇÃO - CLINICA TISIOLÓGICA ALA C;36
HRJP;2019;8;UTI;11
HRJP;2019;8;UTI - NEONATAL;17
HRJP;2019;8;UTI PEDIATRICA;9
HRJP;2019;9;BLOCO OBSTÉTRICO;28
HRJP;2019;9;UNIDADE INTERNAÇÃO - ALTO RISCO OBSTETRICO (MATERNIDADE);117
HRJP;2019;9;UNIDADE INTERNAÇÃO - CLINICA MÉDICA ALA B;75
HRJP;2019;9;UNIDADE INTERNAÇÃO - CLINICA MÉDICA MASCULINA;62
HRJP;2019;9;UNIDADE INTERNAÇÃO - CLINICA PEDIÁTRICA;35
HRJP;2019;9;UNIDADE INTERNAÇÃO - CLINICA TISIOLÓGICA ALA C;36
HRJP;2019;9;UTI;7
HRJP;2019;9;UTI - NEONATAL;24
HRJP;2019;9;UTI PEDIATRICA;5
HRJP;2019;10;BLOCO OBSTÉTRICO;16
HRJP;2019;10;UNIDADE INTERNAÇÃO - ALTO RISCO OBSTETRICO (MATERNIDADE);114
HRJP;2019;10;UNIDADE INTERNAÇÃO - CLINICA MÉDICA ALA B;91
HRJP;2019;10;UNIDADE INTERNAÇÃO - CLINICA MÉDICA MASCULINA;59
HRJP;2019;10;UNIDADE INTERNAÇÃO - CLINICA PEDIÁTRICA;60
HRJP;2019;10;UNIDADE INTERNAÇÃO - CLINICA TISIOLÓGICA ALA C;37
HRJP;2019;10;UTI;6
HRJP;2019;10;UTI - NEONATAL;25
HRJP;2019;10;UTI PEDIATRICA;6
HRJP;2019;11;BLOCO OBSTÉTRICO;23
HRJP;2019;11;UNIDADE INTERNAÇÃO - ALTO RISCO OBSTETRICO (MATERNIDADE);84
HRJP;2019;11;UNIDADE INTERNAÇÃO - CLINICA MÉDICA ALA B;94
HRJP;2019;11;UNIDADE INTERNAÇÃO - CLINICA MÉDICA MASCULINA;62
HRJP;2019;11;UNIDADE INTERNAÇÃO - CLINICA PEDIÁTRICA;41
HRJP;2019;11;UNIDADE INTERNAÇÃO - CLINICA TISIOLÓGICA ALA C;26
HRJP;2019;11;UTI;6
HRJP;2019;11;UTI - NEONATAL;16
HRJP;2019;11;UTI PEDIATRICA;9
HRJP;2019;12;BLOCO OBSTÉTRICO;21
HRJP;2019;12;UNIDADE INTERNAÇÃO - ALTO RISCO OBSTETRICO (MATERNIDADE);115
HRJP;2019;12;UNIDADE INTERNAÇÃO - CLINICA MÉDICA ALA B;84
HRJP;2019;12;UNIDADE INTERNAÇÃO - CLINICA MÉDICA MASCULINA;57
HRJP;2019;12;UNIDADE INTERNAÇÃO - CLINICA PEDIÁTRICA;44
HRJP;2019;12;UNIDADE INTERNAÇÃO - CLINICA TISIOLÓGICA ALA C;32
HRJP;2019;12;UTI;4
HRJP;2019;12;UTI - NEONATAL;19
HRJP;2019;12;UTI PEDIATRICA;12
HRJP;2020;1;BLOCO OBSTÉTRICO;18
HRJP;2020;1;UNIDADE INTERNAÇÃO - ALTO RISCO OBSTETRICO (MATERNIDADE);118
HRJP;2020;1;UNIDADE INTERNAÇÃO - CLINICA MÉDICA ALA B;75
HRJP;2020;1;UNIDADE INTERNAÇÃO - CLINICA MÉDICA MASCULINA;64
HRJP;2020;1;UNIDADE INTERNAÇÃO - CLINICA PEDIÁTRICA;51
HRJP;2020;1;UNIDADE INTERNAÇÃO - CLINICA TISIOLÓGICA ALA C;33
HRJP;2020;1;UTI;14
HRJP;2020;1;UTI - NEONATAL;20
HRJP;2020;1;UTI PEDIATRICA;8
HRJP;2020;2;BLOCO CIRURGICO;1
HRJP;2020;2;BLOCO OBSTÉTRICO;25
HRJP;2020;2;UNIDADE INTERNAÇÃO - ALTO RISCO OBSTETRICO (MATERNIDADE);111
HRJP;2020;2;UNIDADE INTERNAÇÃO - CLINICA MÉDICA ALA B;77
HRJP;2020;2;UNIDADE INTERNAÇÃO - CLINICA MÉDICA MASCULINA;59
HRJP;2020;2;UNIDADE INTERNAÇÃO - CLINICA PEDIÁTRICA;36
HRJP;2020;2;UNIDADE INTERNAÇÃO - CLINICA TISIOLÓGICA ALA C;30
HRJP;2020;2;UTI;14
HRJP;2020;2;UTI - NEONATAL;18
HRJP;2020;2;UTI PEDIATRICA;18
HRJP;2020;3;BLOCO OBSTÉTRICO;18
HRJP;2020;3;UNIDADE INTERNAÇÃO - ALTO RISCO OBSTETRICO (MATERNIDADE);110
HRJP;2020;3;UNIDADE INTERNAÇÃO - CLINICA MÉDICA ALA B;70
HRJP;2020;3;UNIDADE INTERNAÇÃO - CLINICA MÉDICA MASCULINA;45
HRJP;2020;3;UNIDADE INTERNAÇÃO - CLINICA PEDIÁTRICA;34
HRJP;2020;3;UNIDADE INTERNAÇÃO - CLINICA TISIOLÓGICA ALA C;17
HRJP;2020;3;UTI;30
HRJP;2020;3;UTI - NEONATAL;27
HRJP;2020;3;UTI PEDIATRICA;9
HRJP;2020;4;BLOCO OBSTÉTRICO;4
HRJP;2020;4;UNIDADE INTERNAÇÃO - ALTO RISCO OBSTETRICO (MATERNIDADE);101
HRJP;2020;4;UNIDADE INTERNAÇÃO - CLINICA MÉDICA ALA B;31
HRJP;2020;4;UNIDADE INTERNAÇÃO - CLINICA PEDIÁTRICA;20
HRJP;2020;4;UNIDADE INTERNAÇÃO - CLINICA TISIOLÓGICA ALA C;5
HRJP;2020;4;UTI;13
HRJP;2020;4;UTI - NEONATAL;19
HRJP;2020;4;UTI PEDIATRICA;4
HRJP;2020;5;BLOCO OBSTÉTRICO;20
HRJP;2020;5;UNIDADE INTERNAÇÃO - ALTO RISCO OBSTETRICO (MATERNIDADE);106
HRJP;2020;5;UNIDADE INTERNAÇÃO - CLINICA MÉDICA ALA B;54
HRJP;2020;5;UNIDADE INTERNAÇÃO - CLINICA PEDIÁTRICA;38
HRJP;2020;5;UNIDADE INTERNAÇÃO - CLINICA TISIOLÓGICA ALA C;8
HRJP;2020;5;UTI;44
HRJP;2020;5;UTI - NEONATAL;20
HRJP;2020;5;UTI PEDIATRICA;4
HRJP;2020;6;BLOCO OBSTÉTRICO;39
HRJP;2020;6;UNIDADE INTERNAÇÃO - ALTO RISCO OBSTETRICO (MATERNIDADE);103
HRJP;2020;6;UNIDADE INTERNAÇÃO - CLINICA MÉDICA ALA B;55
HRJP;2020;6;UNIDADE INTERNAÇÃO - CLINICA PEDIÁTRICA;36
HRJP;2020;6;UNIDADE INTERNAÇÃO - CLINICA TISIOLÓGICA ALA C;2
HRJP;2020;6;UTI;19
HRJP;2020;6;UTI - NEONATAL;19
HRJP;2020;6;UTI PEDIATRICA;4
HRJP;2020;7;BLOCO OBSTÉTRICO;10
HRJP;2020;7;UNIDADE INTERNAÇÃO - ALTO RISCO OBSTETRICO (MATERNIDADE);114
HRJP;2020;7;UNIDADE INTERNAÇÃO - CLINICA MÉDICA ALA B;71
HRJP;2020;7;UNIDADE INTERNAÇÃO - CLINICA PEDIÁTRICA;48
HRJP;2020;7;UNIDADE INTERNAÇÃO - CLINICA TISIOLÓGICA ALA C;3
HRJP;2020;7;UTI;21
HRJP;2020;7;UTI - NEONATAL;22
HRJP;2020;7;UTI PEDIATRICA;8
HRJP;2020;8;BLOCO OBSTÉTRICO;22
HRJP;2020;8;UNIDADE INTERNAÇÃO - ALTO RISCO OBSTETRICO (MATERNIDADE);108
HRJP;2020;8;UNIDADE INTERNAÇÃO - CLINICA MÉDICA ALA B;58
HRJP;2020;8;UNIDADE INTERNAÇÃO - CLINICA PEDIÁTRICA;35
HRJP;2020;8;UNIDADE INTERNAÇÃO - CLINICA TISIOLÓGICA ALA C;4
HRJP;2020;8;UTI;37
HRJP;2020;8;UTI - NEONATAL;25
HRJP;2020;8;UTI PEDIATRICA;10
HRJP;2020;9;BLOCO OBSTÉTRICO;22
HRJP;2020;9;UNIDADE INTERNAÇÃO - ALTO RISCO OBSTETRICO (MATERNIDADE);102
HRJP;2020;9;UNIDADE INTERNAÇÃO - CLINICA MÉDICA ALA B;53
HRJP;2020;9;UNIDADE INTERNAÇÃO - CLINICA PEDIÁTRICA;40
HRJP;2020;9;UNIDADE INTERNAÇÃO - CLINICA TISIOLÓGICA ALA C;5
HRJP;2020;9;UTI;33
HRJP;2020;9;UTI - NEONATAL;23
HRJP;2020;9;UTI PEDIATRICA;6
HRJP;2020;10;BLOCO OBSTÉTRICO;6
HRJP;2020;10;UNIDADE INTERNAÇÃO - ALTO RISCO OBSTETRICO (MATERNIDADE);106
HRJP;2020;10;UNIDADE INTERNAÇÃO - CLINICA MÉDICA ALA B;62
HRJP;2020;10;UNIDADE INTERNAÇÃO - CLINICA PEDIÁTRICA;49
HRJP;2020;10;UNIDADE INTERNAÇÃO - CLINICA TISIOLÓGICA ALA C;10
HRJP;2020;10;UTI;27
HRJP;2020;10;UTI - NEONATAL;16
HRJP;2020;10;UTI PEDIATRICA;8
HRJP;2020;11;BLOCO CIRURGICO;1
HRJP;2020;11;BLOCO OBSTÉTRICO;6
HRJP;2020;11;UNIDADE INTERNAÇÃO - ALTO RISCO OBSTETRICO (MATERNIDADE);125
HRJP;2020;11;UNIDADE INTERNAÇÃO - CLINICA MÉDICA ALA B;85
HRJP;2020;11;UNIDADE INTERNAÇÃO - CLINICA PEDIÁTRICA;30
HRJP;2020;11;UNIDADE INTERNAÇÃO - CLINICA TISIOLÓGICA ALA C;3
HRJP;2020;11;UTI;37
HRJP;2020;11;UTI - NEONATAL;18
HRJP;2020;11;UTI PEDIATRICA;7
HRJP;2020;12;BLOCO CIRURGICO;3
HRJP;2020;12;BLOCO OBSTÉTRICO;6
HRJP;2020;12;UNIDADE INTERNAÇÃO - ALTO RISCO OBSTETRICO (MATERNIDADE);116
HRJP;2020;12;UNIDADE INTERNAÇÃO - CLINICA MÉDICA ALA B;107
HRJP;2020;12;UNIDADE INTERNAÇÃO - CLINICA PEDIÁTRICA;36
HRJP;2020;12;UNIDADE INTERNAÇÃO - CLINICA TISIOLÓGICA ALA C;4
HRJP;2020;12;UTI;21
HRJP;2020;12;UTI - NEONATAL;23
HRJP;2020;12;UTI PEDIATRICA;6
HRJP;2021;1;BLOCO OBSTÉTRICO;21
HRJP;2021;1;UNIDADE INTERNAÇÃO - ALTO RISCO OBSTETRICO (MATERNIDADE);120
HRJP;2021;1;UNIDADE INTERNAÇÃO - CLINICA MÉDICA ALA B;73
HRJP;2021;1;UNIDADE INTERNAÇÃO - CLINICA PEDIÁTRICA;40
HRJP;2021;1;UNIDADE INTERNAÇÃO - CLINICA TISIOLÓGICA ALA C;2
HRJP;2021;1;UTI;29
HRJP;2021;1;UTI - NEONATAL;20
HRJP;2021;1;UTI PEDIATRICA;4
HRJP;2021;2;BLOCO CIRURGICO;1
HRJP;2021;2;BLOCO OBSTÉTRICO;12
HRJP;2021;2;UNIDADE INTERNAÇÃO - ALTO RISCO OBSTETRICO (MATERNIDADE);105
HRJP;2021;2;UNIDADE INTERNAÇÃO - CLINICA MÉDICA ALA B;57
HRJP;2021;2;UNIDADE INTERNAÇÃO - CLINICA PEDIÁTRICA;37
HRJP;2021;2;UNIDADE INTERNAÇÃO - CLINICA TISIOLÓGICA ALA C;5
HRJP;2021;2;UTI;30
HRJP;2021;2;UTI - NEONATAL;24
HRJP;2021;2;UTI PEDIATRICA;7
HRJP;2021;3;ALOJAMENTO CONJUNTO;35
HRJP;2021;3;BLOCO CIRURGICO;1
HRJP;2021;3;BLOCO OBSTÉTRICO;39
HRJP;2021;3;UNIDADE INTERNAÇÃO - ALTO RISCO OBSTETRICO (MATERNIDADE);74
HRJP;2021;3;UNIDADE INTERNAÇÃO - CLINICA MÉDICA ALA B;115
HRJP;2021;3;UNIDADE INTERNAÇÃO - CLINICA PEDIÁTRICA;55
HRJP;2021;3;UNIDADE INTERNAÇÃO - CLINICA TISIOLÓGICA ALA C;2
HRJP;2021;3;UTI;17
HRJP;2021;3;UTI - NEONATAL;29
HRJP;2021;3;UTI PEDIATRICA;6
HRJP;2021;4;ALOJAMENTO CONJUNTO;110
HRJP;2021;4;BLOCO CIRURGICO;3
HRJP;2021;4;BLOCO OBSTÉTRICO;27
HRJP;2021;4;UNIDADE INTERNAÇÃO - CLINICA MÉDICA ALA B;86
HRJP;2021;4;UNIDADE INTERNAÇÃO - CLINICA PEDIÁTRICA;45
HRJP;2021;4;UNIDADE INTERNAÇÃO - CLINICA TISIOLÓGICA ALA C;1
HRJP;2021;4;UTI;20
HRJP;2021;4;UTI - NEONATAL;24
HRJP;2021;4;UTI PEDIATRICA;4
HRJP;2021;5;ALOJAMENTO CONJUNTO;82
HRJP;2021;5;BLOCO CIRURGICO;10
HRJP;2021;5;BLOCO OBSTÉTRICO;58
HRJP;2021;5;UNIDADE INTERNAÇÃO - CLINICA MÉDICA ALA B;61
HRJP;2021;5;UNIDADE INTERNAÇÃO - CLINICA PEDIÁTRICA;49
HRJP;2021;5;UNIDADE INTERNAÇÃO - CLINICA TISIOLÓGICA ALA C;3
HRJP;2021;5;UTI;16
HRJP;2021;5;UTI - NEONATAL;14
HRJP;2021;5;UTI PEDIATRICA;17
HRJP;2021;6;ALOJAMENTO CONJUNTO;112
HRJP;2021;6;BLOCO CIRURGICO;1
HRJP;2021;6;BLOCO OBSTÉTRICO;2
HRJP;2021;6;UNIDADE INTERNAÇÃO - CLINICA MÉDICA ALA B;44
HRJP;2021;6;UNIDADE INTERNAÇÃO - CLINICA PEDIÁTRICA;34
HRJP;2021;6;UNIDADE INTERNAÇÃO - CLINICA TISIOLÓGICA ALA C;4
HRJP;2021;6;UTI;23
HRJP;2021;6;UTI - NEONATAL;24
HRJP;2021;6;UTI PEDIATRICA;14
HRJP;2021;7;ALOJAMENTO CONJUNTO;109
HRJP;2021;7;BLOCO CIRURGICO;1
HRJP;2021;7;BLOCO OBSTÉTRICO;23
HRJP;2021;7;UNIDADE INTERNAÇÃO - CLINICA MÉDICA ALA B;24
HRJP;2021;7;UNIDADE INTERNAÇÃO - CLINICA MÉDICA COVID 19;5
HRJP;2021;7;UNIDADE INTERNAÇÃO - CLINICA MÉDICA MASCULINA;2
HRJP;2021;7;UNIDADE INTERNAÇÃO - CLINICA PEDIÁTRICA;31
HRJP;2021;7;UNIDADE INTERNAÇÃO - CLINICA TISIOLÓGICA ALA C;3
HRJP;2021;7;UTI;15
HRJP;2021;7;UTI - ADULTO;2
HRJP;2021;7;UTI - NEONATAL;24
HRJP;2021;7;UTI PEDIATRICA;14
HRJP;2021;8;ALOJAMENTO CONJUNTO;122
HRJP;2021;8;BLOCO CIRURGICO;2
HRJP;2021;8;BLOCO OBSTÉTRICO;23
HRJP;2021;8;UNIDADE INTERNAÇÃO - CLINICA MÉDICA ALA A;7
HRJP;2021;8;UNIDADE INTERNAÇÃO - CLINICA MÉDICA COVID 19;26
HRJP;2021;8;UNIDADE INTERNAÇÃO - CLINICA PEDIÁTRICA;43
HRJP;2021;8;UTI - ADULTO;14
HRJP;2021;8;UTI - NEONATAL;13
HRJP;2021;8;UTI PEDIATRICA;12
HRJP;2021;9;ALOJAMENTO CONJUNTO;131
HRJP;2021;9;BLOCO CIRURGICO;6
HRJP;2021;9;BLOCO OBSTÉTRICO;10
HRJP;2021;9;UNIDADE INTERNAÇÃO - CLINICA MÉDICA ALA A;8
HRJP;2021;9;UNIDADE INTERNAÇÃO - CLINICA MÉDICA COVID 19;29
HRJP;2021;9;UNIDADE INTERNAÇÃO - CLINICA PEDIÁTRICA;30
HRJP;2021;9;UTI - ADULTO;15
HRJP;2021;9;UTI - NEONATAL;13
HRJP;2021;9;UTI PEDIATRICA;19
HRJP;2021;10;ALOJAMENTO CONJUNTO;115
HRJP;2021;10;BLOCO CIRURGICO;11
HRJP;2021;10;BLOCO OBSTÉTRICO;9
HRJP;2021;10;UNIDADE INTERNAÇÃO - CLINICA MÉDICA ALA A;14
HRJP;2021;10;UNIDADE INTERNAÇÃO - CLINICA MÉDICA COVID 19;10
HRJP;2021;10;UNIDADE INTERNAÇÃO - CLINICA PEDIÁTRICA;23
HRJP;2021;10;UTI - ADULTO;10
HRJP;2021;10;UTI - NEONATAL;22
HRJP;2021;10;UTI PEDIATRICA;11
HRJP;2021;11;ALOJAMENTO CONJUNTO;121
HRJP;2021;11;BLOCO CIRURGICO;7
HRJP;2021;11;BLOCO OBSTÉTRICO;11
HRJP;2021;11;UNIDADE INTERNAÇÃO - CLINICA MÉDICA ALA A;31
HRJP;2021;11;UNIDADE INTERNAÇÃO - CLINICA MÉDICA COVID 19;65
HRJP;2021;11;UNIDADE INTERNAÇÃO - CLINICA PEDIÁTRICA;26
HRJP;2021;11;UTI - ADULTO;18
HRJP;2021;11;UTI - NEONATAL;20
HRJP;2021;11;UTI PEDIATRICA;16
HRJP;2021;12;ALOJAMENTO CONJUNTO;131
HRJP;2021;12;BLOCO CIRURGICO;7
HRJP;2021;12;BLOCO OBSTÉTRICO;3
HRJP;2021;12;UNIDADE INTERNAÇÃO - CLINICA MÉDICA ALA A;35
HRJP;2021;12;UNIDADE INTERNAÇÃO - CLINICA MÉDICA ALA B;22
HRJP;2021;12;UNIDADE INTERNAÇÃO - CLINICA MÉDICA COVID 19;9
HRJP;2021;12;UNIDADE INTERNAÇÃO - CLINICA PEDIÁTRICA;33
HRJP;2021;12;UNIDADE INTERNAÇÃO - CLINICA TISIOLÓGICA ALA C;32
HRJP;2021;12;UTI - ADULTO;14
HRJP;2021;12;UTI - NEONATAL;22
HRJP;2021;12;UTI PEDIATRICA;12
HRJP;2022;1;ALOJAMENTO CONJUNTO;116
HRJP;2022;1;BLOCO CIRURGICO;4
HRJP;2022;1;BLOCO OBSTÉTRICO;20
HRJP;2022;1;UNIDADE INTERNAÇÃO - CLINICA MÉDICA ALA A;32
HRJP;2022;1;UNIDADE INTERNAÇÃO - CLINICA MÉDICA ALA B;14
HRJP;2022;1;UNIDADE INTERNAÇÃO - CLINICA PEDIÁTRICA;37
HRJP;2022;1;UNIDADE INTERNAÇÃO - CLINICA TISIOLÓGICA ALA C;31
HRJP;2022;1;UTI - ADULTO;19
HRJP;2022;1;UTI - NEONATAL;24
HRJP;2022;1;UTI PEDIATRICA;27
HRJP;2022;2;ALOJAMENTO CONJUNTO;111
HRJP;2022;2;BLOCO CIRURGICO;4
HRJP;2022;2;BLOCO OBSTÉTRICO;25
HRJP;2022;2;UNIDADE INTERNAÇÃO - CLINICA MÉDICA ALA A;32
HRJP;2022;2;UNIDADE INTERNAÇÃO - CLINICA MÉDICA ALA B;24
HRJP;2022;2;UNIDADE INTERNAÇÃO - CLINICA PEDIÁTRICA;47
HRJP;2022;2;UNIDADE INTERNAÇÃO - CLINICA TISIOLÓGICA ALA C;34
HRJP;2022;2;UTI - ADULTO;22
HRJP;2022;2;UTI - NEONATAL;23
HRJP;2022;2;UTI PEDIATRICA;14
HRJP;2022;3;ALOJAMENTO CONJUNTO;100
HRJP;2022;3;BLOCO CIRURGICO;6
HRJP;2022;3;BLOCO OBSTÉTRICO;42
HRJP;2022;3;UNIDADE INTERNAÇÃO - CLINICA MÉDICA ALA A;48
HRJP;2022;3;UNIDADE INTERNAÇÃO - CLINICA MÉDICA ALA B;48
HRJP;2022;3;UNIDADE INTERNAÇÃO - CLINICA PEDIÁTRICA;67
HRJP;2022;3;UNIDADE INTERNAÇÃO - CLINICA TISIOLÓGICA ALA C;34
HRJP;2022;3;UTI - ADULTO;15
HRJP;2022;3;UTI - NEONATAL;18
HRJP;2022;3;UTI PEDIATRICA;23
HRJP;2022;4;ALOJAMENTO CONJUNTO;123
HRJP;2022;4;BLOCO CIRURGICO;4
HRJP;2022;4;BLOCO OBSTÉTRICO;25
HRJP;2022;4;UNIDADE INTERNAÇÃO - CLINICA MÉDICA ALA A;32
HRJP;2022;4;UNIDADE INTERNAÇÃO - CLINICA MÉDICA ALA B;30
HRJP;2022;4;UNIDADE INTERNAÇÃO - CLINICA PEDIÁTRICA;73
HRJP;2022;4;UNIDADE INTERNAÇÃO - CLINICA TISIOLÓGICA ALA C;41
HRJP;2022;4;UTI - ADULTO;21
HRJP;2022;4;UTI - NEONATAL;25
HRJP;2022;4;UTI PEDIATRICA;20
HRJP;2022;5;ALOJAMENTO CONJUNTO;92
HRJP;2022;5;BLOCO CIRURGICO;9
HRJP;2022;5;BLOCO OBSTÉTRICO;50
HRJP;2022;5;UNIDADE INTERNAÇÃO - CLINICA MÉDICA ALA A;63
HRJP;2022;5;UNIDADE INTERNAÇÃO - CLINICA MÉDICA ALA B;33
HRJP;2022;5;UNIDADE INTERNAÇÃO - CLINICA PEDIÁTRICA;57
HRJP;2022;5;UNIDADE INTERNAÇÃO - CLINICA TISIOLÓGICA ALA C;32
HRJP;2022;5;UTI - ADULTO;11
HRJP;2022;5;UTI - NEONATAL;20
HRJP;2022;5;UTI PEDIATRICA;28
HRJP;2022;6;ALOJAMENTO CONJUNTO;113
HRJP;2022;6;BLOCO CIRURGICO;8
HRJP;2022;6;BLOCO OBSTÉTRICO;11
HRJP;2022;6;UNIDADE INTERNAÇÃO - CLINICA CIRURGICA ALA A;22
HRJP;2022;6;UNIDADE INTERNAÇÃO - CLINICA CIRURGICA ALA B;12
HRJP;2022;6;UNIDADE INTERNAÇÃO - CLINICA MÉDICA ALA A;12
HRJP;2022;6;UNIDADE INTERNAÇÃO - CLINICA MÉDICA ALA B;12
HRJP;2022;6;UNIDADE INTERNAÇÃO - CLINICA MÉDICA ALA C;25
HRJP;2022;6;UNIDADE INTERNAÇÃO - CLINICA PEDIÁTRICA;45
HRJP;2022;6;UNIDADE INTERNAÇÃO - CLINICA TISIOLÓGICA ALA B;13
HRJP;2022;6;UNIDADE INTERNAÇÃO - CLINICA TISIOLÓGICA ALA C;17
HRJP;2022;6;UNIDADE INTERNAÇÃO - PSIQUIATRIA ALA A;5
HRJP;2022;6;UNIDADE INTERNAÇÃO - PSIQUIATRIA ALA C;3
HRJP;2022;6;UTI - ADULTO;21
HRJP;2022;6;UTI - NEONATAL;21
HRJP;2022;6;UTI PEDIATRICA;28
HRJP;2022;7;ALOJAMENTO CONJUNTO;114
HRJP;2022;7;BLOCO CIRURGICO;10
HRJP;2022;7;BLOCO OBSTÉTRICO;17
HRJP;2022;7;UNIDADE INTERNAÇÃO - CLINICA CIRURGICA ALA A;20
HRJP;2022;7;UNIDADE INTERNAÇÃO - CLINICA CIRURGICA ALA B;15
HRJP;2022;7;UNIDADE INTERNAÇÃO - CLINICA MÉDICA ALA A;14
HRJP;2022;7;UNIDADE INTERNAÇÃO - CLINICA MÉDICA ALA B;12
HRJP;2022;7;UNIDADE INTERNAÇÃO - CLINICA MÉDICA ALA C;36
HRJP;2022;7;UNIDADE INTERNAÇÃO - CLINICA PEDIÁTRICA;49
HRJP;2022;7;UNIDADE INTERNAÇÃO - CLINICA TISIOLÓGICA ALA B;5
HRJP;2022;7;UNIDADE INTERNAÇÃO - CLINICA TISIOLÓGICA ALA C;1
HRJP;2022;7;UNIDADE INTERNAÇÃO - PSIQUIATRIA ALA A;10
HRJP;2022;7;UNIDADE INTERNAÇÃO - PSIQUIATRIA ALA C;4
HRJP;2022;7;UTI - ADULTO;15
HRJP;2022;7;UTI - NEONATAL;17
HRJP;2022;7;UTI PEDIATRICA;11
HRJP;2022;8;ALOJAMENTO CONJUNTO;119
HRJP;2022;8;BLOCO CIRURGICO;15
HRJP;2022;8;BLOCO OBSTÉTRICO;7
HRJP;2022;8;UNIDADE INTERNAÇÃO - CLINICA CIRURGICA ALA A;29
HRJP;2022;8;UNIDADE INTERNAÇÃO - CLINICA CIRURGICA ALA B;33
HRJP;2022;8;UNIDADE INTERNAÇÃO - CLINICA MÉDICA ALA A;14
HRJP;2022;8;UNIDADE INTERNAÇÃO - CLINICA MÉDICA ALA B;13
HRJP;2022;8;UNIDADE INTERNAÇÃO - CLINICA MÉDICA ALA C;31
HRJP;2022;8;UNIDADE INTERNAÇÃO - CLINICA PEDIÁTRICA;53
HRJP;2022;8;UNIDADE INTERNAÇÃO - CLINICA TISIOLÓGICA ALA C;3
HRJP;2022;8;UNIDADE INTERNAÇÃO - PSIQUIATRIA ALA A;12
HRJP;2022;8;UNIDADE INTERNAÇÃO - PSIQUIATRIA ALA C;4
HRJP;2022;8;UTI - ADULTO;20
HRJP;2022;8;UTI - NEONATAL;24
HRJP;2022;8;UTI PEDIATRICA;11
HRJP;2022;9;ALOJAMENTO CONJUNTO;100
HRJP;2022;9;BLOCO CIRURGICO;7
HRJP;2022;9;BLOCO OBSTÉTRICO;12
HRJP;2022;9;UNIDADE INTERNAÇÃO - CLINICA CIRURGICA ALA A;23
HRJP;2022;9;UNIDADE INTERNAÇÃO - CLINICA CIRURGICA ALA B;19
HRJP;2022;9;UNIDADE INTERNAÇÃO - CLINICA MÉDICA ALA A;13
HRJP;2022;9;UNIDADE INTERNAÇÃO - CLINICA MÉDICA ALA B;13
HRJP;2022;9;UNIDADE INTERNAÇÃO - CLINICA MÉDICA ALA C;36
HRJP;2022;9;UNIDADE INTERNAÇÃO - CLINICA PEDIÁTRICA;39
HRJP;2022;9;UNIDADE INTERNAÇÃO - CLINICA TISIOLÓGICA ALA C;1
HRJP;2022;9;UNIDADE INTERNAÇÃO - PSIQUIATRIA ALA A;15
HRJP;2022;9;UNIDADE INTERNAÇÃO - PSIQUIATRIA ALA C;10
HRJP;2022;9;UTI -  PEDIATRICO;3
HRJP;2022;9;UTI - ADULTO;16
HRJP;2022;9;UTI - NEONATAL;20
HRJP;2022;9;UTI PEDIATRICA;9
HRJP;2022;10;ALOJAMENTO CONJUNTO;82
HRJP;2022;10;BLOCO CIRURGICO;11
HRJP;2022;10;BLOCO OBSTÉTRICO;22
HRJP;2022;10;UNIDADE INTERNAÇÃO - CLINICA CIRURGICA ALA A;29
HRJP;2022;10;UNIDADE INTERNAÇÃO - CLINICA CIRURGICA ALA B;33
HRJP;2022;10;UNIDADE INTERNAÇÃO - CLINICA MÉDICA ALA A;19
HRJP;2022;10;UNIDADE INTERNAÇÃO - CLINICA MÉDICA ALA B;15
HRJP;2022;10;UNIDADE INTERNAÇÃO - CLINICA MÉDICA ALA C;25
HRJP;2022;10;UNIDADE INTERNAÇÃO - CLINICA PEDIÁTRICA;42
HRJP;2022;10;UNIDADE INTERNAÇÃO - CLINICA TISIOLÓGICA ALA C;2
HRJP;2022;10;UNIDADE INTERNAÇÃO - PSIQUIATRIA ALA A;12
HRJP;2022;10;UNIDADE INTERNAÇÃO - PSIQUIATRIA ALA C;6
HRJP;2022;10;UTI -  PEDIATRICO;18
HRJP;2022;10;UTI - ADULTO;17
HRJP;2022;10;UTI - NEONATAL;23
HRJP;2022;11;ALOJAMENTO CONJUNTO;112
HRJP;2022;11;BLOCO CIRURGICO;16
HRJP;2022;11;BLOCO OBSTÉTRICO;8
HRJP;2022;11;UNIDADE INTERNAÇÃO - CLINICA CIRURGICA ALA A;20
HRJP;2022;11;UNIDADE INTERNAÇÃO - CLINICA CIRURGICA ALA B;16
HRJP;2022;11;UNIDADE INTERNAÇÃO - CLINICA MÉDICA ALA A;8
HRJP;2022;11;UNIDADE INTERNAÇÃO - CLINICA MÉDICA ALA B;16
HRJP;2022;11;UNIDADE INTERNAÇÃO - CLINICA MÉDICA ALA C;19
HRJP;2022;11;UNIDADE INTERNAÇÃO - CLINICA PEDIÁTRICA;60
HRJP;2022;11;UNIDADE INTERNAÇÃO - CLINICA TISIOLÓGICA ALA C;3
HRJP;2022;11;UNIDADE INTERNAÇÃO - PSIQUIATRIA ALA A;9
HRJP;2022;11;UNIDADE INTERNAÇÃO - PSIQUIATRIA ALA C;5
HRJP;2022;11;UTI -  PEDIATRICO;15
HRJP;2022;11;UTI - ADULTO;24
HRJP;2022;11;UTI - NEONATAL;17
HRJP;2022;12;ALOJAMENTO CONJUNTO;119
HRJP;2022;12;BLOCO CIRURGICO;19
HRJP;2022;12;BLOCO OBSTÉTRICO;6
HRJP;2022;12;UNIDADE INTERNAÇÃO - CLINICA CIRURGICA ALA A;30
HRJP;2022;12;UNIDADE INTERNAÇÃO - CLINICA CIRURGICA ALA B;22
HRJP;2022;12;UNIDADE INTERNAÇÃO - CLINICA MÉDICA ALA A;8
HRJP;2022;12;UNIDADE INTERNAÇÃO - CLINICA MÉDICA ALA B;4
HRJP;2022;12;UNIDADE INTERNAÇÃO - CLINICA MÉDICA ALA C;32
HRJP;2022;12;UNIDADE INTERNAÇÃO - CLINICA PEDIÁTRICA;37
HRJP;2022;12;UNIDADE INTERNAÇÃO - CLINICA TISIOLÓGICA ALA B;3
HRJP;2022;12;UNIDADE INTERNAÇÃO - CLINICA TISIOLÓGICA ALA C;2
HRJP;2022;12;UNIDADE INTERNAÇÃO - PSIQUIATRIA ALA A;13
HRJP;2022;12;UNIDADE INTERNAÇÃO - PSIQUIATRIA ALA C;4
HRJP;2022;12;UTI -  PEDIATRICO;10
HRJP;2022;12;UTI - ADULTO;20
HRJP;2022;12;UTI - NEONATAL;19
HRJP;2023;1;ALOJAMENTO CONJUNTO;125
HRJP;2023;1;BLOCO CIRURGICO;10
HRJP;2023;1;BLOCO OBSTÉTRICO;5
HRJP;2023;1;UNIDADE INTERNAÇÃO - CLINICA CIRURGICA ALA A;34
HRJP;2023;1;UNIDADE INTERNAÇÃO - CLINICA CIRURGICA ALA B;35
HRJP;2023;1;UNIDADE INTERNAÇÃO - CLINICA MÉDICA ALA A;2
HRJP;2023;1;UNIDADE INTERNAÇÃO - CLINICA MÉDICA ALA B;7
HRJP;2023;1;UNIDADE INTERNAÇÃO - CLINICA MÉDICA ALA C;17
HRJP;2023;1;UNIDADE INTERNAÇÃO - CLINICA PEDIÁTRICA;38
HRJP;2023;1;UNIDADE INTERNAÇÃO - CLINICA TISIOLÓGICA ALA B;2
HRJP;2023;1;UNIDADE INTERNAÇÃO - CLINICA TISIOLÓGICA ALA C;4
HRJP;2023;1;UNIDADE INTERNAÇÃO - PSIQUIATRIA ALA A;21
HRJP;2023;1;UNIDADE INTERNAÇÃO - PSIQUIATRIA ALA C;6
HRJP;2023;1;UTI -  PEDIATRICO;9
HRJP;2023;1;UTI - ADULTO;16
HRJP;2023;1;UTI - NEONATAL;24
HRJP;2023;2;ALOJAMENTO CONJUNTO;117
HRJP;2023;2;BLOCO CIRURGICO;16
HRJP;2023;2;BLOCO OBSTÉTRICO;7
HRJP;2023;2;UNIDADE INTERNAÇÃO - CLINICA CIRURGICA ALA A;25
HRJP;2023;2;UNIDADE INTERNAÇÃO - CLINICA CIRURGICA ALA B;25
HRJP;2023;2;UNIDADE INTERNAÇÃO - CLINICA MÉDICA ALA A;5
HRJP;2023;2;UNIDADE INTERNAÇÃO - CLINICA MÉDICA ALA B;13
HRJP;2023;2;UNIDADE INTERNAÇÃO - CLINICA MÉDICA ALA C;22
HRJP;2023;2;UNIDADE INTERNAÇÃO - CLINICA PEDIÁTRICA;41
HRJP;2023;2;UNIDADE INTERNAÇÃO - CLINICA TISIOLÓGICA ALA B;4
HRJP;2023;2;UNIDADE INTERNAÇÃO - CLINICA TISIOLÓGICA ALA C;1
HRJP;2023;2;UNIDADE INTERNAÇÃO - PSIQUIATRIA ALA A;8
HRJP;2023;2;UNIDADE INTERNAÇÃO - PSIQUIATRIA ALA C;5
HRJP;2023;2;UTI -  PEDIATRICO;12
HRJP;2023;2;UTI - ADULTO;33
HRJP;2023;2;UTI - NEONATAL;16
HRJP;2023;3;ALOJAMENTO CONJUNTO;121
HRJP;2023;3;BLOCO CIRURGICO;20
HRJP;2023;3;BLOCO OBSTÉTRICO;6
HRJP;2023;3;UNIDADE INTERNAÇÃO - CLINICA CIRURGICA ALA A;29
HRJP;2023;3;UNIDADE INTERNAÇÃO - CLINICA CIRURGICA ALA B;11
HRJP;2023;3;UNIDADE INTERNAÇÃO - CLINICA MÉDICA ALA A;16
HRJP;2023;3;UNIDADE INTERNAÇÃO - CLINICA MÉDICA ALA B;16
HRJP;2023;3;UNIDADE INTERNAÇÃO - CLINICA MÉDICA ALA C;48
HRJP;2023;3;UNIDADE INTERNAÇÃO - CLINICA PEDIÁTRICA;71
HRJP;2023;3;UNIDADE INTERNAÇÃO - CLINICA TISIOLÓGICA ALA B;2
HRJP;2023;3;UNIDADE INTERNAÇÃO - CLINICA TISIOLÓGICA ALA C;9
HRJP;2023;3;UNIDADE INTERNAÇÃO - PSIQUIATRIA ALA A;18
HRJP;2023;3;UNIDADE INTERNAÇÃO - PSIQUIATRIA ALA C;12
HRJP;2023;3;UTI -  PEDIATRICO;21
HRJP;2023;3;UTI - ADULTO;45
HRJP;2023;3;UTI - NEONATAL;18
HRJP;2023;4;ALOJAMENTO CONJUNTO;122
HRJP;2023;4;BLOCO CIRURGICO;13
HRJP;2023;4;BLOCO OBSTÉTRICO;22
HRJP;2023;4;UNIDADE INTERNAÇÃO - CLINICA CIRURGICA ALA A;27
HRJP;2023;4;UNIDADE INTERNAÇÃO - CLINICA CIRURGICA ALA B;16
HRJP;2023;4;UNIDADE INTERNAÇÃO - CLINICA MÉDICA ALA A;14
HRJP;2023;4;UNIDADE INTERNAÇÃO - CLINICA MÉDICA ALA B;19
HRJP;2023;4;UNIDADE INTERNAÇÃO - CLINICA MÉDICA ALA C;29
HRJP;2023;4;UNIDADE INTERNAÇÃO - CLINICA PEDIÁTRICA;46
HRJP;2023;4;UNIDADE INTERNAÇÃO - CLINICA TISIOLÓGICA ALA B;3
HRJP;2023;4;UNIDADE INTERNAÇÃO - CLINICA TISIOLÓGICA ALA C;3
HRJP;2023;4;UNIDADE INTERNAÇÃO - PSIQUIATRIA ALA A;10
HRJP;2023;4;UNIDADE INTERNAÇÃO - PSIQUIATRIA ALA C;1
HRJP;2023;4;UTI -  PEDIATRICO;14
HRJP;2023;4;UTI - ADULTO;37
HRJP;2023;4;UTI - NEONATAL;18
HRJP;2023;5;ALOJAMENTO CONJUNTO;127
HRJP;2023;5;BLOCO CIRURGICO;26
HRJP;2023;5;BLOCO OBSTÉTRICO;28
HRJP;2023;5;UNIDADE INTERNAÇÃO - CLINICA CIRURGICA ALA A;33
HRJP;2023;5;UNIDADE INTERNAÇÃO - CLINICA CIRURGICA ALA B;12
HRJP;2023;5;UNIDADE INTERNAÇÃO - CLINICA MÉDICA ALA A;15
HRJP;2023;5;UNIDADE INTERNAÇÃO - CLINICA MÉDICA ALA B;20
HRJP;2023;5;UNIDADE INTERNAÇÃO - CLINICA MÉDICA ALA C;28
HRJP;2023;5;UNIDADE INTERNAÇÃO - CLINICA PEDIÁTRICA;62
HRJP;2023;5;UNIDADE INTERNAÇÃO - CLINICA TISIOLÓGICA ALA B;4
HRJP;2023;5;UNIDADE INTERNAÇÃO - CLINICA TISIOLÓGICA ALA C;4
HRJP;2023;5;UNIDADE INTERNAÇÃO - PSIQUIATRIA ALA A;9
HRJP;2023;5;UNIDADE INTERNAÇÃO - PSIQUIATRIA ALA C;5
HRJP;2023;5;UTI -  PEDIATRICO;17
HRJP;2023;5;UTI - ADULTO;45
HRJP;2023;5;UTI - NEONATAL;24
HRJP;2023;6;ALOJAMENTO CONJUNTO;112
HRJP;2023;6;BLOCO CIRURGICO;15
HRJP;2023;6;BLOCO OBSTÉTRICO;20
HRJP;2023;6;UNIDADE INTERNAÇÃO - CLINICA CIRURGICA ALA A;24
HRJP;2023;6;UNIDADE INTERNAÇÃO - CLINICA CIRURGICA ALA B;13
HRJP;2023;6;UNIDADE INTERNAÇÃO - CLINICA MÉDICA ALA A;11
HRJP;2023;6;UNIDADE INTERNAÇÃO - CLINICA MÉDICA ALA B;15
HRJP;2023;6;UNIDADE INTERNAÇÃO - CLINICA MÉDICA ALA C;49
HRJP;2023;6;UNIDADE INTERNAÇÃO - CLINICA PEDIÁTRICA;53
HRJP;2023;6;UNIDADE INTERNAÇÃO - CLINICA TISIOLÓGICA ALA B;1
HRJP;2023;6;UNIDADE INTERNAÇÃO - CLINICA TISIOLÓGICA ALA C;9
HRJP;2023;6;UNIDADE INTERNAÇÃO - PSIQUIATRIA ALA A;22
HRJP;2023;6;UNIDADE INTERNAÇÃO - PSIQUIATRIA ALA C;4
HRJP;2023;6;UTI -  PEDIATRICO;10
HRJP;2023;6;UTI - ADULTO;38
HRJP;2023;6;UTI - NEONATAL;17
HRJP;2023;7;ALOJAMENTO CONJUNTO;103
HRJP;2023;7;BLOCO CIRURGICO;12
HRJP;2023;7;BLOCO OBSTÉTRICO;30
HRJP;2023;7;UNIDADE INTERNAÇÃO - CLINICA CIRURGICA ALA A;20
HRJP;2023;7;UNIDADE INTERNAÇÃO - CLINICA CIRURGICA ALA B;14
HRJP;2023;7;UNIDADE INTERNAÇÃO - CLINICA MÉDICA ALA A;19
HRJP;2023;7;UNIDADE INTERNAÇÃO - CLINICA MÉDICA ALA B;13
HRJP;2023;7;UNIDADE INTERNAÇÃO - CLINICA MÉDICA ALA C;30
HRJP;2023;7;UNIDADE INTERNAÇÃO - CLINICA PEDIÁTRICA;65
HRJP;2023;7;UNIDADE INTERNAÇÃO - CLINICA TISIOLÓGICA ALA B;3
HRJP;2023;7;UNIDADE INTERNAÇÃO - CLINICA TISIOLÓGICA ALA C;1
HRJP;2023;7;UNIDADE INTERNAÇÃO - PSIQUIATRIA ALA A;15
HRJP;2023;7;UNIDADE INTERNAÇÃO - PSIQUIATRIA ALA C;8
HRJP;2023;7;UTI -  PEDIATRICO;8
HRJP;2023;7;UTI - ADULTO;44
HRJP;2023;7;UTI - NEONATAL;20
HRJP;2023;8;ALOJAMENTO CONJUNTO;96
HRJP;2023;8;BLOCO CIRURGICO;16
HRJP;2023;8;BLOCO OBSTÉTRICO;21
HRJP;2023;8;UNIDADE INTERNAÇÃO - CLINICA CIRURGICA ALA A;37
HRJP;2023;8;UNIDADE INTERNAÇÃO - CLINICA CIRURGICA ALA B;11
HRJP;2023;8;UNIDADE INTERNAÇÃO - CLINICA MÉDICA ALA A;13
HRJP;2023;8;UNIDADE INTERNAÇÃO - CLINICA MÉDICA ALA B;5
HRJP;2023;8;UNIDADE INTERNAÇÃO - CLINICA MÉDICA ALA C;34
HRJP;2023;8;UNIDADE INTERNAÇÃO - CLINICA PEDIÁTRICA;51
HRJP;2023;8;UNIDADE INTERNAÇÃO - CLINICA TISIOLÓGICA ALA B;4
HRJP;2023;8;UNIDADE INTERNAÇÃO - CLINICA TISIOLÓGICA ALA C;11
HRJP;2023;8;UNIDADE INTERNAÇÃO - PSIQUIATRIA ALA A;12
HRJP;2023;8;UNIDADE INTERNAÇÃO - PSIQUIATRIA ALA C;4
HRJP;2023;8;UTI -  PEDIATRICO;8
HRJP;2023;8;UTI - ADULTO;34
HRJP;2023;8;UTI - NEONATAL;21
HRJP;2023;9;ALOJAMENTO CONJUNTO;117
HRJP;2023;9;BLOCO CIRURGICO;13
HRJP;2023;9;BLOCO OBSTÉTRICO;16
HRJP;2023;9;UNIDADE INTERNAÇÃO - CLINICA CIRURGICA ALA A;27
HRJP;2023;9;UNIDADE INTERNAÇÃO - CLINICA CIRURGICA ALA B;8
HRJP;2023;9;UNIDADE INTERNAÇÃO - CLINICA MÉDICA ALA A;5
HRJP;2023;9;UNIDADE INTERNAÇÃO - CLINICA MÉDICA ALA B;9
HRJP;2023;9;UNIDADE INTERNAÇÃO - CLINICA MÉDICA ALA C;32
HRJP;2023;9;UNIDADE INTERNAÇÃO - CLINICA PEDIÁTRICA;44
HRJP;2023;9;UNIDADE INTERNAÇÃO - CLINICA TISIOLÓGICA ALA B;2
HRJP;2023;9;UNIDADE INTERNAÇÃO - CLINICA TISIOLÓGICA ALA C;5
HRJP;2023;9;UNIDADE INTERNAÇÃO - PSIQUIATRIA ALA A;11
HRJP;2023;9;UNIDADE INTERNAÇÃO - PSIQUIATRIA ALA C;5
HRJP;2023;9;UTI -  PEDIATRICO;13
HRJP;2023;9;UTI - ADULTO;32
HRJP;2023;9;UTI - NEONATAL;27
HRJP;2023;10;ALOJAMENTO CONJUNTO;129
HRJP;2023;10;BLOCO CIRURGICO;14
HRJP;2023;10;BLOCO OBSTÉTRICO;10
HRJP;2023;10;UNIDADE INTERNAÇÃO - CLINICA CIRURGICA ALA A;35
HRJP;2023;10;UNIDADE INTERNAÇÃO - CLINICA CIRURGICA ALA B;12
HRJP;2023;10;UNIDADE INTERNAÇÃO - CLINICA MÉDICA ALA A;16
HRJP;2023;10;UNIDADE INTERNAÇÃO - CLINICA MÉDICA ALA B;8
HRJP;2023;10;UNIDADE INTERNAÇÃO - CLINICA MÉDICA ALA C;26
HRJP;2023;10;UNIDADE INTERNAÇÃO - CLINICA PEDIÁTRICA;57
HRJP;2023;10;UNIDADE INTERNAÇÃO - CLINICA TISIOLÓGICA ALA B;3
HRJP;2023;10;UNIDADE INTERNAÇÃO - CLINICA TISIOLÓGICA ALA C;7
HRJP;2023;10;UNIDADE INTERNAÇÃO - PSIQUIATRIA ALA A;14
HRJP;2023;10;UNIDADE INTERNAÇÃO - PSIQUIATRIA ALA C;1
HRJP;2023;10;UTI -  PEDIATRICO;11
HRJP;2023;10;UTI - ADULTO;31
HRJP;2023;10;UTI - NEONATAL;16
HRJP;2023;11;ALOJAMENTO CONJUNTO;128
HRJP;2023;11;BLOCO CIRURGICO;19
HRJP;2023;11;BLOCO OBSTÉTRICO;1
HRJP;2023;11;UNIDADE INTERNAÇÃO - CLINICA CIRURGICA ALA A;27
HRJP;2023;11;UNIDADE INTERNAÇÃO - CLINICA CIRURGICA ALA B;2
HRJP;2023;11;UNIDADE INTERNAÇÃO - CLINICA MÉDICA ALA A;15
HRJP;2023;11;UNIDADE INTERNAÇÃO - CLINICA MÉDICA ALA B;7
HRJP;2023;11;UNIDADE INTERNAÇÃO - CLINICA MÉDICA ALA C;31
HRJP;2023;11;UNIDADE INTERNAÇÃO - CLINICA PEDIÁTRICA;53
HRJP;2023;11;UNIDADE INTERNAÇÃO - CLINICA TISIOLÓGICA ALA B;1
HRJP;2023;11;UNIDADE INTERNAÇÃO - CLINICA TISIOLÓGICA ALA C;6
HRJP;2023;11;UNIDADE INTERNAÇÃO - PSIQUIATRIA ALA A;11
HRJP;2023;11;UNIDADE INTERNAÇÃO - PSIQUIATRIA ALA C;5
HRJP;2023;11;UTI -  PEDIATRICO;4
HRJP;2023;11;UTI - ADULTO;34
HRJP;2023;11;UTI - NEONATAL;24
HRJP;2023;12;ALOJAMENTO CONJUNTO;119
HRJP;2023;12;BLOCO CIRURGICO;19
HRJP;2023;12;BLOCO OBSTÉTRICO;7
HRJP;2023;12;UNIDADE INTERNAÇÃO - CLINICA CIRURGICA ALA A;14
HRJP;2023;12;UNIDADE INTERNAÇÃO - CLINICA CIRURGICA ALA B;5
HRJP;2023;12;UNIDADE INTERNAÇÃO - CLINICA MÉDICA ALA A;12
HRJP;2023;12;UNIDADE INTERNAÇÃO - CLINICA MÉDICA ALA B;13
HRJP;2023;12;UNIDADE INTERNAÇÃO - CLINICA MÉDICA ALA C;35
HRJP;2023;12;UNIDADE INTERNAÇÃO - CLINICA PEDIÁTRICA;44
HRJP;2023;12;UNIDADE INTERNAÇÃO - CLINICA TISIOLÓGICA ALA B;3
HRJP;2023;12;UNIDADE INTERNAÇÃO - CLINICA TISIOLÓGICA ALA C;4
HRJP;2023;12;UNIDADE INTERNAÇÃO - PSIQUIATRIA ALA A;15
HRJP;2023;12;UTI -  PEDIATRICO;6
HRJP;2023;12;UTI - ADULTO;37
HRJP;2023;12;UTI - NEONATAL;25
HRJP;2024;1;ALOJAMENTO CONJUNTO;140
HRJP;2024;1;BLOCO CIRURGICO;12
HRJP;2024;1;BLOCO OBSTÉTRICO;14
HRJP;2024;1;UNIDADE INTERNAÇÃO - CLINICA CIRURGICA ALA A;11
HRJP;2024;1;UNIDADE INTERNAÇÃO - CLINICA CIRURGICA ALA B;2
HRJP;2024;1;UNIDADE INTERNAÇÃO - CLINICA MÉDICA ALA A;12
HRJP;2024;1;UNIDADE INTERNAÇÃO - CLINICA MÉDICA ALA B;7
HRJP;2024;1;UNIDADE INTERNAÇÃO - CLINICA MÉDICA ALA C;40
HRJP;2024;1;UNIDADE INTERNAÇÃO - CLINICA PEDIÁTRICA;34
HRJP;2024;1;UNIDADE INTERNAÇÃO - CLINICA TISIOLÓGICA ALA B;4
HRJP;2024;1;UNIDADE INTERNAÇÃO - CLINICA TISIOLÓGICA ALA C;4
HRJP;2024;1;UNIDADE INTERNAÇÃO - PSIQUIATRIA ALA A;13
HRJP;2024;1;UNIDADE INTERNAÇÃO - PSIQUIATRIA ALA C;3
HRJP;2024;1;UTI -  PEDIATRICO;6
HRJP;2024;1;UTI - ADULTO;43
HRJP;2024;1;UTI - NEONATAL;24
HRJP;2024;2;ALOJAMENTO CONJUNTO;116
HRJP;2024;2;BLOCO CIRURGICO;15
HRJP;2024;2;BLOCO OBSTÉTRICO;11
HRJP;2024;2;UNIDADE INTERNAÇÃO - CLINICA CIRURGICA ALA A;9
HRJP;2024;2;UNIDADE INTERNAÇÃO - CLINICA CIRURGICA ALA B;15
HRJP;2024;2;UNIDADE INTERNAÇÃO - CLINICA MÉDICA ALA A;25
HRJP;2024;2;UNIDADE INTERNAÇÃO - CLINICA MÉDICA ALA B;10
HRJP;2024;2;UNIDADE INTERNAÇÃO - CLINICA MÉDICA ALA C;14
HRJP;2024;2;UNIDADE INTERNAÇÃO - CLINICA PEDIÁTRICA;40
HRJP;2024;2;UNIDADE INTERNAÇÃO - CLINICA TISIOLÓGICA ALA B;4
HRJP;2024;2;UNIDADE INTERNAÇÃO - CLINICA TISIOLÓGICA ALA C;3
HRJP;2024;2;UNIDADE INTERNAÇÃO - PSIQUIATRIA ALA A;25
HRJP;2024;2;UNIDADE INTERNAÇÃO - PSIQUIATRIA ALA C;4
HRJP;2024;2;UTI -  PEDIATRICO;6
HRJP;2024;2;UTI - ADULTO;29
HRJP;2024;2;UTI - NEONATAL;25
HRJP;2024;3;ALOJAMENTO CONJUNTO;113
HRJP;2024;3;BLOCO CIRURGICO;15
HRJP;2024;3;BLOCO OBSTÉTRICO;18
HRJP;2024;3;UNIDADE INTERNAÇÃO - CLINICA CIRURGICA ALA A;14
HRJP;2024;3;UNIDADE INTERNAÇÃO - CLINICA CIRURGICA ALA B;16
HRJP;2024;3;UNIDADE INTERNAÇÃO - CLINICA MÉDICA ALA A;34
HRJP;2024;3;UNIDADE INTERNAÇÃO - CLINICA MÉDICA ALA B;7
HRJP;2024;3;UNIDADE INTERNAÇÃO - CLINICA MÉDICA ALA C;51
HRJP;2024;3;UNIDADE INTERNAÇÃO - CLINICA PEDIÁTRICA;44
HRJP;2024;3;UNIDADE INTERNAÇÃO - CLINICA TISIOLÓGICA ALA B;4
HRJP;2024;3;UNIDADE INTERNAÇÃO - CLINICA TISIOLÓGICA ALA C;12
HRJP;2024;3;UNIDADE INTERNAÇÃO - PSIQUIATRIA ALA A;27
HRJP;2024;3;UNIDADE INTERNAÇÃO - PSIQUIATRIA ALA C;3
HRJP;2024;3;UTI -  PEDIATRICO;14
HRJP;2024;3;UTI - ADULTO;41
HRJP;2024;3;UTI - NEONATAL;27
HRJP;2024;4;ALOJAMENTO CONJUNTO;110
HRJP;2024;4;BLOCO CIRURGICO;12
HRJP;2024;4;BLOCO OBSTÉTRICO;24
HRJP;2024;4;UNIDADE INTERNAÇÃO - CLINICA CIRURGICA ALA A;13
HRJP;2024;4;UNIDADE INTERNAÇÃO - CLINICA CIRURGICA ALA B;16
HRJP;2024;4;UNIDADE INTERNAÇÃO - CLINICA MÉDICA ALA A;36
HRJP;2024;4;UNIDADE INTERNAÇÃO - CLINICA MÉDICA ALA B;17
HRJP;2024;4;UNIDADE INTERNAÇÃO - CLINICA MÉDICA ALA C;52
HRJP;2024;4;UNIDADE INTERNAÇÃO - CLINICA PEDIÁTRICA;51
HRJP;2024;4;UNIDADE INTERNAÇÃO - CLINICA TISIOLÓGICA ALA B;1
HRJP;2024;4;UNIDADE INTERNAÇÃO - CLINICA TISIOLÓGICA ALA C;13
HRJP;2024;4;UNIDADE INTERNAÇÃO - PSIQUIATRIA ALA A;40
HRJP;2024;4;UNIDADE INTERNAÇÃO - PSIQUIATRIA ALA C;8
HRJP;2024;4;UTI -  PEDIATRICO;15
HRJP;2024;4;UTI - ADULTO;33
HRJP;2024;4;UTI - NEONATAL;20
HRJP;2024;5;ALOJAMENTO CONJUNTO;108
HRJP;2024;5;BLOCO CIRURGICO;11
HRJP;2024;5;BLOCO OBSTÉTRICO;28
HRJP;2024;5;UNIDADE INTERNAÇÃO - CLINICA CIRURGICA ALA A;3
HRJP;2024;5;UNIDADE INTERNAÇÃO - CLINICA CIRURGICA ALA B;4
HRJP;2024;5;UNIDADE INTERNAÇÃO - CLINICA CIRURGICA ALA C;25
HRJP;2024;5;UNIDADE INTERNAÇÃO - CLINICA MÉDICA ALA A;46
HRJP;2024;5;UNIDADE INTERNAÇÃO - CLINICA MÉDICA ALA B;16
HRJP;2024;5;UNIDADE INTERNAÇÃO - CLINICA MÉDICA ALA C;36
HRJP;2024;5;UNIDADE INTERNAÇÃO - CLINICA PEDIÁTRICA;51
HRJP;2024;5;UNIDADE INTERNAÇÃO - CLINICA TISIOLÓGICA ALA B;2
HRJP;2024;5;UNIDADE INTERNAÇÃO - CLINICA TISIOLÓGICA ALA C;5
HRJP;2024;5;UNIDADE INTERNAÇÃO - PSIQUIATRIA ALA A;14
HRJP;2024;5;UNIDADE INTERNAÇÃO - PSIQUIATRIA ALA C;2
HRJP;2024;5;UTI -  PEDIATRICO;16
HRJP;2024;5;UTI - ADULTO;55
HRJP;2024;5;UTI - NEONATAL;31
HRJP;2024;6;ALOJAMENTO CONJUNTO;116
HRJP;2024;6;BLOCO CIRURGICO;16
HRJP;2024;6;BLOCO OBSTÉTRICO;27
HRJP;2024;6;UNIDADE INTERNAÇÃO - CLINICA CIRURGICA ALA A;16
HRJP;2024;6;UNIDADE INTERNAÇÃO - CLINICA CIRURGICA ALA B;7
HRJP;2024;6;UNIDADE INTERNAÇÃO - CLINICA CIRURGICA ALA C;23
HRJP;2024;6;UNIDADE INTERNAÇÃO - CLINICA MÉDICA ALA A;29
HRJP;2024;6;UNIDADE INTERNAÇÃO - CLINICA MÉDICA ALA B;10
HRJP;2024;6;UNIDADE INTERNAÇÃO - CLINICA MÉDICA ALA C;21
HRJP;2024;6;UNIDADE INTERNAÇÃO - CLINICA PEDIÁTRICA;50
HRJP;2024;6;UNIDADE INTERNAÇÃO - CLINICA TISIOLÓGICA ALA B;2
HRJP;2024;6;UNIDADE INTERNAÇÃO - CLINICA TISIOLÓGICA ALA C;2
HRJP;2024;6;UNIDADE INTERNAÇÃO - PSIQUIATRIA ALA A;10
HRJP;2024;6;UNIDADE INTERNAÇÃO - PSIQUIATRIA ALA C;1
HRJP;2024;6;UTI -  PEDIATRICO;17
HRJP;2024;6;UTI - ADULTO;24
HRJP;2024;6;UTI - NEONATAL;23
HRJP;2024;7;ALOJAMENTO CONJUNTO;117
HRJP;2024;7;BLOCO CIRURGICO;14
HRJP;2024;7;BLOCO OBSTÉTRICO;4
HRJP;2024;7;UNIDADE INTERNAÇÃO - CLINICA CIRURGICA ALA A;9
HRJP;2024;7;UNIDADE INTERNAÇÃO - CLINICA CIRURGICA ALA B;2
HRJP;2024;7;UNIDADE INTERNAÇÃO - CLINICA CIRURGICA ALA C;30
HRJP;2024;7;UNIDADE INTERNAÇÃO - CLINICA MÉDICA ALA A;22
HRJP;2024;7;UNIDADE INTERNAÇÃO - CLINICA MÉDICA ALA B;12
HRJP;2024;7;UNIDADE INTERNAÇÃO - CLINICA MÉDICA ALA C;26
HRJP;2024;7;UNIDADE INTERNAÇÃO - CLINICA PEDIÁTRICA;32
HRJP;2024;7;UNIDADE INTERNAÇÃO - CLINICA TISIOLÓGICA ALA C;5
HRJP;2024;7;UNIDADE INTERNAÇÃO - PSIQUIATRIA ALA A;12
HRJP;2024;7;UNIDADE INTERNAÇÃO - PSIQUIATRIA ALA C;4
HRJP;2024;7;UTI -  PEDIATRICO;7
HRJP;2024;7;UTI - ADULTO;50
HRJP;2024;7;UTI - NEONATAL;15
HRJP;2024;8;ALOJAMENTO CONJUNTO;127
HRJP;2024;8;BLOCO CIRURGICO;10
HRJP;2024;8;BLOCO OBSTÉTRICO;3
HRJP;2024;8;UNIDADE INTERNAÇÃO - CLINICA CIRURGICA ALA A;4
HRJP;2024;8;UNIDADE INTERNAÇÃO - CLINICA CIRURGICA ALA C;23
HRJP;2024;8;UNIDADE INTERNAÇÃO - CLINICA MÉDICA ALA A;42
HRJP;2024;8;UNIDADE INTERNAÇÃO - CLINICA MÉDICA ALA B;12
HRJP;2024;8;UNIDADE INTERNAÇÃO - CLINICA MÉDICA ALA C;26
HRJP;2024;8;UNIDADE INTERNAÇÃO - CLINICA PEDIÁTRICA;49
HRJP;2024;8;UNIDADE INTERNAÇÃO - CLINICA TISIOLÓGICA ALA B;1
HRJP;2024;8;UNIDADE INTERNAÇÃO - CLINICA TISIOLÓGICA ALA C;2
HRJP;2024;8;UNIDADE INTERNAÇÃO - PSIQUIATRIA ALA A;9
HRJP;2024;8;UNIDADE INTERNAÇÃO - PSIQUIATRIA ALA C;3
HRJP;2024;8;UTI -  PEDIATRICO;12
HRJP;2024;8;UTI - ADULTO;31
HRJP;2024;8;UTI - NEONATAL;17
HRJP;2024;9;ALOJAMENTO CONJUNTO;136
HRJP;2024;9;BLOCO CIRURGICO;9
HRJP;2024;9;BLOCO OBSTÉTRICO;19
HRJP;2024;9;UNIDADE INTERNAÇÃO - CLINICA CIRURGICA ALA A;12
HRJP;2024;9;UNIDADE INTERNAÇÃO - CLINICA CIRURGICA ALA B;6
HRJP;2024;9;UNIDADE INTERNAÇÃO - CLINICA CIRURGICA ALA C;26
HRJP;2024;9;UNIDADE INTERNAÇÃO - CLINICA MÉDICA ALA A;43
HRJP;2024;9;UNIDADE INTERNAÇÃO - CLINICA MÉDICA ALA B;16
HRJP;2024;9;UNIDADE INTERNAÇÃO - CLINICA MÉDICA ALA C;28
HRJP;2024;9;UNIDADE INTERNAÇÃO - CLINICA PEDIÁTRICA;57
HRJP;2024;9;UNIDADE INTERNAÇÃO - CLINICA TISIOLÓGICA ALA B;2
HRJP;2024;9;UNIDADE INTERNAÇÃO - CLINICA TISIOLÓGICA ALA C;5
HRJP;2024;9;UNIDADE INTERNAÇÃO - PSIQUIATRIA ALA A;10
HRJP;2024;9;UNIDADE INTERNAÇÃO - PSIQUIATRIA ALA C;3
HRJP;2024;9;UTI -  PEDIATRICO;10
HRJP;2024;9;UTI - ADULTO;20
HRJP;2024;9;UTI - NEONATAL;28
HRJP;2024;10;ALOJAMENTO CONJUNTO;112
HRJP;2024;10;BLOCO CIRURGICO;17
HRJP;2024;10;BLOCO OBSTÉTRICO;28
HRJP;2024;10;UNIDADE INTERNAÇÃO - CLINICA CIRURGICA ALA A;19
HRJP;2024;10;UNIDADE INTERNAÇÃO - CLINICA CIRURGICA ALA B;3
HRJP;2024;10;UNIDADE INTERNAÇÃO - CLINICA CIRURGICA ALA C;12
HRJP;2024;10;UNIDADE INTERNAÇÃO - CLINICA MÉDICA ALA A;31
HRJP;2024;10;UNIDADE INTERNAÇÃO - CLINICA MÉDICA ALA B;13
HRJP;2024;10;UNIDADE INTERNAÇÃO - CLINICA MÉDICA ALA C;43
HRJP;2024;10;UNIDADE INTERNAÇÃO - CLINICA PEDIÁTRICA;65
HRJP;2024;10;UNIDADE INTERNAÇÃO - CLINICA TISIOLÓGICA ALA B;2
HRJP;2024;10;UNIDADE INTERNAÇÃO - CLINICA TISIOLÓGICA ALA C;5
HRJP;2024;10;UNIDADE INTERNAÇÃO - PSIQUIATRIA ALA A;17
HRJP;2024;10;UNIDADE INTERNAÇÃO - PSIQUIATRIA ALA C;3
HRJP;2024;10;UTI -  PEDIATRICO;7
HRJP;2024;10;UTI - ADULTO;14
HRJP;2024;10;UTI - NEONATAL;12
HRJP;2024;11;ALOJAMENTO CONJUNTO;5
HRJP;2024;11;ALOJAMENTO CONJUNTO /UNIDADE DE INTERNAÇÃO;129
HRJP;2024;11;BLOCO CIRURGICO;2
HRJP;2024;11;UNIDADE DE INTERNAÇÃO - CLÍNICA DIP ALA C;17
HRJP;2024;11;UNIDADE INTERNAÇÃO - CLINICA CIRURGICA ALA A;2
HRJP;2024;11;UNIDADE INTERNAÇÃO - CLÍNICA CIRÚRGICA ALA A;18
HRJP;2024;11;UNIDADE INTERNAÇÃO - CLÍNICA CIRÚRGICA ALA B;4
HRJP;2024;11;UNIDADE INTERNAÇÃO - CLINICA CIRURGICA ALA C;2
HRJP;2024;11;UNIDADE INTERNAÇÃO - CLÍNICA CIRÚRGICA ALA C;11
HRJP;2024;11;UNIDADE INTERNAÇÃO - CLINICA MÉDICA ALA A;3
HRJP;2024;11;UNIDADE INTERNAÇÃO - CLÍNICA MÉDICA ALA A;39
HRJP;2024;11;UNIDADE INTERNAÇÃO - CLÍNICA MÉDICA ALA B;12
HRJP;2024;11;UNIDADE INTERNAÇÃO - CLINICA MÉDICA ALA C;1
HRJP;2024;11;UNIDADE INTERNAÇÃO - CLÍNICA MÉDICA ALA C;13
HRJP;2024;11;UNIDADE INTERNAÇÃO - CLINICA PEDIÁTRICA;1
HRJP;2024;11;UNIDADE INTERNAÇÃO - CLÍNICA PEDIÁTRICA;33
HRJP;2024;11;UNIDADE INTERNAÇÃO - CLÍNICA PSIQUIÁTRICA ALA A;8
HRJP;2024;11;UNIDADE INTERNAÇÃO - CLÍNICA PSIQUIÁTRICA ALA C;3
HRJP;2024;11;UNIDADE INTERNAÇÃO - CLÍNICA TISIOLÓGICA ALA B;2
HRJP;2024;11;UNIDADE INTERNAÇÃO - CLÍNICA TISIOLÓGICA ALA C;2
HRJP;2024;11;UNIDADE INTERNAÇÃO - PSIQUIATRIA ALA A;1
HRJP;2024;11;UTI - ADULTO;23
HRJP;2024;11;UTI - NEONATAL I;8
HRJP;2024;11;UTI - PEDIÁTRICO;9
HRJP;2024;12;ALOJAMENTO CONJUNTO /UNIDADE DE INTERNAÇÃO;120
HRJP;2024;12;UNIDADE DE INTERNAÇÃO - CLÍNICA DIP ALA C;13
HRJP;2024;12;UNIDADE INTERNAÇÃO - CLÍNICA CIRÚRGICA ALA A;16
HRJP;2024;12;UNIDADE INTERNAÇÃO - CLÍNICA CIRÚRGICA ALA B;1
HRJP;2024;12;UNIDADE INTERNAÇÃO - CLÍNICA CIRÚRGICA ALA C;14
HRJP;2024;12;UNIDADE INTERNAÇÃO - CLÍNICA MÉDICA ALA A;37
HRJP;2024;12;UNIDADE INTERNAÇÃO - CLÍNICA MÉDICA ALA B;8
HRJP;2024;12;UNIDADE INTERNAÇÃO - CLÍNICA MÉDICA ALA C;25
HRJP;2024;12;UNIDADE INTERNAÇÃO - CLÍNICA PEDIÁTRICA;33
HRJP;2024;12;UNIDADE INTERNAÇÃO - CLÍNICA PSIQUIÁTRICA ALA A;5
HRJP;2024;12;UNIDADE INTERNAÇÃO - CLÍNICA PSIQUIÁTRICA ALA C;2
HRJP;2024;12;UNIDADE INTERNAÇÃO - CLÍNICA TISIOLÓGICA ALA B;6
HRJP;2024;12;UNIDADE INTERNAÇÃO - CLÍNICA TISIOLÓGICA ALA C;11
HRJP;2024;12;UTI - ADULTO;38
HRJP;2024;12;UTI - NEONATAL I;16
HRJP;2024;12;UTI - PEDIÁTRICO;9
HRJP;2025;1;ALOJAMENTO CONJUNTO /UNIDADE DE INTERNAÇÃO;153
HRJP;2025;1;UNIDADE DE INTERNAÇÃO - CLÍNICA DIP ALA C;8
HRJP;2025;1;UNIDADE INTERNAÇÃO - CLÍNICA CIRÚRGICA ALA A;15
HRJP;2025;1;UNIDADE INTERNAÇÃO - CLÍNICA CIRÚRGICA ALA B;2
HRJP;2025;1;UNIDADE INTERNAÇÃO - CLÍNICA CIRÚRGICA ALA C;15
HRJP;2025;1;UNIDADE INTERNAÇÃO - CLÍNICA MÉDICA ALA A;49
HRJP;2025;1;UNIDADE INTERNAÇÃO - CLÍNICA MÉDICA ALA B;19
HRJP;2025;1;UNIDADE INTERNAÇÃO - CLÍNICA MÉDICA ALA C;12
HRJP;2025;1;UNIDADE INTERNAÇÃO - CLÍNICA PEDIÁTRICA;43
HRJP;2025;1;UNIDADE INTERNAÇÃO - CLÍNICA PSIQUIÁTRICA ALA A;6
HRJP;2025;1;UNIDADE INTERNAÇÃO - CLÍNICA PSIQUIÁTRICA ALA C;4
HRJP;2025;1;UNIDADE INTERNAÇÃO - CLÍNICA TISIOLÓGICA ALA B;7
HRJP;2025;1;UNIDADE INTERNAÇÃO - CLÍNICA TISIOLÓGICA ALA C;7
HRJP;2025;1;UTI - ADULTO;4
HRJP;2025;1;UTI - NEONATAL I;11
HRJP;2025;1;UTI - PEDIÁTRICO;12
HRJP;2025;2;ALOJAMENTO CONJUNTO /UNIDADE DE INTERNAÇÃO;132
HRJP;2025;2;PRÉ-PARTO;1
HRJP;2025;2;UNIDADE DE INTERNAÇÃO - CLÍNICA DIP ALA C;11
HRJP;2025;2;UNIDADE INTERNAÇÃO - CLÍNICA CIRÚRGICA ALA A;20
HRJP;2025;2;UNIDADE INTERNAÇÃO - CLÍNICA CIRÚRGICA ALA B;6
HRJP;2025;2;UNIDADE INTERNAÇÃO - CLÍNICA CIRÚRGICA ALA C;20
HRJP;2025;2;UNIDADE INTERNAÇÃO - CLÍNICA MÉDICA ALA A;38
HRJP;2025;2;UNIDADE INTERNAÇÃO - CLÍNICA MÉDICA ALA B;27
HRJP;2025;2;UNIDADE INTERNAÇÃO - CLÍNICA MÉDICA ALA C;22
HRJP;2025;2;UNIDADE INTERNAÇÃO - CLÍNICA PEDIÁTRICA;41
HRJP;2025;2;UNIDADE INTERNAÇÃO - CLÍNICA PSIQUIÁTRICA ALA A;10
HRJP;2025;2;UNIDADE INTERNAÇÃO - CLÍNICA PSIQUIÁTRICA ALA C;1
HRJP;2025;2;UNIDADE INTERNAÇÃO - CLÍNICA TISIOLÓGICA ALA B;10
HRJP;2025;2;UNIDADE INTERNAÇÃO - CLÍNICA TISIOLÓGICA ALA C;6
HRJP;2025;2;UTI - ADULTO;9
HRJP;2025;2;UTI - NEONATAL I;10
HRJP;2025;2;UTI - PEDIÁTRICO;12
HRJP;2025;3;ALOJAMENTO CONJUNTO /UNIDADE DE INTERNAÇÃO;191
HRJP;2025;3;UNIDADE DE INTERNAÇÃO - CLÍNICA DIP ALA C;14
HRJP;2025;3;UNIDADE INTERNAÇÃO - CLÍNICA CIRÚRGICA ALA A;16
HRJP;2025;3;UNIDADE INTERNAÇÃO - CLÍNICA CIRÚRGICA ALA B;4
HRJP;2025;3;UNIDADE INTERNAÇÃO - CLÍNICA CIRÚRGICA ALA C;22
HRJP;2025;3;UNIDADE INTERNAÇÃO - CLÍNICA MÉDICA ALA A;56
HRJP;2025;3;UNIDADE INTERNAÇÃO - CLÍNICA MÉDICA ALA B;28
HRJP;2025;3;UNIDADE INTERNAÇÃO - CLÍNICA MÉDICA ALA C;22
HRJP;2025;3;UNIDADE INTERNAÇÃO - CLÍNICA PEDIÁTRICA;38
HRJP;2025;3;UNIDADE INTERNAÇÃO - CLÍNICA PSIQUIÁTRICA ALA A;4
HRJP;2025;3;UNIDADE INTERNAÇÃO - CLÍNICA PSIQUIÁTRICA ALA C;2
HRJP;2025;3;UNIDADE INTERNAÇÃO - CLÍNICA TISIOLÓGICA ALA B;4
HRJP;2025;3;UNIDADE INTERNAÇÃO - CLÍNICA TISIOLÓGICA ALA C;10
HRJP;2025;3;UTI - ADULTO;32
HRJP;2025;3;UTI - NEONATAL I;12
HRJP;2025;3;UTI - PEDIÁTRICO;12
HRJP;2025;4;ALOJAMENTO CONJUNTO /UNIDADE DE INTERNAÇÃO;162
HRJP;2025;4;UNIDADE DE INTERNAÇÃO - CLÍNICA DIP ALA C;17
HRJP;2025;4;UNIDADE INTERNAÇÃO - CLÍNICA CIRÚRGICA ALA A;14
HRJP;2025;4;UNIDADE INTERNAÇÃO - CLÍNICA CIRÚRGICA ALA B;11
HRJP;2025;4;UNIDADE INTERNAÇÃO - CLÍNICA CIRÚRGICA ALA C;24
HRJP;2025;4;UNIDADE INTERNAÇÃO - CLÍNICA MÉDICA ALA A;53
HRJP;2025;4;UNIDADE INTERNAÇÃO - CLÍNICA MÉDICA ALA B;28
HRJP;2025;4;UNIDADE INTERNAÇÃO - CLÍNICA MÉDICA ALA C;26
HRJP;2025;4;UNIDADE INTERNAÇÃO - CLÍNICA PEDIÁTRICA;48
HRJP;2025;4;UNIDADE INTERNAÇÃO - CLÍNICA PSIQUIÁTRICA ALA A;13
HRJP;2025;4;UNIDADE INTERNAÇÃO - CLÍNICA PSIQUIÁTRICA ALA C;2
HRJP;2025;4;UNIDADE INTERNAÇÃO - CLÍNICA TISIOLÓGICA ALA B;2
HRJP;2025;4;UNIDADE INTERNAÇÃO - CLÍNICA TISIOLÓGICA ALA C;4
HRJP;2025;4;UTI - ADULTO;17
HRJP;2025;4;UTI - NEONATAL I;15
HRJP;2025;4;UTI - NEONATAL II;11
HRJP;2025;4;UTI - PEDIÁTRICO;18
HRJP;2025;5;ALOJAMENTO CONJUNTO /UNIDADE DE INTERNAÇÃO;178
HRJP;2025;5;PRÉ-PARTO;1
HRJP;2025;5;UNIDADE DE INTERNAÇÃO - CLÍNICA DIP ALA C;16
HRJP;2025;5;UNIDADE INTERNAÇÃO - CLÍNICA CIRÚRGICA ALA A;20
HRJP;2025;5;UNIDADE INTERNAÇÃO - CLÍNICA CIRÚRGICA ALA B;12
HRJP;2025;5;UNIDADE INTERNAÇÃO - CLÍNICA CIRÚRGICA ALA C;11
HRJP;2025;5;UNIDADE INTERNAÇÃO - CLÍNICA MÉDICA ALA A;62
HRJP;2025;5;UNIDADE INTERNAÇÃO - CLÍNICA MÉDICA ALA B;32
HRJP;2025;5;UNIDADE INTERNAÇÃO - CLÍNICA MÉDICA ALA C;25
HRJP;2025;5;UNIDADE INTERNAÇÃO - CLÍNICA PEDIÁTRICA;59
HRJP;2025;5;UNIDADE INTERNAÇÃO - CLÍNICA PSIQUIÁTRICA ALA A;10
HRJP;2025;5;UNIDADE INTERNAÇÃO - CLÍNICA PSIQUIÁTRICA ALA C;2
HRJP;2025;5;UNIDADE INTERNAÇÃO - CLÍNICA TISIOLÓGICA ALA B;4
HRJP;2025;5;UNIDADE INTERNAÇÃO - CLÍNICA TISIOLÓGICA ALA C;12
HRJP;2025;5;UTI - ADULTO;18
HRJP;2025;5;UTI - NEONATAL I;11
HRJP;2025;5;UTI - NEONATAL II;15
HRJP;2025;5;UTI - PEDIÁTRICO;24
HRJP;2025;6;ALOJAMENTO CONJUNTO /UNIDADE DE INTERNAÇÃO;158
HRJP;2025;6;UNIDADE DE INTERNAÇÃO - CLÍNICA DIP ALA C;13
HRJP;2025;6;UNIDADE INTERNAÇÃO - CLÍNICA CIRÚRGICA ALA A;12
HRJP;2025;6;UNIDADE INTERNAÇÃO - CLÍNICA CIRÚRGICA ALA B;13
HRJP;2025;6;UNIDADE INTERNAÇÃO - CLÍNICA CIRÚRGICA ALA C;32
HRJP;2025;6;UNIDADE INTERNAÇÃO - CLÍNICA MÉDICA ALA A;56
HRJP;2025;6;UNIDADE INTERNAÇÃO - CLÍNICA MÉDICA ALA B;25
HRJP;2025;6;UNIDADE INTERNAÇÃO - CLÍNICA MÉDICA ALA C;19
HRJP;2025;6;UNIDADE INTERNAÇÃO - CLÍNICA PEDIÁTRICA;37
HRJP;2025;6;UNIDADE INTERNAÇÃO - CLÍNICA PSIQUIÁTRICA ALA A;8
HRJP;2025;6;UNIDADE INTERNAÇÃO - CLÍNICA PSIQUIÁTRICA ALA C;2
HRJP;2025;6;UNIDADE INTERNAÇÃO - CLÍNICA TISIOLÓGICA ALA B;2
HRJP;2025;6;UNIDADE INTERNAÇÃO - CLÍNICA TISIOLÓGICA ALA C;4
HRJP;2025;6;UTI - ADULTO;20
HRJP;2025;6;UTI - NEONATAL I;9
HRJP;2025;6;UTI - NEONATAL II;13
HRJP;2025;6;UTI - PEDIÁTRICO;24
HRJP;2025;7;ALOJAMENTO CONJUNTO /UNIDADE DE INTERNAÇÃO;162
HRJP;2025;7;UNIDADE DE INTERNAÇÃO - CLÍNICA DIP ALA C;15
HRJP;2025;7;UNIDADE INTERNAÇÃO - CLÍNICA CIRÚRGICA ALA A;11
HRJP;2025;7;UNIDADE INTERNAÇÃO - CLÍNICA CIRÚRGICA ALA B;1
HRJP;2025;7;UNIDADE INTERNAÇÃO - CLÍNICA CIRÚRGICA ALA C;25
HRJP;2025;7;UNIDADE INTERNAÇÃO - CLÍNICA MÉDICA ALA A;57
HRJP;2025;7;UNIDADE INTERNAÇÃO - CLÍNICA MÉDICA ALA B;12
HRJP;2025;7;UNIDADE INTERNAÇÃO - CLÍNICA MÉDICA ALA C;20
HRJP;2025;7;UNIDADE INTERNAÇÃO - CLÍNICA PEDIÁTRICA;39
HRJP;2025;7;UNIDADE INTERNAÇÃO - CLÍNICA PSIQUIÁTRICA ALA A;3
HRJP;2025;7;UNIDADE INTERNAÇÃO - CLÍNICA PSIQUIÁTRICA ALA C;4
HRJP;2025;7;UNIDADE INTERNAÇÃO - CLÍNICA TISIOLÓGICA ALA B;4
HRJP;2025;7;UNIDADE INTERNAÇÃO - CLÍNICA TISIOLÓGICA ALA C;3
HRJP;2025;7;UTI - ADULTO;15
HRJP;2025;7;UTI - NEONATAL I;11
HRJP;2025;7;UTI - NEONATAL II;9
HRJP;2025;7;UTI - PEDIÁTRICO;15
HRJP;2025;8;ALOJAMENTO CONJUNTO /UNIDADE DE INTERNAÇÃO;176
HRJP;2025;8;UNIDADE DE INTERNAÇÃO - CLÍNICA DIP ALA C;14
HRJP;2025;8;UNIDADE INTERNAÇÃO - CLÍNICA CIRÚRGICA ALA A;27
HRJP;2025;8;UNIDADE INTERNAÇÃO - CLÍNICA CIRÚRGICA ALA B;3
HRJP;2025;8;UNIDADE INTERNAÇÃO - CLÍNICA CIRÚRGICA ALA C;31
HRJP;2025;8;UNIDADE INTERNAÇÃO - CLÍNICA MÉDICA ALA A;49
HRJP;2025;8;UNIDADE INTERNAÇÃO - CLÍNICA MÉDICA ALA B;18
HRJP;2025;8;UNIDADE INTERNAÇÃO - CLÍNICA MÉDICA ALA C;29
HRJP;2025;8;UNIDADE INTERNAÇÃO - CLÍNICA PEDIÁTRICA;46
HRJP;2025;8;UNIDADE INTERNAÇÃO - CLÍNICA PSIQUIÁTRICA ALA A;2
HRJP;2025;8;UNIDADE INTERNAÇÃO - CLÍNICA PSIQUIÁTRICA ALA C;1
HRJP;2025;8;UNIDADE INTERNAÇÃO - CLÍNICA TISIOLÓGICA ALA B;2
HRJP;2025;8;UNIDADE INTERNAÇÃO - CLÍNICA TISIOLÓGICA ALA C;8
HRJP;2025;8;UTI - ADULTO;16
HRJP;2025;8;UTI - NEONATAL I;12
HRJP;2025;8;UTI - NEONATAL II;11
HRJP;2025;8;UTI - PEDIÁTRICO;9
HRJP;2025;9;ALOJAMENTO CONJUNTO /UNIDADE DE INTERNAÇÃO;154
HRJP;2025;9;PRÉ-PARTO;1
HRJP;2025;9;UNIDADE DE INTERNAÇÃO - CLÍNICA DIP ALA C;19
HRJP;2025;9;UNIDADE INTERNAÇÃO - CLÍNICA CIRÚRGICA ALA A;18
HRJP;2025;9;UNIDADE INTERNAÇÃO - CLÍNICA CIRÚRGICA ALA B;9
HRJP;2025;9;UNIDADE INTERNAÇÃO - CLÍNICA CIRÚRGICA ALA C;27
HRJP;2025;9;UNIDADE INTERNAÇÃO - CLÍNICA MÉDICA ALA A;45
HRJP;2025;9;UNIDADE INTERNAÇÃO - CLÍNICA MÉDICA ALA B;38
HRJP;2025;9;UNIDADE INTERNAÇÃO - CLÍNICA MÉDICA ALA C;22
HRJP;2025;9;UNIDADE INTERNAÇÃO - CLÍNICA PEDIÁTRICA;40
HRJP;2025;9;UNIDADE INTERNAÇÃO - CLÍNICA PSIQUIÁTRICA ALA A;6
HRJP;2025;9;UNIDADE INTERNAÇÃO - CLÍNICA PSIQUIÁTRICA ALA C;3
HRJP;2025;9;UNIDADE INTERNAÇÃO - CLÍNICA TISIOLÓGICA ALA B;5
HRJP;2025;9;UNIDADE INTERNAÇÃO - CLÍNICA TISIOLÓGICA ALA C;5
HRJP;2025;9;UTI - ADULTO;21
HRJP;2025;9;UTI - NEONATAL I;5
HRJP;2025;9;UTI - NEONATAL II;7
HRJP;2025;9;UTI - PEDIÁTRICO;15
HRJP;2025;10;ALOJAMENTO CONJUNTO /UNIDADE DE INTERNAÇÃO;180
HRJP;2025;10;UNIDADE DE INTERNAÇÃO - CLÍNICA DIP ALA C;11
HRJP;2025;10;UNIDADE INTERNAÇÃO - CLÍNICA CIRÚRGICA ALA A;15
HRJP;2025;10;UNIDADE INTERNAÇÃO - CLÍNICA CIRÚRGICA ALA B;8
HRJP;2025;10;UNIDADE INTERNAÇÃO - CLÍNICA CIRÚRGICA ALA C;29
HRJP;2025;10;UNIDADE INTERNAÇÃO - CLÍNICA MÉDICA ALA A;42
HRJP;2025;10;UNIDADE INTERNAÇÃO - CLÍNICA MÉDICA ALA B;36
HRJP;2025;10;UNIDADE INTERNAÇÃO - CLÍNICA MÉDICA ALA C;25
HRJP;2025;10;UNIDADE INTERNAÇÃO - CLÍNICA PEDIÁTRICA;43
HRJP;2025;10;UNIDADE INTERNAÇÃO - CLÍNICA PSIQUIÁTRICA ALA A;6
HRJP;2025;10;UNIDADE INTERNAÇÃO - CLÍNICA PSIQUIÁTRICA ALA C;5
HRJP;2025;10;UNIDADE INTERNAÇÃO - CLÍNICA TISIOLÓGICA ALA B;7
HRJP;2025;10;UNIDADE INTERNAÇÃO - CLÍNICA TISIOLÓGICA ALA C;5
HRJP;2025;10;UTI - ADULTO;32
HRJP;2025;10;UTI - NEONATAL I;9
HRJP;2025;10;UTI - NEONATAL II;3
HRJP;2025;10;UTI - PEDIÁTRICO;14
HRJP;2025;11;ALOJAMENTO CONJUNTO /UNIDADE DE INTERNAÇÃO;166
HRJP;2025;11;UNIDADE DE INTERNAÇÃO - CLÍNICA DIP ALA C;21
HRJP;2025;11;UNIDADE INTERNAÇÃO - CLÍNICA CIRÚRGICA ALA A;14
HRJP;2025;11;UNIDADE INTERNAÇÃO - CLÍNICA CIRÚRGICA ALA B;3
HRJP;2025;11;UNIDADE INTERNAÇÃO - CLÍNICA CIRÚRGICA ALA C;9
HRJP;2025;11;UNIDADE INTERNAÇÃO - CLÍNICA MÉDICA ALA A;66
HRJP;2025;11;UNIDADE INTERNAÇÃO - CLÍNICA MÉDICA ALA B;12
HRJP;2025;11;UNIDADE INTERNAÇÃO - CLÍNICA MÉDICA ALA C;19
HRJP;2025;11;UNIDADE INTERNAÇÃO - CLÍNICA PEDIÁTRICA;38
HRJP;2025;11;UNIDADE INTERNAÇÃO - CLÍNICA PSIQUIÁTRICA ALA A;5
HRJP;2025;11;UNIDADE INTERNAÇÃO - CLÍNICA PSIQUIÁTRICA ALA C;13
HRJP;2025;11;UNIDADE INTERNAÇÃO - CLÍNICA TISIOLÓGICA ALA C;8
HRJP;2025;11;UTI - ADULTO;21
HRJP;2025;11;UTI - NEONATAL I;11
HRJP;2025;11;UTI - PEDIÁTRICO;13
HRJP;2025;12;ALOJAMENTO CONJUNTO /UNIDADE DE INTERNAÇÃO;160
HRJP;2025;12;PRÉ-PARTO;1
HRJP;2025;12;UNIDADE DE INTERNAÇÃO - CLÍNICA DIP ALA C;19
HRJP;2025;12;UNIDADE INTERNAÇÃO - CLÍNICA CIRÚRGICA ALA A;10
HRJP;2025;12;UNIDADE INTERNAÇÃO - CLÍNICA CIRÚRGICA ALA B;14
HRJP;2025;12;UNIDADE INTERNAÇÃO - CLÍNICA CIRÚRGICA ALA C;11
HRJP;2025;12;UNIDADE INTERNAÇÃO - CLÍNICA MÉDICA ALA A;23
HRJP;2025;12;UNIDADE INTERNAÇÃO - CLÍNICA MÉDICA ALA B;48
HRJP;2025;12;UNIDADE INTERNAÇÃO - CLÍNICA MÉDICA ALA C;14
HRJP;2025;12;UNIDADE INTERNAÇÃO - CLÍNICA PEDIÁTRICA;17
HRJP;2025;12;UNIDADE INTERNAÇÃO - CLÍNICA PSIQUIÁTRICA ALA A;1
HRJP;2025;12;UNIDADE INTERNAÇÃO - CLÍNICA PSIQUIÁTRICA ALA C;3
HRJP;2025;12;UNIDADE INTERNAÇÃO - CLÍNICA TISIOLÓGICA ALA B;5
HRJP;2025;12;UNIDADE INTERNAÇÃO - CLÍNICA TISIOLÓGICA ALA C;2
HRJP;2025;12;UTI - ADULTO;24
HRJP;2025;12;UTI - NEONATAL I;11
HRJP;2025;12;UTI - PEDIÁTRICO;22
HRJP;2026;1;ALOJAMENTO CONJUNTO /UNIDADE DE INTERNAÇÃO;196
HRJP;2026;1;UNIDADE INTERNAÇÃO - CLÍNICA CIRÚRGICA ALA A;20
HRJP;2026;1;UNIDADE INTERNAÇÃO - CLÍNICA CIRÚRGICA ALA B;8
HRJP;2026;1;UNIDADE INTERNAÇÃO - CLÍNICA CIRÚRGICA ALA C;1
HRJP;2026;1;UNIDADE INTERNAÇÃO - CLÍNICA MÉDICA ALA A;37
HRJP;2026;1;UNIDADE INTERNAÇÃO - CLÍNICA MÉDICA ALA B;47
HRJP;2026;1;UNIDADE INTERNAÇÃO - CLÍNICA PEDIÁTRICA;25
HRJP;2026;1;UNIDADE INTERNAÇÃO - CLÍNICA TISIOLÓGICA ALA B;3
HRJP;2026;1;UTI - ADULTO;31
HRJP;2026;1;UTI - NEONATAL I;16
HRJP;2026;1;UTI - PEDIÁTRICO;12
HRJP;2026;2;ALOJAMENTO CONJUNTO /UNIDADE DE INTERNAÇÃO;175
HRJP;2026;2;UNIDADE INTERNAÇÃO - CLÍNICA CIRÚRGICA ALA A;19
HRJP;2026;2;UNIDADE INTERNAÇÃO - CLÍNICA CIRÚRGICA ALA B;8
HRJP;2026;2;UNIDADE INTERNAÇÃO - CLÍNICA CIRÚRGICA ALA C;2
HRJP;2026;2;UNIDADE INTERNAÇÃO - CLÍNICA MÉDICA ALA A;62
HRJP;2026;2;UNIDADE INTERNAÇÃO - CLÍNICA MÉDICA ALA B;68
HRJP;2026;2;UNIDADE INTERNAÇÃO - CLÍNICA MÉDICA ALA C;1
HRJP;2026;2;UNIDADE INTERNAÇÃO - CLÍNICA PEDIÁTRICA;22
HRJP;2026;2;UNIDADE INTERNAÇÃO - CLÍNICA PSIQUIÁTRICA ALA A;1
HRJP;2026;2;UNIDADE INTERNAÇÃO - CLÍNICA TISIOLÓGICA ALA B;2
HRJP;2026;2;UTI - ADULTO;35
HRJP;2026;2;UTI - NEONATAL I;4
HRJP;2026;2;UTI - NEONATAL II;1
HRJP;2026;2;UTI - PEDIÁTRICO;9
HRJP;2026;3;ALOJAMENTO CONJUNTO /UNIDADE DE INTERNAÇÃO;172
HRJP;2026;3;PRÉ-PARTO;12
HRJP;2026;3;UNIDADE INTERNAÇÃO - CLÍNICA CIRÚRGICA ALA A;24
HRJP;2026;3;UNIDADE INTERNAÇÃO - CLÍNICA CIRÚRGICA ALA B;36
HRJP;2026;3;UNIDADE INTERNAÇÃO - CLÍNICA MÉDICA ALA A;92
HRJP;2026;3;UNIDADE INTERNAÇÃO - CLÍNICA MÉDICA ALA B;80
HRJP;2026;3;UNIDADE INTERNAÇÃO - CLÍNICA MÉDICA ALA C;15
HRJP;2026;3;UNIDADE INTERNAÇÃO - CLÍNICA PEDIÁTRICA;32
HRJP;2026;3;UNIDADE INTERNAÇÃO - CLÍNICA PSIQUIÁTRICA ALA A;5
HRJP;2026;3;UNIDADE INTERNAÇÃO - CLÍNICA PSIQUIÁTRICA ALA C;1
HRJP;2026;3;UNIDADE INTERNAÇÃO - CLÍNICA TISIOLÓGICA ALA B;1
HRJP;2026;3;UTI - ADULTO;38
HRJP;2026;3;UTI - NEONATAL I;10
HRJP;2026;3;UTI - PEDIÁTRICO;17
HRJP;2026;4;ALOJAMENTO CONJUNTO /UNIDADE DE INTERNAÇÃO;137
HRJP;2026;4;PRÉ-PARTO;63
HRJP;2026;4;UNIDADE INTERNAÇÃO - CLÍNICA CIRÚRGICA ALA A;34
HRJP;2026;4;UNIDADE INTERNAÇÃO - CLÍNICA CIRÚRGICA ALA B;26
HRJP;2026;4;UNIDADE INTERNAÇÃO - CLÍNICA MÉDICA ALA A;97
HRJP;2026;4;UNIDADE INTERNAÇÃO - CLÍNICA MÉDICA ALA B;72
HRJP;2026;4;UNIDADE INTERNAÇÃO - CLÍNICA MÉDICA ALA C;5
HRJP;2026;4;UNIDADE INTERNAÇÃO - CLÍNICA PEDIÁTRICA;24
HRJP;2026;4;UNIDADE INTERNAÇÃO - CLÍNICA PSIQUIÁTRICA ALA A;2
HRJP;2026;4;UNIDADE INTERNAÇÃO - CLÍNICA TISIOLÓGICA ALA B;1
HRJP;2026;4;UTI - ADULTO;43
HRJP;2026;4;UTI - NEONATAL I;9
HRJP;2026;4;UTI - PEDIÁTRICO;15
HRJP;2026;5;ALOJAMENTO CONJUNTO /UNIDADE DE INTERNAÇÃO;96
HRJP;2026;5;PRÉ-PARTO;79
HRJP;2026;5;UNIDADE DE INTERNAÇÃO - CLÍNICA DIP ALA C;9
HRJP;2026;5;UNIDADE INTERNAÇÃO - CLÍNICA CIRÚRGICA ALA A;21
HRJP;2026;5;UNIDADE INTERNAÇÃO - CLÍNICA CIRÚRGICA ALA B;21
HRJP;2026;5;UNIDADE INTERNAÇÃO - CLÍNICA CIRÚRGICA ALA C;17
HRJP;2026;5;UNIDADE INTERNAÇÃO - CLÍNICA MÉDICA ALA A;47
HRJP;2026;5;UNIDADE INTERNAÇÃO - CLÍNICA MÉDICA ALA B;78
HRJP;2026;5;UNIDADE INTERNAÇÃO - CLÍNICA MÉDICA ALA C;16
HRJP;2026;5;UNIDADE INTERNAÇÃO - CLÍNICA PEDIÁTRICA;23
HRJP;2026;5;UNIDADE INTERNAÇÃO - CLÍNICA PSIQUIÁTRICA ALA C;4
HRJP;2026;5;UNIDADE INTERNAÇÃO - CLÍNICA TISIOLÓGICA ALA B;1
HRJP;2026;5;UNIDADE INTERNAÇÃO - CLÍNICA TISIOLÓGICA ALA C;3
HRJP;2026;5;UTI - ADULTO;37
HRJP;2026;5;UTI - NEONATAL I;7
HRJP;2026;5;UTI - PEDIÁTRICO;16
HRJP;2026;6;ALOJAMENTO CONJUNTO /UNIDADE DE INTERNAÇÃO;88
HRJP;2026;6;PRÉ-PARTO;81
HRJP;2026;6;UNIDADE DE INTERNAÇÃO - CLÍNICA DIP ALA C;25
HRJP;2026;6;UNIDADE INTERNAÇÃO - CLÍNICA CIRÚRGICA ALA A;1
HRJP;2026;6;UNIDADE INTERNAÇÃO - CLÍNICA CIRÚRGICA ALA B;22
HRJP;2026;6;UNIDADE INTERNAÇÃO - CLÍNICA CIRÚRGICA ALA C;33
HRJP;2026;6;UNIDADE INTERNAÇÃO - CLÍNICA MÉDICA ALA A;1
HRJP;2026;6;UNIDADE INTERNAÇÃO - CLÍNICA MÉDICA ALA B;81
HRJP;2026;6;UNIDADE INTERNAÇÃO - CLÍNICA MÉDICA ALA C;38
HRJP;2026;6;UNIDADE INTERNAÇÃO - CLÍNICA PEDIÁTRICA;40
HRJP;2026;6;UNIDADE INTERNAÇÃO - CLÍNICA PSIQUIÁTRICA ALA C;1
HRJP;2026;6;UNIDADE INTERNAÇÃO - CLÍNICA TISIOLÓGICA ALA B;2
HRJP;2026;6;UNIDADE INTERNAÇÃO - CLÍNICA TISIOLÓGICA ALA C;8
HRJP;2026;6;UTI - ADULTO;30
HRJP;2026;6;UTI - NEONATAL I;13
HRJP;2026;6;UTI - PEDIÁTRICO;22
HRJP;2026;7;ALOJAMENTO CONJUNTO /UNIDADE DE INTERNAÇÃO;80
HRJP;2026;7;PRÉ-PARTO;95
HRJP;2026;7;UNIDADE DE INTERNAÇÃO - CLÍNICA DIP ALA C;18
HRJP;2026;7;UNIDADE INTERNAÇÃO - CLÍNICA CIRÚRGICA ALA A;6
HRJP;2026;7;UNIDADE INTERNAÇÃO - CLÍNICA CIRÚRGICA ALA B;21
HRJP;2026;7;UNIDADE INTERNAÇÃO - CLÍNICA CIRÚRGICA ALA C;26
HRJP;2026;7;UNIDADE INTERNAÇÃO - CLÍNICA MÉDICA ALA B;70
HRJP;2026;7;UNIDADE INTERNAÇÃO - CLÍNICA MÉDICA ALA C;39
HRJP;2026;7;UNIDADE INTERNAÇÃO - CLÍNICA PEDIÁTRICA;39
HRJP;2026;7;UNIDADE INTERNAÇÃO - CLÍNICA TISIOLÓGICA ALA B;3
HRJP;2026;7;UNIDADE INTERNAÇÃO - CLÍNICA TISIOLÓGICA ALA C;8
HRJP;2026;7;UTI - ADULTO;39
HRJP;2026;7;UTI - NEONATAL I;7
HRJP;2026;7;UTI - PEDIÁTRICO;16
IRS;2019;1;UNIDADE DE URGÊNCIA - CLINICA PSIQUIÁTRICA SALA DE OBSERVAÇAO;64
IRS;2019;2;UNIDADE DE URGÊNCIA - CLINICA PSIQUIÁTRICA SALA DE OBSERVAÇAO;61
IRS;2019;3;UNIDADE DE URGÊNCIA - CLINICA PSIQUIÁTRICA SALA DE OBSERVAÇAO;64
IRS;2019;3;UNIDADE INTERNAÇÃO - PSIQUIATRIA ALA A;3
IRS;2019;3;UNIDADE INTERNAÇÃO - PSIQUIATRIA ALA C;4
IRS;2019;3;UNIDADE INTERNAÇÃO - PSIQUIATRIA ALA E;1
IRS;2019;4;UNIDADE DE URGÊNCIA - CLINICA PSIQUIÁTRICA SALA DE OBSERVAÇAO;68
IRS;2019;4;UNIDADE INTERNAÇÃO - PSIQUIATRIA ALA A;6
IRS;2019;4;UNIDADE INTERNAÇÃO - PSIQUIATRIA ALA B;5
IRS;2019;4;UNIDADE INTERNAÇÃO - PSIQUIATRIA ALA C;6
IRS;2019;4;UNIDADE INTERNAÇÃO - PSIQUIATRIA ALA D;6
IRS;2019;4;UNIDADE INTERNAÇÃO - PSIQUIATRIA ALA E;6
IRS;2019;5;UNIDADE DE URGÊNCIA - CLINICA PSIQUIÁTRICA SALA DE OBSERVAÇAO;66
IRS;2019;5;UNIDADE INTERNAÇÃO - PSIQUIATRIA ALA A;6
IRS;2019;5;UNIDADE INTERNAÇÃO - PSIQUIATRIA ALA B;7
IRS;2019;5;UNIDADE INTERNAÇÃO - PSIQUIATRIA ALA C;4
IRS;2019;5;UNIDADE INTERNAÇÃO - PSIQUIATRIA ALA D;4
IRS;2019;5;UNIDADE INTERNAÇÃO - PSIQUIATRIA ALA E;5
IRS;2019;6;UNIDADE DE URGÊNCIA - CLINICA PSIQUIÁTRICA SALA DE OBSERVAÇAO;58
IRS;2019;6;UNIDADE INTERNAÇÃO - PSIQUIATRIA ALA A;6
IRS;2019;6;UNIDADE INTERNAÇÃO - PSIQUIATRIA ALA B;10
IRS;2019;6;UNIDADE INTERNAÇÃO - PSIQUIATRIA ALA C;11
IRS;2019;6;UNIDADE INTERNAÇÃO - PSIQUIATRIA ALA D;3
IRS;2019;6;UNIDADE INTERNAÇÃO - PSIQUIATRIA ALA E;6
IRS;2019;7;UNIDADE DE URGÊNCIA - CLINICA PSIQUIÁTRICA SALA DE OBSERVAÇAO;69
IRS;2019;7;UNIDADE INTERNAÇÃO - PSIQUIATRIA ALA A;4
IRS;2019;7;UNIDADE INTERNAÇÃO - PSIQUIATRIA ALA B;10
IRS;2019;7;UNIDADE INTERNAÇÃO - PSIQUIATRIA ALA C;13
IRS;2019;7;UNIDADE INTERNAÇÃO - PSIQUIATRIA ALA D;4
IRS;2019;7;UNIDADE INTERNAÇÃO - PSIQUIATRIA ALA E;5
IRS;2019;8;UNIDADE DE URGÊNCIA - CLINICA PSIQUIÁTRICA SALA DE OBSERVAÇAO;62
IRS;2019;8;UNIDADE INTERNAÇÃO - PSIQUIATRIA ALA A;11
IRS;2019;8;UNIDADE INTERNAÇÃO - PSIQUIATRIA ALA B;7
IRS;2019;8;UNIDADE INTERNAÇÃO - PSIQUIATRIA ALA C;9
IRS;2019;8;UNIDADE INTERNAÇÃO - PSIQUIATRIA ALA D;6
IRS;2019;8;UNIDADE INTERNAÇÃO - PSIQUIATRIA ALA E;7
IRS;2019;9;UNIDADE DE URGÊNCIA - CLINICA PSIQUIÁTRICA SALA DE OBSERVAÇAO;59
IRS;2019;9;UNIDADE INTERNAÇÃO - PSIQUIATRIA ALA A;11
IRS;2019;9;UNIDADE INTERNAÇÃO - PSIQUIATRIA ALA B;5
IRS;2019;9;UNIDADE INTERNAÇÃO - PSIQUIATRIA ALA C;8
IRS;2019;9;UNIDADE INTERNAÇÃO - PSIQUIATRIA ALA D;3
IRS;2019;9;UNIDADE INTERNAÇÃO - PSIQUIATRIA ALA E;2
IRS;2019;10;UNIDADE DE URGÊNCIA - CLINICA PSIQUIÁTRICA SALA DE OBSERVAÇAO;57
IRS;2019;10;UNIDADE INTERNAÇÃO - PSIQUIATRIA ALA A;4
IRS;2019;10;UNIDADE INTERNAÇÃO - PSIQUIATRIA ALA B;5
IRS;2019;10;UNIDADE INTERNAÇÃO - PSIQUIATRIA ALA C;6
IRS;2019;10;UNIDADE INTERNAÇÃO - PSIQUIATRIA ALA D;4
IRS;2019;10;UNIDADE INTERNAÇÃO - PSIQUIATRIA ALA E;2
IRS;2019;11;UNIDADE DE URGÊNCIA - CLINICA PSIQUIÁTRICA SALA DE OBSERVAÇAO;59
IRS;2019;11;UNIDADE INTERNAÇÃO - PSIQUIATRIA ALA A;6
IRS;2019;11;UNIDADE INTERNAÇÃO - PSIQUIATRIA ALA B;7
IRS;2019;11;UNIDADE INTERNAÇÃO - PSIQUIATRIA ALA C;6
IRS;2019;11;UNIDADE INTERNAÇÃO - PSIQUIATRIA ALA D;3
IRS;2019;12;UNIDADE DE URGÊNCIA - CLINICA PSIQUIÁTRICA SALA DE OBSERVAÇAO;74
IRS;2019;12;UNIDADE INTERNAÇÃO - PSIQUIATRIA ALA A;5
IRS;2019;12;UNIDADE INTERNAÇÃO - PSIQUIATRIA ALA B;2
IRS;2019;12;UNIDADE INTERNAÇÃO - PSIQUIATRIA ALA C;6
IRS;2019;12;UNIDADE INTERNAÇÃO - PSIQUIATRIA ALA D;4
IRS;2020;1;UNIDADE DE URGÊNCIA - CLINICA PSIQUIÁTRICA SALA DE OBSERVAÇAO;69
IRS;2020;1;UNIDADE INTERNAÇÃO - PSIQUIATRIA ALA A;1
IRS;2020;1;UNIDADE INTERNAÇÃO - PSIQUIATRIA ALA B;3
IRS;2020;1;UNIDADE INTERNAÇÃO - PSIQUIATRIA ALA C;5
IRS;2020;1;UNIDADE INTERNAÇÃO - PSIQUIATRIA ALA D;3
IRS;2020;1;UNIDADE INTERNAÇÃO - PSIQUIATRIA ALA E;1
IRS;2020;2;UNIDADE DE URGÊNCIA - CLINICA PSIQUIÁTRICA SALA DE OBSERVAÇAO;70
IRS;2020;2;UNIDADE INTERNAÇÃO - PSIQUIATRIA ALA A;4
IRS;2020;2;UNIDADE INTERNAÇÃO - PSIQUIATRIA ALA B;5
IRS;2020;2;UNIDADE INTERNAÇÃO - PSIQUIATRIA ALA C;5
IRS;2020;2;UNIDADE INTERNAÇÃO - PSIQUIATRIA ALA D;4
IRS;2020;2;UNIDADE INTERNAÇÃO - PSIQUIATRIA ALA E;1
IRS;2020;3;UNIDADE DE URGÊNCIA - CLINICA PSIQUIÁTRICA SALA DE OBSERVAÇAO;55
IRS;2020;3;UNIDADE INTERNAÇÃO - PSIQUIATRIA ALA A;11
IRS;2020;3;UNIDADE INTERNAÇÃO - PSIQUIATRIA ALA B;8
IRS;2020;3;UNIDADE INTERNAÇÃO - PSIQUIATRIA ALA C;8
IRS;2020;3;UNIDADE INTERNAÇÃO - PSIQUIATRIA ALA D;10
IRS;2020;3;UNIDADE INTERNAÇÃO - PSIQUIATRIA ALA E;11
IRS;2020;4;UNIDADE DE URGÊNCIA - CLINICA PSIQUIÁTRICA SALA DE OBSERVAÇAO;63
IRS;2020;4;UNIDADE INTERNAÇÃO - PSIQUIATRIA ALA A;4
IRS;2020;4;UNIDADE INTERNAÇÃO - PSIQUIATRIA ALA B;1
IRS;2020;4;UNIDADE INTERNAÇÃO - PSIQUIATRIA ALA C;4
IRS;2020;4;UNIDADE INTERNAÇÃO - PSIQUIATRIA ALA D;2
IRS;2020;5;UNIDADE DE URGÊNCIA - CLINICA PSIQUIÁTRICA SALA DE OBSERVAÇAO;59
IRS;2020;5;UNIDADE INTERNAÇÃO - PSIQUIATRIA ALA A;5
IRS;2020;5;UNIDADE INTERNAÇÃO - PSIQUIATRIA ALA B;5
IRS;2020;5;UNIDADE INTERNAÇÃO - PSIQUIATRIA ALA C;7
IRS;2020;5;UNIDADE INTERNAÇÃO - PSIQUIATRIA ALA D;3
IRS;2020;5;UNIDADE INTERNAÇÃO - PSIQUIATRIA ALA E;4
IRS;2020;6;UNIDADE DE URGÊNCIA - CLINICA PSIQUIÁTRICA SALA DE OBSERVAÇAO;60
IRS;2020;6;UNIDADE INTERNAÇÃO - PSIQUIATRIA ALA A;10
IRS;2020;6;UNIDADE INTERNAÇÃO - PSIQUIATRIA ALA B;6
IRS;2020;6;UNIDADE INTERNAÇÃO - PSIQUIATRIA ALA C;7
IRS;2020;6;UNIDADE INTERNAÇÃO - PSIQUIATRIA ALA D;1
IRS;2020;6;UNIDADE INTERNAÇÃO - PSIQUIATRIA ALA E;4
IRS;2020;7;UNIDADE DE URGÊNCIA - CLINICA PSIQUIÁTRICA SALA DE OBSERVAÇAO;84
IRS;2020;7;UNIDADE INTERNAÇÃO - PSIQUIATRIA ALA A;7
IRS;2020;7;UNIDADE INTERNAÇÃO - PSIQUIATRIA ALA B;9
IRS;2020;7;UNIDADE INTERNAÇÃO - PSIQUIATRIA ALA C;8
IRS;2020;7;UNIDADE INTERNAÇÃO - PSIQUIATRIA ALA E;6
IRS;2020;7;UNIDADE INTERNAÇÃO - PSIQUIATRIA ALA F;5
IRS;2020;7;UNIDADE INTERNAÇÃO - PSIQUIATRIA UNIDADE DE TRATAMENTO CLÍNICO;2
IRS;2020;8;UNIDADE DE URGÊNCIA - CLINICA PSIQUIÁTRICA SALA DE OBSERVAÇAO;79
IRS;2020;8;UNIDADE INTERNAÇÃO - PSIQUIATRIA ALA A;5
IRS;2020;8;UNIDADE INTERNAÇÃO - PSIQUIATRIA ALA B;3
IRS;2020;8;UNIDADE INTERNAÇÃO - PSIQUIATRIA ALA C;12
IRS;2020;8;UNIDADE INTERNAÇÃO - PSIQUIATRIA ALA D;2
IRS;2020;8;UNIDADE INTERNAÇÃO - PSIQUIATRIA ALA E;7
IRS;2020;8;UNIDADE INTERNAÇÃO - PSIQUIATRIA ALA F;1
IRS;2020;9;UNIDADE DE URGÊNCIA - CLINICA PSIQUIÁTRICA SALA DE OBSERVAÇAO;88
IRS;2020;9;UNIDADE INTERNAÇÃO - PSIQUIATRIA ALA A;4
IRS;2020;9;UNIDADE INTERNAÇÃO - PSIQUIATRIA ALA B;2
IRS;2020;9;UNIDADE INTERNAÇÃO - PSIQUIATRIA ALA C;14
IRS;2020;9;UNIDADE INTERNAÇÃO - PSIQUIATRIA ALA D;1
IRS;2020;9;UNIDADE INTERNAÇÃO - PSIQUIATRIA ALA E;8
IRS;2020;9;UNIDADE INTERNAÇÃO - PSIQUIATRIA UNIDADE DE TRATAMENTO CLÍNICO;3
IRS;2020;10;UNIDADE DE URGÊNCIA - CLINICA PSIQUIÁTRICA SALA DE OBSERVAÇAO;91
IRS;2020;10;UNIDADE INTERNAÇÃO - PSIQUIATRIA ALA A;14
IRS;2020;10;UNIDADE INTERNAÇÃO - PSIQUIATRIA ALA B;10
IRS;2020;10;UNIDADE INTERNAÇÃO - PSIQUIATRIA ALA C;8
IRS;2020;10;UNIDADE INTERNAÇÃO - PSIQUIATRIA ALA E;5
IRS;2020;10;UNIDADE INTERNAÇÃO - PSIQUIATRIA UNIDADE DE TRATAMENTO CLÍNICO;1
IRS;2020;11;UNIDADE DE URGÊNCIA - CLINICA PSIQUIÁTRICA SALA DE OBSERVAÇAO;74
IRS;2020;11;UNIDADE INTERNAÇÃO - PSIQUIATRIA ALA A;7
IRS;2020;11;UNIDADE INTERNAÇÃO - PSIQUIATRIA ALA B;6
IRS;2020;11;UNIDADE INTERNAÇÃO - PSIQUIATRIA ALA C;14
IRS;2020;11;UNIDADE INTERNAÇÃO - PSIQUIATRIA ALA E;11
IRS;2020;11;UNIDADE INTERNAÇÃO - PSIQUIATRIA UNIDADE DE TRATAMENTO CLÍNICO;1
IRS;2020;12;UNIDADE DE URGÊNCIA - CLINICA PSIQUIÁTRICA SALA DE OBSERVAÇAO;81
IRS;2020;12;UNIDADE INTERNAÇÃO - PSIQUIATRIA ALA A;8
IRS;2020;12;UNIDADE INTERNAÇÃO - PSIQUIATRIA ALA B;3
IRS;2020;12;UNIDADE INTERNAÇÃO - PSIQUIATRIA ALA C;13
IRS;2020;12;UNIDADE INTERNAÇÃO - PSIQUIATRIA ALA E;6
IRS;2020;12;UNIDADE INTERNAÇÃO - PSIQUIATRIA UNIDADE DE TRATAMENTO CLÍNICO;1
IRS;2021;1;UNIDADE DE URGÊNCIA - CLINICA PSIQUIÁTRICA SALA DE OBSERVAÇAO;75
IRS;2021;1;UNIDADE INTERNAÇÃO - PSIQUIATRIA ALA A;6
IRS;2021;1;UNIDADE INTERNAÇÃO - PSIQUIATRIA ALA B;6
IRS;2021;1;UNIDADE INTERNAÇÃO - PSIQUIATRIA ALA C;7
IRS;2021;1;UNIDADE INTERNAÇÃO - PSIQUIATRIA ALA E;4
IRS;2021;1;UNIDADE INTERNAÇÃO - PSIQUIATRIA UNIDADE DE TRATAMENTO CLÍNICO;4
IRS;2021;2;UNIDADE DE URGÊNCIA - CLINICA PSIQUIÁTRICA SALA DE OBSERVAÇAO;86
IRS;2021;2;UNIDADE INTERNAÇÃO - PSIQUIATRIA ALA A;3
IRS;2021;2;UNIDADE INTERNAÇÃO - PSIQUIATRIA ALA B;1
IRS;2021;2;UNIDADE INTERNAÇÃO - PSIQUIATRIA ALA C;11
IRS;2021;2;UNIDADE INTERNAÇÃO - PSIQUIATRIA ALA D;1
IRS;2021;2;UNIDADE INTERNAÇÃO - PSIQUIATRIA ALA E;5
IRS;2021;3;UNIDADE DE URGÊNCIA - CLINICA PSIQUIÁTRICA SALA DE OBSERVAÇAO;94
IRS;2021;3;UNIDADE INTERNAÇÃO - PSIQUIATRIA ALA A;13
IRS;2021;3;UNIDADE INTERNAÇÃO - PSIQUIATRIA ALA B;6
IRS;2021;3;UNIDADE INTERNAÇÃO - PSIQUIATRIA ALA C;10
IRS;2021;3;UNIDADE INTERNAÇÃO - PSIQUIATRIA ALA D;1
IRS;2021;3;UNIDADE INTERNAÇÃO - PSIQUIATRIA ALA E;8
IRS;2021;3;UNIDADE INTERNAÇÃO - PSIQUIATRIA UNIDADE DE TRATAMENTO CLÍNICO;1
IRS;2021;4;UNIDADE DE URGÊNCIA - CLINICA PSIQUIÁTRICA SALA DE OBSERVAÇAO;73
IRS;2021;4;UNIDADE INTERNAÇÃO - PSIQUIATRIA ALA A;5
IRS;2021;4;UNIDADE INTERNAÇÃO - PSIQUIATRIA ALA B;6
IRS;2021;4;UNIDADE INTERNAÇÃO - PSIQUIATRIA ALA C;9
IRS;2021;4;UNIDADE INTERNAÇÃO - PSIQUIATRIA ALA D;2
IRS;2021;4;UNIDADE INTERNAÇÃO - PSIQUIATRIA ALA E;6
IRS;2021;5;UNIDADE DE URGÊNCIA - CLINICA PSIQUIÁTRICA SALA DE OBSERVAÇAO;71
IRS;2021;5;UNIDADE INTERNAÇÃO - PSIQUIATRIA ALA A;4
IRS;2021;5;UNIDADE INTERNAÇÃO - PSIQUIATRIA ALA B;8
IRS;2021;5;UNIDADE INTERNAÇÃO - PSIQUIATRIA ALA C;8
IRS;2021;5;UNIDADE INTERNAÇÃO - PSIQUIATRIA ALA E;5
IRS;2021;5;UNIDADE INTERNAÇÃO - PSIQUIATRIA UNIDADE DE TRATAMENTO CLÍNICO;1
IRS;2021;6;UNIDADE DE URGÊNCIA - CLINICA PSIQUIÁTRICA SALA DE OBSERVAÇAO;81
IRS;2021;6;UNIDADE INTERNAÇÃO - PSIQUIATRIA ALA A;5
IRS;2021;6;UNIDADE INTERNAÇÃO - PSIQUIATRIA ALA B;3
IRS;2021;6;UNIDADE INTERNAÇÃO - PSIQUIATRIA ALA C;6
IRS;2021;6;UNIDADE INTERNAÇÃO - PSIQUIATRIA ALA D;1
IRS;2021;6;UNIDADE INTERNAÇÃO - PSIQUIATRIA ALA E;4
IRS;2021;7;UNIDADE DE URGÊNCIA - CLINICA PSIQUIÁTRICA SALA DE OBSERVAÇAO;100
IRS;2021;7;UNIDADE INTERNAÇÃO - PSIQUIATRIA ALA A;11
IRS;2021;7;UNIDADE INTERNAÇÃO - PSIQUIATRIA ALA B;11
IRS;2021;7;UNIDADE INTERNAÇÃO - PSIQUIATRIA ALA C;9
IRS;2021;7;UNIDADE INTERNAÇÃO - PSIQUIATRIA ALA E;9
IRS;2021;8;UNIDADE DE URGÊNCIA - CLINICA PSIQUIÁTRICA SALA DE OBSERVAÇAO;76
IRS;2021;8;UNIDADE INTERNAÇÃO - PSIQUIATRIA ALA A;7
IRS;2021;8;UNIDADE INTERNAÇÃO - PSIQUIATRIA ALA B;9
IRS;2021;8;UNIDADE INTERNAÇÃO - PSIQUIATRIA ALA C;18
IRS;2021;8;UNIDADE INTERNAÇÃO - PSIQUIATRIA ALA D;2
IRS;2021;8;UNIDADE INTERNAÇÃO - PSIQUIATRIA ALA E;8
IRS;2021;8;UNIDADE INTERNAÇÃO - PSIQUIATRIA ALA F;1
IRS;2021;8;UNIDADE INTERNAÇÃO - PSIQUIATRIA UNIDADE DE TRATAMENTO CLÍNICO;2
IRS;2021;9;UNIDADE DE URGÊNCIA - CLINICA PSIQUIÁTRICA SALA DE OBSERVAÇAO;76
IRS;2021;9;UNIDADE INTERNAÇÃO - PSIQUIATRIA ALA A;9
IRS;2021;9;UNIDADE INTERNAÇÃO - PSIQUIATRIA ALA B;7
IRS;2021;9;UNIDADE INTERNAÇÃO - PSIQUIATRIA ALA C;10
IRS;2021;9;UNIDADE INTERNAÇÃO - PSIQUIATRIA ALA E;3
IRS;2021;9;UNIDADE INTERNAÇÃO - PSIQUIATRIA UNIDADE DE TRATAMENTO CLÍNICO;2
IRS;2021;10;UNIDADE DE URGÊNCIA - CLINICA PSIQUIÁTRICA SALA DE OBSERVAÇAO;74
IRS;2021;10;UNIDADE INTERNAÇÃO - PSIQUIATRIA ALA A;9
IRS;2021;10;UNIDADE INTERNAÇÃO - PSIQUIATRIA ALA B;13
IRS;2021;10;UNIDADE INTERNAÇÃO - PSIQUIATRIA ALA C;19
IRS;2021;10;UNIDADE INTERNAÇÃO - PSIQUIATRIA ALA E;5
IRS;2021;11;UNIDADE DE URGÊNCIA - CLINICA PSIQUIÁTRICA SALA DE OBSERVAÇAO;65
IRS;2021;11;UNIDADE INTERNAÇÃO - PSIQUIATRIA ALA A;10
IRS;2021;11;UNIDADE INTERNAÇÃO - PSIQUIATRIA ALA B;7
IRS;2021;11;UNIDADE INTERNAÇÃO - PSIQUIATRIA ALA C;13
IRS;2021;11;UNIDADE INTERNAÇÃO - PSIQUIATRIA ALA E;10
IRS;2021;11;UNIDADE INTERNAÇÃO - PSIQUIATRIA UNIDADE DE TRATAMENTO CLÍNICO;2
IRS;2021;12;UNIDADE DE URGÊNCIA - CLINICA PSIQUIÁTRICA SALA DE OBSERVAÇAO;78
IRS;2021;12;UNIDADE INTERNAÇÃO - PSIQUIATRIA ALA A;5
IRS;2021;12;UNIDADE INTERNAÇÃO - PSIQUIATRIA ALA B;9
IRS;2021;12;UNIDADE INTERNAÇÃO - PSIQUIATRIA ALA C;8
IRS;2021;12;UNIDADE INTERNAÇÃO - PSIQUIATRIA ALA E;10
IRS;2022;1;UNIDADE DE URGÊNCIA - CLINICA PSIQUIÁTRICA SALA DE OBSERVAÇAO;56
IRS;2022;1;UNIDADE INTERNAÇÃO - PSIQUIATRIA ALA A;3
IRS;2022;1;UNIDADE INTERNAÇÃO - PSIQUIATRIA ALA B;3
IRS;2022;1;UNIDADE INTERNAÇÃO - PSIQUIATRIA ALA C;1
IRS;2022;1;UNIDADE INTERNAÇÃO - PSIQUIATRIA ALA E;1
IRS;2022;1;UNIDADE INTERNAÇÃO - PSIQUIATRIA ALA F;3
IRS;2022;1;UNIDADE INTERNAÇÃO - PSIQUIATRIA UNIDADE DE TRATAMENTO CLÍNICO;1
IRS;2022;2;UNIDADE DE URGÊNCIA - CLINICA PSIQUIÁTRICA SALA DE OBSERVAÇAO;68
IRS;2022;2;UNIDADE INTERNAÇÃO - PSIQUIATRIA ALA A;2
IRS;2022;2;UNIDADE INTERNAÇÃO - PSIQUIATRIA ALA B;3
IRS;2022;2;UNIDADE INTERNAÇÃO - PSIQUIATRIA ALA C;3
IRS;2022;2;UNIDADE INTERNAÇÃO - PSIQUIATRIA ALA D;1
IRS;2022;2;UNIDADE INTERNAÇÃO - PSIQUIATRIA ALA E;4
IRS;2022;2;UNIDADE INTERNAÇÃO - PSIQUIATRIA ALA F;3
IRS;2022;2;UNIDADE INTERNAÇÃO - PSIQUIATRIA UNIDADE DE TRATAMENTO CLÍNICO;1
IRS;2022;3;UNIDADE DE URGÊNCIA - CLINICA PSIQUIÁTRICA SALA DE OBSERVAÇAO;86
IRS;2022;3;UNIDADE INTERNAÇÃO - PSIQUIATRIA ALA A;11
IRS;2022;3;UNIDADE INTERNAÇÃO - PSIQUIATRIA ALA B;7
IRS;2022;3;UNIDADE INTERNAÇÃO - PSIQUIATRIA ALA C;6
IRS;2022;3;UNIDADE INTERNAÇÃO - PSIQUIATRIA ALA E;4
IRS;2022;3;UNIDADE INTERNAÇÃO - PSIQUIATRIA UNIDADE DE TRATAMENTO CLÍNICO;1
IRS;2022;4;UNIDADE DE URGÊNCIA - CLINICA PSIQUIÁTRICA SALA DE OBSERVAÇAO;79
IRS;2022;4;UNIDADE INTERNAÇÃO - PSIQUIATRIA ALA A;7
IRS;2022;4;UNIDADE INTERNAÇÃO - PSIQUIATRIA ALA B;5
IRS;2022;4;UNIDADE INTERNAÇÃO - PSIQUIATRIA ALA C;6
IRS;2022;4;UNIDADE INTERNAÇÃO - PSIQUIATRIA ALA E;2
IRS;2022;5;UNIDADE DE URGÊNCIA - CLINICA PSIQUIÁTRICA SALA DE OBSERVAÇAO;80
IRS;2022;5;UNIDADE INTERNAÇÃO - PSIQUIATRIA ALA A;6
IRS;2022;5;UNIDADE INTERNAÇÃO - PSIQUIATRIA ALA B;4
IRS;2022;5;UNIDADE INTERNAÇÃO - PSIQUIATRIA ALA C;13
IRS;2022;5;UNIDADE INTERNAÇÃO - PSIQUIATRIA ALA E;6
IRS;2022;5;UNIDADE INTERNAÇÃO - PSIQUIATRIA ALA F;1
IRS;2022;6;UNIDADE DE URGÊNCIA - CLINICA PSIQUIÁTRICA SALA DE OBSERVAÇAO;58
IRS;2022;6;UNIDADE INTERNAÇÃO - PSIQUIATRIA ALA A;5
IRS;2022;6;UNIDADE INTERNAÇÃO - PSIQUIATRIA ALA B;5
IRS;2022;6;UNIDADE INTERNAÇÃO - PSIQUIATRIA ALA C;13
IRS;2022;6;UNIDADE INTERNAÇÃO - PSIQUIATRIA ALA E;2
IRS;2022;6;UNIDADE INTERNAÇÃO - PSIQUIATRIA ALA F;2
IRS;2022;7;UNIDADE DE URGÊNCIA - CLINICA PSIQUIÁTRICA SALA DE OBSERVAÇAO;58
IRS;2022;7;UNIDADE INTERNAÇÃO - PSIQUIATRIA ALA A;6
IRS;2022;7;UNIDADE INTERNAÇÃO - PSIQUIATRIA ALA B;7
IRS;2022;7;UNIDADE INTERNAÇÃO - PSIQUIATRIA ALA C;13
IRS;2022;7;UNIDADE INTERNAÇÃO - PSIQUIATRIA ALA D;3
IRS;2022;7;UNIDADE INTERNAÇÃO - PSIQUIATRIA ALA E;6
IRS;2022;7;UNIDADE INTERNAÇÃO - PSIQUIATRIA UNIDADE DE TRATAMENTO CLÍNICO;1
IRS;2022;8;UNIDADE DE URGÊNCIA - CLINICA PSIQUIÁTRICA SALA DE OBSERVAÇAO;58
IRS;2022;8;UNIDADE INTERNAÇÃO - PSIQUIATRIA ALA A;9
IRS;2022;8;UNIDADE INTERNAÇÃO - PSIQUIATRIA ALA B;7
IRS;2022;8;UNIDADE INTERNAÇÃO - PSIQUIATRIA ALA C;16
IRS;2022;8;UNIDADE INTERNAÇÃO - PSIQUIATRIA ALA E;5
IRS;2022;8;UNIDADE INTERNAÇÃO - PSIQUIATRIA ALA F;1
IRS;2022;9;UNIDADE DE URGÊNCIA - CLINICA PSIQUIÁTRICA SALA DE OBSERVAÇAO;63
IRS;2022;9;UNIDADE INTERNAÇÃO - PSIQUIATRIA ALA A;9
IRS;2022;9;UNIDADE INTERNAÇÃO - PSIQUIATRIA ALA B;10
IRS;2022;9;UNIDADE INTERNAÇÃO - PSIQUIATRIA ALA C;10
IRS;2022;9;UNIDADE INTERNAÇÃO - PSIQUIATRIA ALA E;5
IRS;2022;10;UNIDADE DE URGÊNCIA - CLINICA PSIQUIÁTRICA SALA DE OBSERVAÇAO;57
IRS;2022;10;UNIDADE INTERNAÇÃO - PSIQUIATRIA ALA A;15
IRS;2022;10;UNIDADE INTERNAÇÃO - PSIQUIATRIA ALA B;7
IRS;2022;10;UNIDADE INTERNAÇÃO - PSIQUIATRIA ALA C;10
IRS;2022;10;UNIDADE INTERNAÇÃO - PSIQUIATRIA ALA E;6
IRS;2022;10;UNIDADE INTERNAÇÃO - PSIQUIATRIA UNIDADE DE TRATAMENTO CLÍNICO;1
IRS;2022;11;UNIDADE DE URGÊNCIA - CLINICA PSIQUIÁTRICA SALA DE OBSERVAÇAO;62
IRS;2022;11;UNIDADE INTERNAÇÃO - PSIQUIATRIA ALA A;7
IRS;2022;11;UNIDADE INTERNAÇÃO - PSIQUIATRIA ALA B;6
IRS;2022;11;UNIDADE INTERNAÇÃO - PSIQUIATRIA ALA C;11
IRS;2022;11;UNIDADE INTERNAÇÃO - PSIQUIATRIA ALA D;1
IRS;2022;12;UNIDADE DE URGÊNCIA - CLINICA PSIQUIÁTRICA SALA DE OBSERVAÇAO;56
IRS;2022;12;UNIDADE INTERNAÇÃO - PSIQUIATRIA ALA A;1
IRS;2022;12;UNIDADE INTERNAÇÃO - PSIQUIATRIA ALA B;10
IRS;2022;12;UNIDADE INTERNAÇÃO - PSIQUIATRIA ALA C;7
IRS;2022;12;UNIDADE INTERNAÇÃO - PSIQUIATRIA ALA E;3
IRS;2023;1;UNIDADE DE URGÊNCIA - CLINICA PSIQUIÁTRICA SALA DE OBSERVAÇAO;77
IRS;2023;1;UNIDADE INTERNAÇÃO - PSIQUIATRIA ALA A;7
IRS;2023;1;UNIDADE INTERNAÇÃO - PSIQUIATRIA ALA B;6
IRS;2023;1;UNIDADE INTERNAÇÃO - PSIQUIATRIA ALA C;2
IRS;2023;1;UNIDADE INTERNAÇÃO - PSIQUIATRIA ALA E;6
IRS;2023;2;UNIDADE DE URGÊNCIA - CLINICA PSIQUIÁTRICA SALA DE OBSERVAÇAO;64
IRS;2023;2;UNIDADE INTERNAÇÃO - PSIQUIATRIA ALA A;7
IRS;2023;2;UNIDADE INTERNAÇÃO - PSIQUIATRIA ALA B;5
IRS;2023;2;UNIDADE INTERNAÇÃO - PSIQUIATRIA ALA C;2
IRS;2023;2;UNIDADE INTERNAÇÃO - PSIQUIATRIA ALA E;4
IRS;2023;3;UNIDADE DE URGÊNCIA - CLINICA PSIQUIÁTRICA SALA DE OBSERVAÇAO;59
IRS;2023;3;UNIDADE INTERNAÇÃO - PSIQUIATRIA ALA A;6
IRS;2023;3;UNIDADE INTERNAÇÃO - PSIQUIATRIA ALA B;12
IRS;2023;3;UNIDADE INTERNAÇÃO - PSIQUIATRIA ALA C;9
IRS;2023;3;UNIDADE INTERNAÇÃO - PSIQUIATRIA ALA E;2
IRS;2023;4;UNIDADE DE URGÊNCIA - CLINICA PSIQUIÁTRICA SALA DE OBSERVAÇAO;65
IRS;2023;4;UNIDADE INTERNAÇÃO - PSIQUIATRIA ALA A;4
IRS;2023;4;UNIDADE INTERNAÇÃO - PSIQUIATRIA ALA B;4
IRS;2023;4;UNIDADE INTERNAÇÃO - PSIQUIATRIA ALA C;10
IRS;2023;4;UNIDADE INTERNAÇÃO - PSIQUIATRIA ALA E;6
IRS;2023;5;UNIDADE DE URGÊNCIA - CLINICA PSIQUIÁTRICA SALA DE OBSERVAÇAO;72
IRS;2023;5;UNIDADE INTERNAÇÃO - PSIQUIATRIA ALA A;2
IRS;2023;5;UNIDADE INTERNAÇÃO - PSIQUIATRIA ALA B;5
IRS;2023;5;UNIDADE INTERNAÇÃO - PSIQUIATRIA ALA C;7
IRS;2023;5;UNIDADE INTERNAÇÃO - PSIQUIATRIA ALA E;8
IRS;2023;5;UNIDADE INTERNAÇÃO - PSIQUIATRIA ALA F;1
IRS;2023;5;UNIDADE INTERNAÇÃO - PSIQUIATRIA UNIDADE DE TRATAMENTO CLÍNICO;1
IRS;2023;6;UNIDADE DE URGÊNCIA - CLINICA PSIQUIÁTRICA SALA DE OBSERVAÇAO;59
IRS;2023;6;UNIDADE INTERNAÇÃO - PSIQUIATRIA ALA A;4
IRS;2023;6;UNIDADE INTERNAÇÃO - PSIQUIATRIA ALA B;5
IRS;2023;6;UNIDADE INTERNAÇÃO - PSIQUIATRIA ALA C;11
IRS;2023;6;UNIDADE INTERNAÇÃO - PSIQUIATRIA ALA E;1
IRS;2023;7;UNIDADE DE URGÊNCIA - CLINICA PSIQUIÁTRICA SALA DE OBSERVAÇAO;28
IRS;2023;7;UNIDADE INTERNAÇÃO - PSIQUIATRIA ALA A;4
IRS;2023;7;UNIDADE INTERNAÇÃO - PSIQUIATRIA ALA B;1
IRS;2023;7;UNIDADE INTERNAÇÃO - PSIQUIATRIA ALA C;5
IRS;2023;7;UNIDADE INTERNAÇÃO - PSIQUIATRIA ALA E;1
IRS;2023;7;UNIDADE INTERNAÇÃO - PSIQUIATRIA UNIDADE DE TRATAMENTO CLÍNICO;1
IRS;2023;8;ALA A;6
IRS;2023;8;ALA B;2
IRS;2023;8;ALA C;9
IRS;2023;8;ALA E;5
IRS;2023;8;UNIDADE DE URGÊNCIA - CLINICA PSIQUIÁTRICA SALA DE OBSERVAÇAO;1
IRS;2023;8;UNIDADE URGÊNCIA/EMERGÊNCIA - OBSERVAÇÃO;65
IRS;2023;8;UTC - UNIDADE DE TRATAMENTO CLÍNICO;2
IRS;2023;9;ALA A;5
IRS;2023;9;ALA B;1
IRS;2023;9;ALA C;6
IRS;2023;9;ALA E;2
IRS;2023;9;UNIDADE URGÊNCIA/EMERGÊNCIA - OBSERVAÇÃO;62
IRS;2023;10;ALA A;8
IRS;2023;10;ALA B;7
IRS;2023;10;ALA C;7
IRS;2023;10;ALA E;7
IRS;2023;10;UNIDADE URGÊNCIA/EMERGÊNCIA - OBSERVAÇÃO;83
IRS;2023;10;UTC - UNIDADE DE TRATAMENTO CLÍNICO;1
IRS;2023;11;ALA A;1
IRS;2023;11;ALA B;7
IRS;2023;11;ALA C;4
IRS;2023;11;ALA E;5
IRS;2023;11;UNIDADE URGÊNCIA/EMERGÊNCIA - OBSERVAÇÃO;70
IRS;2023;11;UTC - UNIDADE DE TRATAMENTO CLÍNICO;1
IRS;2023;12;ALA A;1
IRS;2023;12;ALA B;3
IRS;2023;12;ALA C;7
IRS;2023;12;ALA E;2
IRS;2023;12;UNIDADE URGÊNCIA/EMERGÊNCIA - OBSERVAÇÃO;65
IRS;2023;12;UTC - UNIDADE DE TRATAMENTO CLÍNICO;2
IRS;2024;1;ALA A;4
IRS;2024;1;ALA B;10
IRS;2024;1;ALA C;3
IRS;2024;1;ALA D;1
IRS;2024;1;ALA E;2
IRS;2024;1;UNIDADE URGÊNCIA/EMERGÊNCIA - OBSERVAÇÃO;75
IRS;2024;1;UTC - UNIDADE DE TRATAMENTO CLÍNICO;1
IRS;2024;2;ALA A;4
IRS;2024;2;ALA B;6
IRS;2024;2;ALA C;2
IRS;2024;2;ALA E;2
IRS;2024;2;ALA F;1
IRS;2024;2;UNIDADE URGÊNCIA/EMERGÊNCIA - OBSERVAÇÃO;60
IRS;2024;3;ALA A;4
IRS;2024;3;ALA B;6
IRS;2024;3;ALA C;3
IRS;2024;3;ALA E;2
IRS;2024;3;UNIDADE URGÊNCIA/EMERGÊNCIA - OBSERVAÇÃO;62
IRS;2024;3;UTC - UNIDADE DE TRATAMENTO CLÍNICO;1
IRS;2024;4;ALA A;2
IRS;2024;4;ALA C;1
IRS;2024;4;UNIDADE URGÊNCIA/EMERGÊNCIA - OBSERVAÇÃO;79
IRS;2024;5;ALA A;1
IRS;2024;5;ALA C;1
IRS;2024;5;ALA E;1
IRS;2024;5;UNIDADE URGÊNCIA/EMERGÊNCIA - OBSERVAÇÃO;66
IRS;2024;6;ALA A;1
IRS;2024;6;ALA B;1
IRS;2024;6;ALA C;1
IRS;2024;6;ALA E;1
IRS;2024;6;UNIDADE URGÊNCIA/EMERGÊNCIA - OBSERVAÇÃO;78
IRS;2024;7;UNIDADE URGÊNCIA/EMERGÊNCIA - OBSERVAÇÃO;79
IRS;2024;8;ALA A;1
IRS;2024;8;ALA B;1
IRS;2024;8;ALA C;4
IRS;2024;8;UNIDADE URGÊNCIA/EMERGÊNCIA - OBSERVAÇÃO;68
IRS;2024;8;UTC - UNIDADE DE TRATAMENTO CLÍNICO;1
IRS;2024;9;ALA B;1
IRS;2024;9;ALA C;2
IRS;2024;9;UNIDADE URGÊNCIA/EMERGÊNCIA - OBSERVAÇÃO;54
IRS;2024;10;ALA A;2
IRS;2024;10;ALA B;3
IRS;2024;10;ALA C;2
IRS;2024;10;UNIDADE URGÊNCIA/EMERGÊNCIA - OBSERVAÇÃO;78
IRS;2024;11;ALA A;1
IRS;2024;11;ALA C;1
IRS;2024;11;UNIDADE URGÊNCIA/EMERGÊNCIA - OBSERVAÇÃO;60
IRS;2024;12;ALA A;1
IRS;2024;12;UNIDADE URGÊNCIA/EMERGÊNCIA - OBSERVAÇÃO;54
IRS;2025;1;ALA C;3
IRS;2025;1;UNIDADE URGÊNCIA/EMERGÊNCIA - OBSERVAÇÃO;75
IRS;2025;2;ALA C;1
IRS;2025;2;UNIDADE URGÊNCIA/EMERGÊNCIA - OBSERVAÇÃO;54
IRS;2025;3;ALA A;3
IRS;2025;3;ALA B;1
IRS;2025;3;ALA C;3
IRS;2025;3;ALA D;1
IRS;2025;3;UNIDADE URGÊNCIA/EMERGÊNCIA - OBSERVAÇÃO;70
IRS;2025;4;ALA A;5
IRS;2025;4;ALA B;2
IRS;2025;4;ALA C;4
IRS;2025;4;ALA D;2
IRS;2025;4;UNIDADE URGÊNCIA/EMERGÊNCIA - OBSERVAÇÃO;66
IRS;2025;4;UTC - UNIDADE DE TRATAMENTO CLÍNICO;2
IRS;2025;5;ALA A;2
IRS;2025;5;ALA C;1
IRS;2025;5;ALA D;3
IRS;2025;5;UNIDADE URGÊNCIA/EMERGÊNCIA - OBSERVAÇÃO;67
IRS;2025;6;ALA B;2
IRS;2025;6;UNIDADE URGÊNCIA/EMERGÊNCIA - OBSERVAÇÃO;80
IRS;2025;7;ALA A;2
IRS;2025;7;UNIDADE URGÊNCIA/EMERGÊNCIA - OBSERVAÇÃO;71
IRS;2025;8;ALA C;2
IRS;2025;8;UNIDADE URGÊNCIA/EMERGÊNCIA - OBSERVAÇÃO;69
IRS;2025;9;ALA D;1
IRS;2025;9;UNIDADE URGÊNCIA/EMERGÊNCIA - OBSERVAÇÃO;72
IRS;2025;9;UTC - UNIDADE DE TRATAMENTO CLÍNICO;1
IRS;2025;10;ALA A;1
IRS;2025;10;ALA B;1
IRS;2025;10;ALA C;2
IRS;2025;10;UNIDADE URGÊNCIA/EMERGÊNCIA - OBSERVAÇÃO;91
IRS;2025;11;ALA B;1
IRS;2025;11;UNIDADE URGÊNCIA/EMERGÊNCIA - OBSERVAÇÃO;64
IRS;2025;12;ALA B;1
IRS;2025;12;UNIDADE URGÊNCIA/EMERGÊNCIA - OBSERVAÇÃO;67
IRS;2026;1;ALA A;2
IRS;2026;1;ALA B;1
IRS;2026;1;ALA C;1
IRS;2026;1;ALA D;1
IRS;2026;1;UNIDADE URGÊNCIA/EMERGÊNCIA - OBSERVAÇÃO;65
IRS;2026;2;ALA B;2
IRS;2026;2;ALA D;2
IRS;2026;2;UNIDADE URGÊNCIA/EMERGÊNCIA - OBSERVAÇÃO;67
IRS;2026;3;ALA B;1
IRS;2026;3;ALA D;1
IRS;2026;3;UNIDADE URGÊNCIA/EMERGÊNCIA - OBSERVAÇÃO;84
IRS;2026;4;ALA A;1
IRS;2026;4;ALA D;1
IRS;2026;4;UNIDADE URGÊNCIA/EMERGÊNCIA - OBSERVAÇÃO;71
IRS;2026;5;UNIDADE URGÊNCIA/EMERGÊNCIA - OBSERVAÇÃO;89
IRS;2026;6;ALA A;1
IRS;2026;6;ALA B;2
IRS;2026;6;ALA D;2
IRS;2026;6;UNIDADE URGÊNCIA/EMERGÊNCIA - OBSERVAÇÃO;74
IRS;2026;6;UTC - UNIDADE DE TRATAMENTO CLÍNICO;1
IRS;2026;7;ALA A;1
IRS;2026;7;ALA C;1
IRS;2026;7;ALA D;1
IRS;2026;7;UNIDADE URGÊNCIA/EMERGÊNCIA - OBSERVAÇÃO;88
MOV;2019;1;ALOJAMENTO CONJUNTO;116
MOV;2019;1;PRÉ-PARTO;242
MOV;2019;1;UNIDADE DE EMERGENCIA - ADMISSAO;25
MOV;2019;1;UNIDADE INTEMEDIARIA NEONATAL;43
MOV;2019;1;UNIDADE INTERNAÇÃO - ALTO RISCO OBSTETRICO;50
MOV;2019;1;UNIDADE INTERNAÇÃO - GINECOLOGIA CIRÚRGICA UCC;62
MOV;2019;1;UTI;23
MOV;2019;1;UTI - NEONATAL E PEDIATRICO;17
MOV;2019;2;ALOJAMENTO CONJUNTO;82
MOV;2019;2;PRÉ-PARTO;238
MOV;2019;2;UNIDADE DE EMERGENCIA - ADMISSAO;13
MOV;2019;2;UNIDADE INTEMEDIARIA NEONATAL;31
MOV;2019;2;UNIDADE INTERNAÇÃO - ALTO RISCO OBSTETRICO;24
MOV;2019;2;UNIDADE INTERNAÇÃO - GINECOLOGIA CIRÚRGICA UCC;60
MOV;2019;2;UTI;27
MOV;2019;2;UTI - NEONATAL E PEDIATRICO;18
MOV;2019;3;ALOJAMENTO CONJUNTO;151
MOV;2019;3;PRÉ-PARTO;223
MOV;2019;3;UNIDADE DE EMERGENCIA - ADMISSAO;13
MOV;2019;3;UNIDADE INTEMEDIARIA NEONATAL;37
MOV;2019;3;UNIDADE INTERNAÇÃO - ALTO RISCO OBSTETRICO;30
MOV;2019;3;UNIDADE INTERNAÇÃO - GINECOLOGIA CIRÚRGICA UCC;40
MOV;2019;3;UTI;31
MOV;2019;3;UTI - NEONATAL E PEDIATRICO;27
MOV;2019;4;ALOJAMENTO CONJUNTO;122
MOV;2019;4;PRÉ-PARTO;256
MOV;2019;4;UNIDADE DE EMERGENCIA - ADMISSAO;9
MOV;2019;4;UNIDADE INTEMEDIARIA NEONATAL;46
MOV;2019;4;UNIDADE INTERNAÇÃO - ALTO RISCO OBSTETRICO;50
MOV;2019;4;UNIDADE INTERNAÇÃO - GINECOLOGIA CIRÚRGICA UCC;49
MOV;2019;4;UTI;26
MOV;2019;4;UTI - NEONATAL E PEDIATRICO;21
MOV;2019;5;ALOJAMENTO CONJUNTO;94
MOV;2019;5;PRÉ-PARTO;298
MOV;2019;5;UNIDADE DE EMERGENCIA - ADMISSAO;9
MOV;2019;5;UNIDADE INTEMEDIARIA NEONATAL;36
MOV;2019;5;UNIDADE INTERNAÇÃO - ALTO RISCO OBSTETRICO;42
MOV;2019;5;UNIDADE INTERNAÇÃO - GINECOLOGIA CIRÚRGICA UCC;57
MOV;2019;5;UTI;20
MOV;2019;5;UTI - NEONATAL E PEDIATRICO;21
MOV;2019;6;ALOJAMENTO CONJUNTO;93
MOV;2019;6;PRÉ-PARTO;260
MOV;2019;6;UNIDADE DE EMERGENCIA - ADMISSAO;8
MOV;2019;6;UNIDADE INTEMEDIARIA NEONATAL;27
MOV;2019;6;UNIDADE INTERNAÇÃO - ALTO RISCO OBSTETRICO;33
MOV;2019;6;UNIDADE INTERNAÇÃO - GINECOLOGIA CIRÚRGICA UCC;79
MOV;2019;6;UTI;24
MOV;2019;6;UTI - NEONATAL E PEDIATRICO;17
MOV;2019;7;ALOJAMENTO CONJUNTO;86
MOV;2019;7;PRÉ-PARTO;274
MOV;2019;7;UNIDADE DE EMERGENCIA - ADMISSAO;10
MOV;2019;7;UNIDADE INTEMEDIARIA NEONATAL;21
MOV;2019;7;UNIDADE INTERNAÇÃO - ALTO RISCO OBSTETRICO;35
MOV;2019;7;UNIDADE INTERNAÇÃO - GINECOLOGIA CIRÚRGICA UCC;70
MOV;2019;7;UTI;29
MOV;2019;7;UTI - NEONATAL E PEDIATRICO;22
MOV;2019;8;ALOJAMENTO CONJUNTO;144
MOV;2019;8;PRÉ-PARTO;221
MOV;2019;8;UNIDADE DE EMERGENCIA - ADMISSAO;14
MOV;2019;8;UNIDADE INTEMEDIARIA NEONATAL;16
MOV;2019;8;UNIDADE INTERNAÇÃO - ALTO RISCO OBSTETRICO;37
MOV;2019;8;UNIDADE INTERNAÇÃO - GINECOLOGIA CIRÚRGICA UCC;79
MOV;2019;8;UTI;41
MOV;2019;8;UTI - NEONATAL E PEDIATRICO;30
MOV;2019;9;ALOJAMENTO CONJUNTO;180
MOV;2019;9;PRÉ-PARTO;179
MOV;2019;9;UNIDADE DE EMERGENCIA - ADMISSAO;22
MOV;2019;9;UNIDADE INTEMEDIARIA NEONATAL;17
MOV;2019;9;UNIDADE INTERNAÇÃO - ALTO RISCO OBSTETRICO;38
MOV;2019;9;UNIDADE INTERNAÇÃO - GINECOLOGIA CIRÚRGICA UCC;81
MOV;2019;9;UTI;25
MOV;2019;9;UTI - NEONATAL E PEDIATRICO;26
MOV;2019;10;ALOJAMENTO CONJUNTO;139
MOV;2019;10;PRÉ-PARTO;252
MOV;2019;10;UNIDADE DE EMERGENCIA - ADMISSAO;13
MOV;2019;10;UNIDADE INTEMEDIARIA NEONATAL;27
MOV;2019;10;UNIDADE INTERNAÇÃO - ALTO RISCO OBSTETRICO;55
MOV;2019;10;UNIDADE INTERNAÇÃO - GINECOLOGIA CIRÚRGICA UCC;64
MOV;2019;10;UTI;21
MOV;2019;10;UTI - NEONATAL E PEDIATRICO;19
MOV;2019;11;ALOJAMENTO CONJUNTO;114
MOV;2019;11;PRÉ-PARTO;258
MOV;2019;11;UNIDADE DE EMERGENCIA - ADMISSAO;2
MOV;2019;11;UNIDADE INTEMEDIARIA NEONATAL;27
MOV;2019;11;UNIDADE INTERNAÇÃO - ALTO RISCO OBSTETRICO;45
MOV;2019;11;UNIDADE INTERNAÇÃO - GINECOLOGIA CIRÚRGICA UCC;61
MOV;2019;11;UTI;31
MOV;2019;11;UTI - NEONATAL E PEDIATRICO;28
MOV;2019;12;ALOJAMENTO CONJUNTO;92
MOV;2019;12;PRÉ-PARTO;250
MOV;2019;12;UNIDADE DE EMERGENCIA - ADMISSAO;12
MOV;2019;12;UNIDADE INTEMEDIARIA NEONATAL;26
MOV;2019;12;UNIDADE INTERNAÇÃO - ALTO RISCO OBSTETRICO;33
MOV;2019;12;UNIDADE INTERNAÇÃO - GINECOLOGIA CIRÚRGICA UCC;48
MOV;2019;12;UTI;31
MOV;2019;12;UTI - NEONATAL E PEDIATRICO;22
MOV;2020;1;ALOJAMENTO CONJUNTO;90
MOV;2020;1;PRÉ-PARTO;270
MOV;2020;1;UNIDADE DE EMERGENCIA - ADMISSAO;11
MOV;2020;1;UNIDADE INTEMEDIARIA NEONATAL;25
MOV;2020;1;UNIDADE INTERNAÇÃO - ALTO RISCO OBSTETRICO;34
MOV;2020;1;UNIDADE INTERNAÇÃO - GINECOLOGIA CIRÚRGICA UCC;49
MOV;2020;1;UTI;30
MOV;2020;1;UTI - NEONATAL E PEDIATRICO;15
MOV;2020;2;ALOJAMENTO CONJUNTO;121
MOV;2020;2;PRÉ-PARTO;261
MOV;2020;2;UNIDADE DE EMERGENCIA - ADMISSAO;12
MOV;2020;2;UNIDADE INTEMEDIARIA NEONATAL;28
MOV;2020;2;UNIDADE INTERNAÇÃO - ALTO RISCO OBSTETRICO;39
MOV;2020;2;UNIDADE INTERNAÇÃO - GINECOLOGIA CIRÚRGICA UCC;68
MOV;2020;2;UTI;33
MOV;2020;2;UTI - NEONATAL E PEDIATRICO;13
MOV;2020;3;ALOJAMENTO CONJUNTO;94
MOV;2020;3;PRÉ-PARTO;281
MOV;2020;3;UNIDADE DE EMERGENCIA - ADMISSAO;7
MOV;2020;3;UNIDADE INTEMEDIARIA NEONATAL;27
MOV;2020;3;UNIDADE INTERNAÇÃO - ALTO RISCO OBSTETRICO;36
MOV;2020;3;UNIDADE INTERNAÇÃO - GINECOLOGIA CIRÚRGICA UCC;54
MOV;2020;3;UTI;32
MOV;2020;3;UTI - NEONATAL E PEDIATRICO;17
MOV;2020;4;ALOJAMENTO CONJUNTO;123
MOV;2020;4;PRÉ-PARTO;246
MOV;2020;4;UNIDADE DE EMERGENCIA - ADMISSAO;4
MOV;2020;4;UNIDADE INTEMEDIARIA NEONATAL;23
MOV;2020;4;UNIDADE INTERNAÇÃO - ALTO RISCO OBSTETRICO;41
MOV;2020;4;UNIDADE INTERNAÇÃO - GINECOLOGIA CIRÚRGICA UCC;30
MOV;2020;4;UTI;26
MOV;2020;4;UTI - NEONATAL E PEDIATRICO;15
MOV;2020;5;ALOJAMENTO CONJUNTO;109
MOV;2020;5;PRÉ-PARTO;277
MOV;2020;5;UNIDADE DE EMERGENCIA - ADMISSAO;13
MOV;2020;5;UNIDADE INTEMEDIARIA NEONATAL;29
MOV;2020;5;UNIDADE INTERNAÇÃO - ALTO RISCO OBSTETRICO;43
MOV;2020;5;UNIDADE INTERNAÇÃO - GINECOLOGIA CIRÚRGICA UCC;28
MOV;2020;5;UTI;30
MOV;2020;5;UTI - NEONATAL E PEDIATRICO;20
MOV;2020;6;ALOJAMENTO CONJUNTO;100
MOV;2020;6;PRÉ-PARTO;267
MOV;2020;6;UNIDADE DE EMERGENCIA - ADMISSAO;8
MOV;2020;6;UNIDADE INTEMEDIARIA NEONATAL;18
MOV;2020;6;UNIDADE INTERNAÇÃO - ALTO RISCO OBSTETRICO;47
MOV;2020;6;UNIDADE INTERNAÇÃO - GINECOLOGIA CIRÚRGICA UCC;44
MOV;2020;6;UTI;24
MOV;2020;6;UTI - NEONATAL E PEDIATRICO;24
MOV;2020;7;ALOJAMENTO CONJUNTO;123
MOV;2020;7;PRÉ-PARTO;264
MOV;2020;7;UNIDADE DE EMERGENCIA - ADMISSAO;10
MOV;2020;7;UNIDADE INTEMEDIARIA NEONATAL;15
MOV;2020;7;UNIDADE INTERNAÇÃO - ALTO RISCO OBSTETRICO;51
MOV;2020;7;UNIDADE INTERNAÇÃO - GINECOLOGIA CIRÚRGICA UCC;45
MOV;2020;7;UTI;25
MOV;2020;7;UTI - NEONATAL E PEDIATRICO;16
MOV;2020;8;ALOJAMENTO CONJUNTO;86
MOV;2020;8;PRÉ-PARTO;285
MOV;2020;8;UNIDADE DE EMERGENCIA - ADMISSAO;11
MOV;2020;8;UNIDADE INTEMEDIARIA NEONATAL;23
MOV;2020;8;UNIDADE INTERNAÇÃO - ALTO RISCO OBSTETRICO;42
MOV;2020;8;UNIDADE INTERNAÇÃO - GINECOLOGIA CIRÚRGICA UCC;21
MOV;2020;8;UTI;12
MOV;2020;8;UTI - NEONATAL E PEDIATRICO;14
MOV;2020;9;ALOJAMENTO CONJUNTO;90
MOV;2020;9;PRÉ-PARTO;285
MOV;2020;9;UNIDADE DE EMERGENCIA - ADMISSAO;1
MOV;2020;9;UNIDADE INTEMEDIARIA NEONATAL;20
MOV;2020;9;UNIDADE INTERNAÇÃO - ALTO RISCO OBSTETRICO;26
MOV;2020;9;UNIDADE INTERNAÇÃO - GINECOLOGIA CIRÚRGICA UCC;28
MOV;2020;9;UTI;12
MOV;2020;9;UTI - NEONATAL E PEDIATRICO;22
MOV;2020;10;ALOJAMENTO CONJUNTO;108
MOV;2020;10;PRÉ-PARTO;270
MOV;2020;10;UNIDADE DE EMERGENCIA - ADMISSAO;4
MOV;2020;10;UNIDADE INTEMEDIARIA NEONATAL;17
MOV;2020;10;UNIDADE INTERNAÇÃO - ALTO RISCO OBSTETRICO;39
MOV;2020;10;UNIDADE INTERNAÇÃO - GINECOLOGIA CIRÚRGICA UCC;45
MOV;2020;10;UTI;11
MOV;2020;10;UTI - NEONATAL E PEDIATRICO;20
MOV;2020;11;ALOJAMENTO CONJUNTO;113
MOV;2020;11;PRÉ-PARTO;271
MOV;2020;11;UNIDADE DE EMERGENCIA - ADMISSAO;4
MOV;2020;11;UNIDADE INTEMEDIARIA NEONATAL;26
MOV;2020;11;UNIDADE INTERNAÇÃO - ALTO RISCO OBSTETRICO;39
MOV;2020;11;UNIDADE INTERNAÇÃO - GINECOLOGIA CIRÚRGICA UCC;52
MOV;2020;11;UTI;10
MOV;2020;11;UTI - NEONATAL E PEDIATRICO;24
MOV;2020;12;ALOJAMENTO CONJUNTO;93
MOV;2020;12;PRÉ-PARTO;277
MOV;2020;12;UNIDADE DE EMERGENCIA - ADMISSAO;1
MOV;2020;12;UNIDADE INTEMEDIARIA NEONATAL;23
MOV;2020;12;UNIDADE INTERNAÇÃO - ALTO RISCO OBSTETRICO;39
MOV;2020;12;UNIDADE INTERNAÇÃO - GINECOLOGIA CIRÚRGICA UCC;30
MOV;2020;12;UTI;17
MOV;2020;12;UTI - NEONATAL E PEDIATRICO;20
MOV;2021;1;ALOJAMENTO CONJUNTO;86
MOV;2021;1;PRÉ-PARTO;264
MOV;2021;1;UNIDADE DE EMERGENCIA - ADMISSAO;5
MOV;2021;1;UNIDADE INTEMEDIARIA NEONATAL;18
MOV;2021;1;UNIDADE INTERNAÇÃO - ALTO RISCO OBSTETRICO;40
MOV;2021;1;UNIDADE INTERNAÇÃO - GINECOLOGIA CIRÚRGICA UCC;42
MOV;2021;1;UTI;23
MOV;2021;1;UTI - NEONATAL E PEDIATRICO;31
MOV;2021;2;ALOJAMENTO CONJUNTO;89
MOV;2021;2;PRÉ-PARTO;256
MOV;2021;2;UNIDADE DE EMERGENCIA - ADMISSAO;12
MOV;2021;2;UNIDADE INTEMEDIARIA NEONATAL;17
MOV;2021;2;UNIDADE INTERNAÇÃO - ALTO RISCO OBSTETRICO;41
MOV;2021;2;UNIDADE INTERNAÇÃO - GINECOLOGIA CIRÚRGICA UCC;50
MOV;2021;2;UTI;13
MOV;2021;2;UTI - NEONATAL E PEDIATRICO;29
MOV;2021;3;ALOJAMENTO CONJUNTO;99
MOV;2021;3;PRÉ-PARTO;290
MOV;2021;3;UNIDADE DE EMERGENCIA - ADMISSAO;10
MOV;2021;3;UNIDADE INTEMEDIARIA NEONATAL;20
MOV;2021;3;UNIDADE INTERNAÇÃO - ALTO RISCO OBSTETRICO;49
MOV;2021;3;UNIDADE INTERNAÇÃO - GINECOLOGIA CIRÚRGICA UCC;59
MOV;2021;3;UTI;19
MOV;2021;3;UTI - NEONATAL E PEDIATRICO;21
MOV;2021;4;ALOJAMENTO CONJUNTO;110
MOV;2021;4;PRÉ-PARTO;273
MOV;2021;4;UNIDADE DE EMERGENCIA - ADMISSAO;19
MOV;2021;4;UNIDADE INTEMEDIARIA NEONATAL;16
MOV;2021;4;UNIDADE INTERNAÇÃO - ALTO RISCO OBSTETRICO;56
MOV;2021;4;UNIDADE INTERNAÇÃO - GINECOLOGIA CIRÚRGICA UCC;37
MOV;2021;4;UTI;19
MOV;2021;4;UTI - NEONATAL E PEDIATRICO;18
MOV;2021;5;ALOJAMENTO CONJUNTO;138
MOV;2021;5;PRÉ-PARTO;267
MOV;2021;5;UNIDADE DE EMERGENCIA - ADMISSAO;14
MOV;2021;5;UNIDADE INTEMEDIARIA NEONATAL;20
MOV;2021;5;UNIDADE INTERNAÇÃO - ALTO RISCO OBSTETRICO;39
MOV;2021;5;UNIDADE INTERNAÇÃO - GINECOLOGIA CIRÚRGICA UCC;34
MOV;2021;5;UTI;12
MOV;2021;5;UTI - NEONATAL E PEDIATRICO;36
MOV;2021;6;ALOJAMENTO CONJUNTO;106
MOV;2021;6;PRÉ-PARTO;285
MOV;2021;6;UNIDADE DE EMERGENCIA - ADMISSAO;2
MOV;2021;6;UNIDADE INTEMEDIARIA NEONATAL;20
MOV;2021;6;UNIDADE INTERNAÇÃO - ALTO RISCO OBSTETRICO;39
MOV;2021;6;UNIDADE INTERNAÇÃO - GINECOLOGIA CIRÚRGICA UCC;59
MOV;2021;6;UNIDADE URGENCIA/EMERGENCIA;4
MOV;2021;6;UTI;18
MOV;2021;6;UTI - NEONATAL;28
MOV;2021;6;UTI - NEONATAL E PEDIATRICO;2
MOV;2021;7;ALOJAMENTO CONJUNTO;134
MOV;2021;7;PRÉ-PARTO;265
MOV;2021;7;UNIDADE INTEMEDIARIA NEONATAL;18
MOV;2021;7;UNIDADE INTERNAÇÃO - ALTO RISCO OBSTETRICO;34
MOV;2021;7;UNIDADE INTERNAÇÃO - GINECOLOGIA CIRÚRGICA UCC;59
MOV;2021;7;UNIDADE URGENCIA/EMERGENCIA;3
MOV;2021;7;UTI;15
MOV;2021;7;UTI - NEONATAL;31
MOV;2021;8;ALOJAMENTO CONJUNTO;165
MOV;2021;8;PRÉ-PARTO;277
MOV;2021;8;UNIDADE INTEMEDIARIA NEONATAL;22
MOV;2021;8;UNIDADE INTERNAÇÃO - ALTO RISCO OBSTETRICO;39
MOV;2021;8;UNIDADE INTERNAÇÃO - GINECOLOGIA CIRÚRGICA UCC;61
MOV;2021;8;UNIDADE URGENCIA/EMERGENCIA;12
MOV;2021;8;UTI;9
MOV;2021;8;UTI - NEONATAL;28
MOV;2021;9;ALOJAMENTO CONJUNTO;233
MOV;2021;9;PRÉ-PARTO;152
MOV;2021;9;UNIDADE INTEMEDIARIA NEONATAL;15
MOV;2021;9;UNIDADE INTERNAÇÃO - ALTO RISCO OBSTETRICO;51
MOV;2021;9;UNIDADE INTERNAÇÃO - GINECOLOGIA CIRÚRGICA UCC;64
MOV;2021;9;UNIDADE URGENCIA/EMERGENCIA;4
MOV;2021;9;UTI;10
MOV;2021;9;UTI - NEONATAL;24
MOV;2021;10;ALOJAMENTO CONJUNTO;106
MOV;2021;10;PRÉ-PARTO;228
MOV;2021;10;UNIDADE INTEMEDIARIA NEONATAL;15
MOV;2021;10;UNIDADE INTERNAÇÃO - ALTO RISCO OBSTETRICO;50
MOV;2021;10;UNIDADE INTERNAÇÃO - CLINICA CIRURGICA;43
MOV;2021;10;UNIDADE URGENCIA/EMERGENCIA;2
MOV;2021;10;UTI;18
MOV;2021;10;UTI - NEONATAL;27
MOV;2021;11;ALOJAMENTO CONJUNTO;112
MOV;2021;11;PRÉ-PARTO;272
MOV;2021;11;UNIDADE INTEMEDIARIA NEONATAL;13
MOV;2021;11;UNIDADE INTERNAÇÃO - ALTO RISCO OBSTETRICO;54
MOV;2021;11;UNIDADE INTERNAÇÃO - CLINICA CIRURGICA;62
MOV;2021;11;UNIDADE URGENCIA/EMERGENCIA;8
MOV;2021;11;UTI;17
MOV;2021;11;UTI - NEONATAL;30
MOV;2021;12;ALOJAMENTO CONJUNTO;88
MOV;2021;12;PRÉ-PARTO;260
MOV;2021;12;UNIDADE INTEMEDIARIA NEONATAL;19
MOV;2021;12;UNIDADE INTERNAÇÃO - ALTO RISCO OBSTETRICO;42
MOV;2021;12;UNIDADE INTERNAÇÃO - CLINICA CIRURGICA;54
MOV;2021;12;UNIDADE URGENCIA/EMERGENCIA;4
MOV;2021;12;UTI;20
MOV;2021;12;UTI - NEONATAL;22
MOV;2022;1;ALOJAMENTO CONJUNTO;90
MOV;2022;1;PRÉ-PARTO;262
MOV;2022;1;UNIDADE INTEMEDIARIA NEONATAL;19
MOV;2022;1;UNIDADE INTERNAÇÃO - ALTO RISCO OBSTETRICO;51
MOV;2022;1;UNIDADE INTERNAÇÃO - CLINICA CIRURGICA;40
MOV;2022;1;UNIDADE URGENCIA/EMERGENCIA;3
MOV;2022;1;UTI;12
MOV;2022;1;UTI - NEONATAL;20
MOV;2022;2;ALOJAMENTO CONJUNTO;92
MOV;2022;2;PRÉ-PARTO;223
MOV;2022;2;UNIDADE INTEMEDIARIA NEONATAL;15
MOV;2022;2;UNIDADE INTERNAÇÃO - ALTO RISCO OBSTETRICO;38
MOV;2022;2;UNIDADE INTERNAÇÃO - CLINICA CIRURGICA;51
MOV;2022;2;UNIDADE URGENCIA/EMERGENCIA;5
MOV;2022;2;UTI;19
MOV;2022;2;UTI - NEONATAL;20
MOV;2022;3;ALOJAMENTO CONJUNTO;117
MOV;2022;3;PRÉ-PARTO;262
MOV;2022;3;UNIDADE INTEMEDIARIA NEONATAL;22
MOV;2022;3;UNIDADE INTERNAÇÃO - ALTO RISCO OBSTETRICO;59
MOV;2022;3;UNIDADE INTERNAÇÃO - CLINICA CIRURGICA;65
MOV;2022;3;UNIDADE URGENCIA/EMERGENCIA;12
MOV;2022;3;UTI;20
MOV;2022;3;UTI - NEONATAL;25
MOV;2022;4;ALOJAMENTO CONJUNTO;98
MOV;2022;4;PRÉ-PARTO;243
MOV;2022;4;UNIDADE INTEMEDIARIA NEONATAL;17
MOV;2022;4;UNIDADE INTERNAÇÃO - ALTO RISCO OBSTETRICO;40
MOV;2022;4;UNIDADE INTERNAÇÃO - CLINICA CIRURGICA;41
MOV;2022;4;UNIDADE URGENCIA/EMERGENCIA;8
MOV;2022;4;UTI;22
MOV;2022;4;UTI - NEONATAL;20
MOV;2022;5;ALOJAMENTO CONJUNTO;136
MOV;2022;5;PRÉ-PARTO;254
MOV;2022;5;UNIDADE INTEMEDIARIA NEONATAL;15
MOV;2022;5;UNIDADE INTERNAÇÃO - ALTO RISCO OBSTETRICO;35
MOV;2022;5;UNIDADE INTERNAÇÃO - CLINICA CIRURGICA;61
MOV;2022;5;UNIDADE URGENCIA/EMERGENCIA;14
MOV;2022;5;UTI;21
MOV;2022;5;UTI - NEONATAL;29
MOV;2022;6;ALOJAMENTO CONJUNTO;86
MOV;2022;6;PRÉ-PARTO;258
MOV;2022;6;UNIDADE INTEMEDIARIA NEONATAL;13
MOV;2022;6;UNIDADE INTERNAÇÃO - ALTO RISCO OBSTETRICO;36
MOV;2022;6;UNIDADE INTERNAÇÃO - CLINICA CIRURGICA;79
MOV;2022;6;UNIDADE URGENCIA/EMERGENCIA;32
MOV;2022;6;UTI;16
MOV;2022;6;UTI - NEONATAL;36
MOV;2022;7;ALOJAMENTO CONJUNTO;82
MOV;2022;7;PRÉ-PARTO;268
MOV;2022;7;UNIDADE INTEMEDIARIA NEONATAL;17
MOV;2022;7;UNIDADE INTERNAÇÃO - ALTO RISCO OBSTETRICO;62
MOV;2022;7;UNIDADE INTERNAÇÃO - CLINICA CIRURGICA;61
MOV;2022;7;UNIDADE URGENCIA/EMERGENCIA;14
MOV;2022;7;UTI;22
MOV;2022;7;UTI - NEONATAL;37
MOV;2022;8;ALOJAMENTO CONJUNTO;97
MOV;2022;8;PRÉ-PARTO;256
MOV;2022;8;UNIDADE INTEMEDIARIA NEONATAL;19
MOV;2022;8;UNIDADE INTERNAÇÃO - ALTO RISCO OBSTETRICO;41
MOV;2022;8;UNIDADE INTERNAÇÃO - CLINICA CIRURGICA;71
MOV;2022;8;UNIDADE URGENCIA/EMERGENCIA;2
MOV;2022;8;UTI;23
MOV;2022;8;UTI - NEONATAL;27
MOV;2022;9;ALOJAMENTO CONJUNTO;81
MOV;2022;9;PRÉ-PARTO;235
MOV;2022;9;UNIDADE INTEMEDIARIA NEONATAL;14
MOV;2022;9;UNIDADE INTERNAÇÃO - ALTO RISCO OBSTETRICO;55
MOV;2022;9;UNIDADE INTERNAÇÃO - CLINICA CIRURGICA;65
MOV;2022;9;UNIDADE URGENCIA/EMERGENCIA;16
MOV;2022;9;UTI;10
MOV;2022;9;UTI - ADULTO;12
MOV;2022;9;UTI - NEONATAL;15
MOV;2022;10;ALOJAMENTO CONJUNTO;92
MOV;2022;10;PRÉ-PARTO;225
MOV;2022;10;UNIDADE INTEMEDIARIA NEONATAL;21
MOV;2022;10;UNIDADE INTERNAÇÃO - ALTO RISCO OBSTETRICO;70
MOV;2022;10;UNIDADE INTERNAÇÃO - CLINICA CIRURGICA;40
MOV;2022;10;UNIDADE URGENCIA/EMERGENCIA;5
MOV;2022;10;UTI - ADULTO;20
MOV;2022;10;UTI - NEONATAL;20
MOV;2022;11;ALOJAMENTO CONJUNTO;99
MOV;2022;11;PRÉ-PARTO;218
MOV;2022;11;UNIDADE INTEMEDIARIA NEONATAL;20
MOV;2022;11;UNIDADE INTERNAÇÃO - ALTO RISCO OBSTETRICO;77
MOV;2022;11;UNIDADE INTERNAÇÃO - CLINICA CIRURGICA;59
MOV;2022;11;UNIDADE URGENCIA/EMERGENCIA;14
MOV;2022;11;UTI - ADULTO;25
MOV;2022;11;UTI - NEONATAL;26
MOV;2022;12;ALOJAMENTO CONJUNTO;97
MOV;2022;12;PRÉ-PARTO;246
MOV;2022;12;UNIDADE INTEMEDIARIA NEONATAL;20
MOV;2022;12;UNIDADE INTERNAÇÃO - ALTO RISCO OBSTETRICO;77
MOV;2022;12;UNIDADE INTERNAÇÃO - CLINICA CIRURGICA;43
MOV;2022;12;UNIDADE URGENCIA/EMERGENCIA;8
MOV;2022;12;UTI - ADULTO;32
MOV;2022;12;UTI - NEONATAL;25
MOV;2023;1;ALOJAMENTO CONJUNTO;83
MOV;2023;1;PRÉ-PARTO;226
MOV;2023;1;UNIDADE INTEMEDIARIA NEONATAL;23
MOV;2023;1;UNIDADE INTERNAÇÃO - ALTO RISCO OBSTETRICO;116
MOV;2023;1;UNIDADE INTERNAÇÃO - CLINICA CIRURGICA;28
MOV;2023;1;UNIDADE URGENCIA/EMERGENCIA;12
MOV;2023;1;UTI - ADULTO;18
MOV;2023;1;UTI - NEONATAL;15
MOV;2023;2;ALOJAMENTO CONJUNTO;116
MOV;2023;2;PRÉ-PARTO;227
MOV;2023;2;UNIDADE INTEMEDIARIA NEONATAL;20
MOV;2023;2;UNIDADE INTERNAÇÃO - ALTO RISCO OBSTETRICO;66
MOV;2023;2;UNIDADE INTERNAÇÃO - CLINICA CIRURGICA;29
MOV;2023;2;UNIDADE URGENCIA/EMERGENCIA;12
MOV;2023;2;UTI - ADULTO;21
MOV;2023;2;UTI - NEONATAL;25
MOV;2023;3;ALOJAMENTO CONJUNTO;124
MOV;2023;3;PRÉ-PARTO;244
MOV;2023;3;UNIDADE INTEMEDIARIA NEONATAL;32
MOV;2023;3;UNIDADE INTERNAÇÃO - ALTO RISCO OBSTETRICO;87
MOV;2023;3;UNIDADE INTERNAÇÃO - CLINICA CIRURGICA;55
MOV;2023;3;UNIDADE URGENCIA/EMERGENCIA;13
MOV;2023;3;UTI - ADULTO;31
MOV;2023;3;UTI - NEONATAL;11
MOV;2023;4;ALOJAMENTO CONJUNTO;9
MOV;2023;4;PRÉ-PARTO;19
MOV;2023;4;UNIDADE INTEMEDIARIA NEONATAL;1
MOV;2023;4;UNIDADE INTERNAÇÃO - ALTO RISCO OBSTETRICO;6
MOV;2023;4;UNIDADE INTERNAÇÃO - CLINICA CIRURGICA;8
MOV;2023;5;ALOJAMENTO CONJUNTO;93
MOV;2023;5;CLINICA CIRÚRGICA;82
MOV;2023;5;PRÉ-PARTO;257
MOV;2023;5;UNIDADE DE CUIDADO INTERMEDIÁRIO NEONATAL CONVENCIONAL;8
MOV;2023;5;UNIDADE INTERNACAO ALTO-RISCO OBSTETRICO;63
MOV;2023;5;UTI - ADULTO;33
MOV;2023;5;UTI - NEONATAL;18
MOV;2023;6;ALOJAMENTO CONJUNTO;78
MOV;2023;6;CLINICA CIRÚRGICA;131
MOV;2023;6;PRÉ-PARTO;282
MOV;2023;6;UNIDADE DE CUIDADO INTERMEDIÁRIO NEONATAL CONVENCIONAL;10
MOV;2023;6;UNIDADE INTERNACAO ALTO-RISCO OBSTETRICO;55
MOV;2023;6;UTI - ADULTO;31
MOV;2023;6;UTI - NEONATAL;12
MOV;2023;7;ALOJAMENTO CONJUNTO;96
MOV;2023;7;CLINICA CIRÚRGICA;98
MOV;2023;7;PRÉ-PARTO;237
MOV;2023;7;UNIDADE DE CUIDADO INTERMEDIÁRIO NEONATAL CONVENCIONAL;10
MOV;2023;7;UNIDADE INTERNACAO ALTO-RISCO OBSTETRICO;51
MOV;2023;7;UTI - ADULTO;36
MOV;2023;7;UTI - NEONATAL;12
MOV;2023;8;ALOJAMENTO CONJUNTO;119
MOV;2023;8;CLINICA CIRÚRGICA;99
MOV;2023;8;PRÉ-PARTO;259
MOV;2023;8;UNIDADE DE CUIDADO INTERMEDIÁRIO NEONATAL CONVENCIONAL;7
MOV;2023;8;UNIDADE INTERNACAO ALTO-RISCO OBSTETRICO;69
MOV;2023;8;UTI - ADULTO;27
MOV;2023;8;UTI - NEONATAL;21
MOV;2023;9;ALOJAMENTO CONJUNTO;110
MOV;2023;9;CLINICA CIRÚRGICA;99
MOV;2023;9;PRÉ-PARTO;217
MOV;2023;9;UNIDADE DE CUIDADO INTERMEDIÁRIO NEONATAL CONVENCIONAL;13
MOV;2023;9;UNIDADE INTERNACAO ALTO-RISCO OBSTETRICO;76
MOV;2023;9;UTI - ADULTO;33
MOV;2023;9;UTI - NEONATAL;16
MOV;2023;10;ALOJAMENTO CONJUNTO;106
MOV;2023;10;CLINICA CIRÚRGICA;122
MOV;2023;10;PRÉ-PARTO;239
MOV;2023;10;UNIDADE DE CUIDADO INTERMEDIÁRIO NEONATAL CONVENCIONAL;6
MOV;2023;10;UNIDADE INTERNACAO ALTO-RISCO OBSTETRICO;69
MOV;2023;10;UTI - ADULTO;39
MOV;2023;10;UTI - NEONATAL;26
MOV;2023;11;ALOJAMENTO CONJUNTO;80
MOV;2023;11;CLINICA CIRÚRGICA;108
MOV;2023;11;PRÉ-PARTO;244
MOV;2023;11;UNIDADE DE CUIDADO INTERMEDIÁRIO NEONATAL CONVENCIONAL;15
MOV;2023;11;UNIDADE INTERNACAO ALTO-RISCO OBSTETRICO;87
MOV;2023;11;UTI - ADULTO;36
MOV;2023;11;UTI - NEONATAL;23
MOV;2023;12;ALOJAMENTO CONJUNTO;88
MOV;2023;12;CLINICA CIRÚRGICA;122
MOV;2023;12;PRÉ-PARTO;246
MOV;2023;12;UNIDADE DE CUIDADO INTERMEDIÁRIO NEONATAL CANGURU;1
MOV;2023;12;UNIDADE DE CUIDADO INTERMEDIÁRIO NEONATAL CONVENCIONAL;17
MOV;2023;12;UNIDADE INTERNACAO ALTO-RISCO OBSTETRICO;86
MOV;2023;12;UTI - ADULTO;28
MOV;2023;12;UTI - NEONATAL;19
MOV;2024;1;ALOJAMENTO CONJUNTO;66
MOV;2024;1;CLINICA CIRÚRGICA;108
MOV;2024;1;PRÉ-PARTO;254
MOV;2024;1;UNIDADE DE CUIDADO INTERMEDIÁRIO NEONATAL CONVENCIONAL;16
MOV;2024;1;UNIDADE INTERNACAO ALTO-RISCO OBSTETRICO;59
MOV;2024;1;UTI - ADULTO;45
MOV;2024;1;UTI - NEONATAL;15
MOV;2024;2;ALOJAMENTO CONJUNTO;89
MOV;2024;2;CLINICA CIRÚRGICA;97
MOV;2024;2;PRÉ-PARTO;264
MOV;2024;2;UNIDADE DE CUIDADO INTERMEDIÁRIO NEONATAL CONVENCIONAL;10
MOV;2024;2;UNIDADE INTERNACAO ALTO-RISCO OBSTETRICO;77
MOV;2024;2;UTI - ADULTO;36
MOV;2024;2;UTI - NEONATAL;17
MOV;2024;3;ALOJAMENTO CONJUNTO;90
MOV;2024;3;CLINICA CIRÚRGICA;95
MOV;2024;3;PRÉ-PARTO;283
MOV;2024;3;UNIDADE DE CUIDADO INTERMEDIÁRIO NEONATAL CONVENCIONAL;11
MOV;2024;3;UNIDADE INTERNACAO ALTO-RISCO OBSTETRICO;83
MOV;2024;3;UTI - ADULTO;33
MOV;2024;3;UTI - NEONATAL;19
MOV;2024;4;ALOJAMENTO CONJUNTO;99
MOV;2024;4;CLINICA CIRÚRGICA;131
MOV;2024;4;PRÉ-PARTO;264
MOV;2024;4;UNIDADE DE CUIDADO INTERMEDIÁRIO NEONATAL CONVENCIONAL;11
MOV;2024;4;UNIDADE INTERNACAO ALTO-RISCO OBSTETRICO;43
MOV;2024;4;UTI - ADULTO;32
MOV;2024;4;UTI - NEONATAL;20
MOV;2024;5;ALOJAMENTO CONJUNTO;85
MOV;2024;5;CLINICA CIRÚRGICA;115
MOV;2024;5;PRÉ-PARTO;290
MOV;2024;5;UNIDADE DE CUIDADO INTERMEDIÁRIO NEONATAL CONVENCIONAL;8
MOV;2024;5;UNIDADE INTERNACAO ALTO-RISCO OBSTETRICO;57
MOV;2024;5;UTI - ADULTO;34
MOV;2024;5;UTI - NEONATAL;19
MOV;2024;6;ALOJAMENTO CONJUNTO;78
MOV;2024;6;CLINICA CIRÚRGICA;113
MOV;2024;6;PRÉ-PARTO;238
MOV;2024;6;UNIDADE DE CUIDADO INTERMEDIÁRIO NEONATAL CONVENCIONAL;6
MOV;2024;6;UNIDADE INTERNACAO ALTO-RISCO OBSTETRICO;56
MOV;2024;6;UTI - ADULTO;46
MOV;2024;6;UTI - NEONATAL;18
MOV;2024;7;ALOJAMENTO CONJUNTO;74
MOV;2024;7;CLINICA CIRÚRGICA;102
MOV;2024;7;PRÉ-PARTO;256
MOV;2024;7;UNIDADE DE CUIDADO INTERMEDIÁRIO NEONATAL CONVENCIONAL;6
MOV;2024;7;UNIDADE INTERNACAO ALTO-RISCO OBSTETRICO;61
MOV;2024;7;UTI - ADULTO;31
MOV;2024;7;UTI - NEONATAL;19
MOV;2024;8;ALOJAMENTO CONJUNTO;86
MOV;2024;8;CLINICA CIRÚRGICA;128
MOV;2024;8;PRÉ-PARTO;239
MOV;2024;8;UNIDADE DE CUIDADO INTERMEDIÁRIO NEONATAL CONVENCIONAL;14
MOV;2024;8;UNIDADE INTERNACAO ALTO-RISCO OBSTETRICO;55
MOV;2024;8;UTI - ADULTO;34
MOV;2024;8;UTI - NEONATAL;19
MOV;2024;9;ALOJAMENTO CONJUNTO;74
MOV;2024;9;CLINICA CIRÚRGICA;126
MOV;2024;9;PRÉ-PARTO;271
MOV;2024;9;UNIDADE DE CUIDADO INTERMEDIÁRIO NEONATAL CONVENCIONAL;18
MOV;2024;9;UNIDADE INTERNACAO ALTO-RISCO OBSTETRICO;60
MOV;2024;9;UTI - ADULTO;43
MOV;2024;9;UTI - NEONATAL;18
MOV;2024;10;ALOJAMENTO CONJUNTO;66
MOV;2024;10;CLINICA CIRÚRGICA;89
MOV;2024;10;PRÉ-PARTO;232
MOV;2024;10;UNIDADE DE CUIDADO INTERMEDIÁRIO NEONATAL CONVENCIONAL;8
MOV;2024;10;UNIDADE INTERNACAO ALTO-RISCO OBSTETRICO;57
MOV;2024;10;UTI - ADULTO;40
MOV;2024;10;UTI - NEONATAL;26
MOV;2024;11;ALOJAMENTO CONJUNTO;93
MOV;2024;11;CLINICA CIRÚRGICA;93
MOV;2024;11;PRÉ-PARTO;190
MOV;2024;11;UNIDADE DE CUIDADO INTERMEDIÁRIO NEONATAL CONVENCIONAL;14
MOV;2024;11;UNIDADE INTERNACAO ALTO-RISCO OBSTETRICO;44
MOV;2024;11;UTI - ADULTO;40
MOV;2024;11;UTI - NEONATAL;22
MOV;2024;12;ALOJAMENTO CONJUNTO;82
MOV;2024;12;CLINICA CIRÚRGICA;66
MOV;2024;12;PRÉ-PARTO;225
MOV;2024;12;UNIDADE DE CUIDADO INTERMEDIÁRIO NEONATAL CONVENCIONAL;6
MOV;2024;12;UNIDADE INTERNACAO ALTO-RISCO OBSTETRICO;67
MOV;2024;12;UTI - ADULTO;34
MOV;2024;12;UTI - NEONATAL;26
MOV;2025;1;ALOJAMENTO CONJUNTO;95
MOV;2025;1;CLINICA CIRÚRGICA;54
MOV;2025;1;PRÉ-PARTO;287
MOV;2025;1;UNIDADE DE CUIDADO INTERMEDIÁRIO NEONATAL CONVENCIONAL;9
MOV;2025;1;UNIDADE INTERNACAO ALTO-RISCO OBSTETRICO;58
MOV;2025;1;UTI - ADULTO;49
MOV;2025;1;UTI - NEONATAL;38
MOV;2025;2;ALOJAMENTO CONJUNTO;100
MOV;2025;2;CLINICA CIRÚRGICA;69
MOV;2025;2;PRÉ-PARTO;270
MOV;2025;2;UNIDADE DE CUIDADO INTERMEDIÁRIO NEONATAL CONVENCIONAL;11
MOV;2025;2;UNIDADE INTERNACAO ALTO-RISCO OBSTETRICO;42
MOV;2025;2;UTI - ADULTO;36
MOV;2025;2;UTI - NEONATAL;28
MOV;2025;3;ALOJAMENTO CONJUNTO;99
MOV;2025;3;CLINICA CIRÚRGICA;93
MOV;2025;3;PRÉ-PARTO;309
MOV;2025;3;UNIDADE DE CUIDADO INTERMEDIÁRIO NEONATAL CANGURU;1
MOV;2025;3;UNIDADE DE CUIDADO INTERMEDIÁRIO NEONATAL CONVENCIONAL;24
MOV;2025;3;UNIDADE INTERNACAO ALTO-RISCO OBSTETRICO;67
MOV;2025;3;UTI - ADULTO;43
MOV;2025;3;UTI - NEONATAL;17
MOV;2025;4;ALOJAMENTO CONJUNTO;102
MOV;2025;4;CLINICA CIRÚRGICA;88
MOV;2025;4;PRÉ-PARTO;283
MOV;2025;4;UNIDADE DE CUIDADO INTERMEDIÁRIO NEONATAL CANGURU;1
MOV;2025;4;UNIDADE DE CUIDADO INTERMEDIÁRIO NEONATAL CONVENCIONAL;6
MOV;2025;4;UNIDADE INTERNACAO ALTO-RISCO OBSTETRICO;62
MOV;2025;4;UTI - ADULTO;48
MOV;2025;4;UTI - NEONATAL;20
MOV;2025;5;ALOJAMENTO CONJUNTO;76
MOV;2025;5;CLINICA CIRÚRGICA;149
MOV;2025;5;PRÉ-PARTO;272
MOV;2025;5;UNIDADE DE CUIDADO INTERMEDIÁRIO NEONATAL CANGURU;1
MOV;2025;5;UNIDADE DE CUIDADO INTERMEDIÁRIO NEONATAL CONVENCIONAL;18
MOV;2025;5;UNIDADE INTERNACAO ALTO-RISCO OBSTETRICO;62
MOV;2025;5;UTI - ADULTO;37
MOV;2025;5;UTI - NEONATAL;25
MOV;2025;6;ALOJAMENTO CONJUNTO;68
MOV;2025;6;CLINICA CIRÚRGICA;136
MOV;2025;6;PRÉ-PARTO;271
MOV;2025;6;UNIDADE DE CUIDADO INTERMEDIÁRIO NEONATAL CONVENCIONAL;15
MOV;2025;6;UNIDADE INTERNACAO ALTO-RISCO OBSTETRICO;48
MOV;2025;6;UTI - ADULTO;28
MOV;2025;6;UTI - NEONATAL;37
MOV;2025;7;ALOJAMENTO CONJUNTO;77
MOV;2025;7;CLINICA CIRÚRGICA;121
MOV;2025;7;PRÉ-PARTO;210
MOV;2025;7;UNIDADE DE CUIDADO INTERMEDIÁRIO NEONATAL CONVENCIONAL;16
MOV;2025;7;UNIDADE INTERNACAO ALTO-RISCO OBSTETRICO;73
MOV;2025;7;UTI - ADULTO;30
MOV;2025;7;UTI - NEONATAL;12
MOV;2025;8;ALOJAMENTO CONJUNTO;72
MOV;2025;8;CLINICA CIRÚRGICA;97
MOV;2025;8;PRÉ-PARTO;224
MOV;2025;8;UNIDADE DE CUIDADO INTERMEDIÁRIO NEONATAL CONVENCIONAL;9
MOV;2025;8;UNIDADE INTERNACAO ALTO-RISCO OBSTETRICO;67
MOV;2025;8;UTI - ADULTO;41
MOV;2025;8;UTI - NEONATAL;21
MOV;2025;9;ALOJAMENTO CONJUNTO;65
MOV;2025;9;CLINICA CIRÚRGICA;129
MOV;2025;9;PRÉ-PARTO;241
MOV;2025;9;UNIDADE DE CUIDADO INTERMEDIÁRIO NEONATAL CONVENCIONAL;10
MOV;2025;9;UNIDADE INTERNACAO ALTO-RISCO OBSTETRICO;67
MOV;2025;9;UTI - ADULTO;31
MOV;2025;9;UTI - NEONATAL;25
MOV;2025;10;ALOJAMENTO CONJUNTO;59
MOV;2025;10;CLINICA CIRÚRGICA;114
MOV;2025;10;PRÉ-PARTO;248
MOV;2025;10;UNIDADE DE CUIDADO INTERMEDIÁRIO NEONATAL CONVENCIONAL;17
MOV;2025;10;UNIDADE INTERNACAO ALTO-RISCO OBSTETRICO;75
MOV;2025;10;UTI - ADULTO;27
MOV;2025;10;UTI - NEONATAL;27
MOV;2025;11;ALOJAMENTO CONJUNTO;66
MOV;2025;11;CLINICA CIRÚRGICA;126
MOV;2025;11;PRÉ-PARTO;196
MOV;2025;11;UNIDADE DE CUIDADO INTERMEDIÁRIO NEONATAL CONVENCIONAL;18
MOV;2025;11;UNIDADE INTERNACAO ALTO-RISCO OBSTETRICO;66
MOV;2025;11;UTI - ADULTO;36
MOV;2025;11;UTI - NEONATAL;20
MOV;2025;12;ALOJAMENTO CONJUNTO;77
MOV;2025;12;CLINICA CIRÚRGICA;98
MOV;2025;12;PRÉ-PARTO;214
MOV;2025;12;UNIDADE DE CUIDADO INTERMEDIÁRIO NEONATAL CONVENCIONAL;19
MOV;2025;12;UNIDADE INTERNACAO ALTO-RISCO OBSTETRICO;71
MOV;2025;12;UTI - ADULTO;40
MOV;2025;12;UTI - NEONATAL;14
MOV;2026;1;ALOJAMENTO CONJUNTO;88
MOV;2026;1;CLINICA CIRÚRGICA;102
MOV;2026;1;PRÉ-PARTO;223
MOV;2026;1;UNIDADE DE CUIDADO INTERMEDIÁRIO NEONATAL CANGURU;1
MOV;2026;1;UNIDADE DE CUIDADO INTERMEDIÁRIO NEONATAL CONVENCIONAL;14
MOV;2026;1;UNIDADE INTERNACAO ALTO-RISCO OBSTETRICO;66
MOV;2026;1;UTI - ADULTO;37
MOV;2026;1;UTI - NEONATAL;24
MOV;2026;2;ALOJAMENTO CONJUNTO;76
MOV;2026;2;CLINICA CIRÚRGICA;150
MOV;2026;2;PRÉ-PARTO;213
MOV;2026;2;UNIDADE DE CUIDADO INTERMEDIÁRIO NEONATAL CONVENCIONAL;7
MOV;2026;2;UNIDADE INTERNACAO ALTO-RISCO OBSTETRICO;62
MOV;2026;2;UTI - ADULTO;37
MOV;2026;2;UTI - NEONATAL;26
MOV;2026;3;ALOJAMENTO CONJUNTO;98
MOV;2026;3;CLINICA CIRÚRGICA;165
MOV;2026;3;PRÉ-PARTO;232
MOV;2026;3;UNIDADE DE CUIDADO INTERMEDIÁRIO NEONATAL CONVENCIONAL;13
MOV;2026;3;UNIDADE INTERNACAO ALTO-RISCO OBSTETRICO;69
MOV;2026;3;UTI - ADULTO;35
MOV;2026;3;UTI - NEONATAL;31
MOV;2026;4;ALOJAMENTO CONJUNTO;85
MOV;2026;4;CLINICA CIRÚRGICA;129
MOV;2026;4;PRÉ-PARTO;211
MOV;2026;4;UNIDADE DE CUIDADO INTERMEDIÁRIO NEONATAL CONVENCIONAL;17
MOV;2026;4;UNIDADE INTERNACAO ALTO-RISCO OBSTETRICO;73
MOV;2026;4;UTI - ADULTO;40
MOV;2026;4;UTI - NEONATAL;16
MOV;2026;5;ALOJAMENTO CONJUNTO;97
MOV;2026;5;CLINICA CIRÚRGICA;144
MOV;2026;5;PRÉ-PARTO;217
MOV;2026;5;UNIDADE DE CUIDADO INTERMEDIÁRIO NEONATAL CANGURU;1
MOV;2026;5;UNIDADE DE CUIDADO INTERMEDIÁRIO NEONATAL CONVENCIONAL;15
MOV;2026;5;UNIDADE INTERNACAO ALTO-RISCO OBSTETRICO;66
MOV;2026;5;UTI - ADULTO;36
MOV;2026;5;UTI - NEONATAL;13
MOV;2026;6;ALOJAMENTO CONJUNTO;92
MOV;2026;6;CLINICA CIRÚRGICA;134
MOV;2026;6;PRÉ-PARTO;228
MOV;2026;6;UNIDADE DE CUIDADO INTERMEDIÁRIO NEONATAL CONVENCIONAL;9
MOV;2026;6;UNIDADE INTERNACAO ALTO-RISCO OBSTETRICO;61
MOV;2026;6;UTI - ADULTO;32
MOV;2026;6;UTI - NEONATAL;26
MOV;2026;7;ALOJAMENTO CONJUNTO;91
MOV;2026;7;CLINICA CIRÚRGICA;151
MOV;2026;7;PRÉ-PARTO;188
MOV;2026;7;UNIDADE DE CUIDADO INTERMEDIÁRIO NEONATAL CONVENCIONAL;8
MOV;2026;7;UNIDADE INTERNACAO ALTO-RISCO OBSTETRICO;71
MOV;2026;7;UTI - ADULTO;38
MOV;2026;7;UTI - NEONATAL;29
